CODSCUOLA;ANNOSCOLASTICO;AREAGEOGRAFICA;CAPSCUOLA;CODICECOMUNESCUOLA;CODICEISTITUTORIFERIMENTO;DENOMINAZIONEISTITUTORIFERIMENTO;DENOMINAZIONESCUOLA;DESCRIZIONECARATTERISTICASCUOLA;DESCRIZIONECOMUNE;DESCRIZIONETIPOLOGIAGRADOISTRUZIONESCUOLA;INDICAZIONESEDEDIRETTIVO;INDICAZIONESEDEOMNICOMPRENSIVO;INDIRIZZOEMAILSCUOLA;INDIRIZZOPECSCUOLA;INDIRIZZOSCUOLA;PROVINCIA;REGIONE;SEDESCOLASTICA;SITOWEBSCUOLA;bStatale;Long;Lat;ORDINESCUOLA;ALUNNI
MIEE8D001X;201617;NORD OVEST;20152,0;F205;MIIC8D000T;IC IQBAL MASIH/MILANO;VIA VITERBO - MILANO;NORMALE;MILANO;SCUOLA PRIMARIA;NO;Non Disponibile;MIIC8D000T@istruzione.it;Non Disponibile;VIA VITERBO 31;MILANO;LOMBARDIA;SI;http//www.icsiqbalmasih.gov.it;True;9,1076737;45,45614279999999;SCUOLA PRIMARIA;232
MIEE8CT01X;201617;NORD OVEST;20162,0;F205;MIIC8CT00T;IC VITTORIO LOCCHI/MILANO;VITTORIO LOCCHI - MILANO;NORMALE;MILANO;SCUOLA PRIMARIA;NO;Non Disponibile;MIIC8CT00T@istruzione.it;Non Disponibile;VIA PASSERINI 4 8;MILANO;LOMBARDIA;SI;www.comprensivolocchi.it;True;9,1934635;45,5155292;SCUOLA PRIMARIA;328
MIMM11300B;201617;NORD OVEST;20122,0;F205;MIMM11300B;"SMS VIA VIVAIO ""PER CIECHI""";"SMS VIA VIVAIO ""PER CIECHI""";PER CIECHI;MILANO;SCUOLA PRIMO GRADO;SI;Non Disponibile;MIMM11300B@istruzione.it;mimm11300b@pec.istruzione.it;VIA VIVAIO 7;MILANO;LOMBARDIA;SI;www.scuolavivaio.gov.it;True;9,2042;45,46863;SCUOLA SECONDARIA I GRADO;226
MIMM8FY01P;201617;NORD OVEST;20146,0;F205;MIIC8FY00N;I.C VIA VESPRI SICILIANI/MILANO;"SMS ""RINASCITA-A.LIVI""";SPERIMENTALE PER DM;MILANO;SCUOLA PRIMO GRADO;NO;Non Disponibile;MIIC8FY00N@istruzione.it;Non Disponibile;VIA CARRIERA ROSALBA N? 12/14;MILANO;LOMBARDIA;SI;WWW.ICSVESPRI.GOV;True;9,1436624;45,44693529999999;SCUOLA SECONDARIA I GRADO;250
MIEE8C0019;201617;NORD OVEST;20152,0;F205;MIIC8C0007;IC LUIGI EINAUDI /MILANO;"SCUOLA ELEMENTARE ""L. EINAUDI""";NORMALE;MILANO;SCUOLA PRIMARIA;NO;Non Disponibile;MIIC8C0007@istruzione.it;Non Disponibile;VIA VAL D'INTELVI 11;MILANO;LOMBARDIA;SI;www.icseinaudipascoli.gov.it;True;9,0873242;45,46046740000001;SCUOLA PRIMARIA;522
MIMM8C7013;201617;NORD OVEST;20153,0;F205;MIIC8C7002;I.C. LUCIANO MANARA;BENEDETTO MARCELLO;NORMALE;MILANO;SCUOLA PRIMO GRADO;NO;Non Disponibile;MIIC8C7002@istruzione.it;Non Disponibile;VIA BENJAMIN CONSTANT 19;MILANO;LOMBARDIA;SI;www.isitutolucianomanara.gov.it;True;9,1139315;45,4721945;SCUOLA SECONDARIA I GRADO;347
MIMM8CE01B;201617;NORD OVEST;20144,0;F205;MIIC8CE00A;"IC ""G. PASCOLI""/MILANO";ACHILLE MAURI;NORMALE;MILANO;SCUOLA PRIMO GRADO;NO;Non Disponibile;MIIC8CE00A@istruzione.it;Non Disponibile;VIA ANGELO MAURI 10;MILANO;LOMBARDIA;SI;www.icspascoli-mi.gov.it;True;9,161001800000001;45,4655604;SCUOLA SECONDARIA I GRADO;475
MIEE82001P;201617;NORD OVEST;20152,0;F205;MIIC82000L;IC BRUNO MUNARI/ MILANO;FRATELLI CERVI;NORMALE;MILANO;SCUOLA PRIMARIA;NO;Non Disponibile;MIIC82000L@istruzione.it;Non Disponibile;VIA DEI SALICI 2;MILANO;LOMBARDIA;SI;www.icbrunomunari.gov.it;True;9,0801697;45,4520442;SCUOLA PRIMARIA;324
MIEE8D102R;201617;NORD OVEST;20155,0;F205;MIIC8D100N;IC RINNOVATA PIZZIGONI/MILANO;DANTE ALIGHIERI;NORMALE;MILANO;SCUOLA PRIMARIA;NO;Non Disponibile;MIIC8D100N@istruzione.it;Non Disponibile;VIA MAC MAHON 100;MILANO;LOMBARDIA;SI;www.scuolarinnovata.it;True;9,1561459;45,4956182;SCUOLA PRIMARIA;242
MIEE8CR05C;201617;NORD OVEST;20161,0;F205;MIIC8CR006;IC SORELLE AGAZZI/ MILANO;P.ZZA GASPARRI - MILANO;NORMALE;MILANO;SCUOLA PRIMARIA;NO;Non Disponibile;MIIC8CR006@istruzione.it;Non Disponibile;P.ZZA GASPARRI 6;MILANO;LOMBARDIA;SI;www.icsorelleagazzi.gov.it;True;9,162136300000002;45,525729600000005;SCUOLA PRIMARIA;188
MIEE8D101Q;201617;NORD OVEST;20155,0;F205;MIIC8D100N;IC RINNOVATA PIZZIGONI/MILANO;RINNOVATA PIZZIGONI-MILANO;NORMALE;MILANO;SCUOLA PRIMARIA;NO;Non Disponibile;MIIC8D100N@istruzione.it;Non Disponibile;VIA C.DA CASTELLO 10;MILANO;LOMBARDIA;SI;www.scuolarinnovata.it;True;9,1586361;45,496284;SCUOLA PRIMARIA;609
MIEE8FW025;201617;NORD OVEST;20142,0;F205;MIIC8FW002;I.C. VIA ARCADIA - MILANO;VIA BARONI;NORMALE;MILANO;SCUOLA PRIMARIA;NO;Non Disponibile;MIIC8FW002@istruzione.it;Non Disponibile;VIA BARONI 73;MILANO;LOMBARDIA;SI;www.arcadia.gov.it;True;9,1704541;45,4113674;SCUOLA PRIMARIA;230
MIEE82002Q;201617;NORD OVEST;20152,0;F205;MIIC82000L;IC BRUNO MUNARI/ MILANO;N.TOMMASEO;NORMALE;MILANO;SCUOLA PRIMARIA;NO;Non Disponibile;MIIC82000L@istruzione.it;Non Disponibile;VIA MUGGIANO 14;MILANO;LOMBARDIA;SI;www.icbrunomunari.gov.it;True;9,07074;45,44891;SCUOLA PRIMARIA;95
MIMM8D001V;201617;NORD OVEST;20152,0;F205;MIIC8D000T;IC IQBAL MASIH/MILANO;SMS IQBAL MASIH -;NORMALE;MILANO;SCUOLA PRIMO GRADO;NO;Non Disponibile;MIIC8D000T@istruzione.it;Non Disponibile;VIA BIANCA MILESI 4;MILANO;LOMBARDIA;SI;www.icsiqbalmasih.gov.it;True;9,1031381;45,46030820000001;SCUOLA SECONDARIA I GRADO;417
MIEE8FW014;201617;NORD OVEST;20142,0;F205;MIIC8FW002;I.C. VIA ARCADIA - MILANO;VIA DELL'ARCADIA - MILANO;NORMALE;MILANO;SCUOLA PRIMARIA;NO;Non Disponibile;MIIC8FW002@istruzione.it;Non Disponibile;VIA DELL'ARCADIA;MILANO;LOMBARDIA;SI;www.arcadia.gov.it;True;9,171453;45,4168988;SCUOLA PRIMARIA;331
MIMM823015;201617;NORD OVEST;20139,0;F205;MIIC823004;I.C. MARCELLO CANDIA;I.C. MARCELLO CANDIA;NORMALE;MILANO;SCUOLA PRIMO GRADO;NO;Non Disponibile;MIIC823004@istruzione.it;Non Disponibile;VIA MINCIO 21;MILANO;LOMBARDIA;SI;www.icmarcellocandia.it;True;9,218294199999999;45,4391407;SCUOLA SECONDARIA I GRADO;330
MIEE8BB02B;201617;NORD OVEST;20123,0;F205;MIIC8BB008;IC A. DIAZ/MILANO;E.DE MARCHI;NORMALE;MILANO;SCUOLA PRIMARIA;NO;Non Disponibile;MIIC8BB008@istruzione.it;Non Disponibile;VIA SANT'ORSOLA 15;MILANO;LOMBARDIA;SI;www.icsdiaz.it;True;9,1805831;45,4626277;SCUOLA PRIMARIA;326
MIMM8CR017;201617;NORD OVEST;20161,0;F205;MIIC8CR006;IC SORELLE AGAZZI/ MILANO;GANDHI - RODARI;NORMALE;MILANO;SCUOLA PRIMO GRADO;NO;Non Disponibile;MIIC8CR006@istruzione.it;Non Disponibile;P.ZZA GASPARRI 6 - VIA GABBRO 6/A;MILANO;LOMBARDIA;SI;WWW.ICSORELLEAGAZZI.GOV.IT;True;9,1612847;45,5147258;SCUOLA SECONDARIA I GRADO;264
MIEE823027;201617;NORD OVEST;20139,0;F205;MIIC823004;I.C. MARCELLO CANDIA;I.C. MARCELLO CANDIA;NORMALE;MILANO;SCUOLA PRIMARIA;NO;Non Disponibile;MIIC823004@istruzione.it;Non Disponibile;VIA VALLARSA 19;MILANO;LOMBARDIA;SI;http//www.icmarcellocandia.it/;True;9,210021800000002;45,44263670000001;SCUOLA PRIMARIA;323
MIEE81401B;201617;NORD OVEST;20123,0;F205;MIIC814009;IC CAVALIERI/MILANO;ARIBERTO AGGR. SMS CAVALIERI-MI;NORMALE;MILANO;SCUOLA PRIMARIA;NO;Non Disponibile;MIIC814009@istruzione.it;Non Disponibile;VIA ARIBERTO INTIMIANO 14;MILANO;LOMBARDIA;SI;www.iccavalieri.gov.it;True;9,1733132;45,45892620000001;SCUOLA PRIMARIA;471
MIMM81401A;201617;NORD OVEST;20123,0;F205;MIIC814009;IC CAVALIERI/MILANO;CAVALIERI;NORMALE;MILANO;SCUOLA PRIMO GRADO;NO;Non Disponibile;MIIC814009@istruzione.it;Non Disponibile;VIA ANCO MARZIO 9;MILANO;LOMBARDIA;SI;www.iccavalieri.gov.it;True;9,170311500000002;45,4597805;SCUOLA SECONDARIA I GRADO;489
MIEE8BB01A;201617;NORD OVEST;20122,0;F205;MIIC8BB008;IC A. DIAZ/MILANO;A.DIAZ - MILANO;NORMALE;MILANO;SCUOLA PRIMARIA;NO;Non Disponibile;MIIC8BB008@istruzione.it;Non Disponibile;VIA CROCEFISSO 15;MILANO;LOMBARDIA;SI;www.icsdiaz.GOV.IT;True;9,1858051;45,45703169999999;SCUOLA PRIMARIA;471
MIEE8FW036;201617;NORD OVEST;20142,0;F205;MIIC8FW002;I.C. VIA ARCADIA - MILANO;VIA FERABOLI;NORMALE;MILANO;SCUOLA PRIMARIA;NO;Non Disponibile;MIIC8FW002@istruzione.it;Non Disponibile;VIA FERABOLI 44;MILANO;LOMBARDIA;SI;www.arcadia.gov.it;True;9,1702719;45,4146888;SCUOLA PRIMARIA;288
MIEE8CR04B;201617;NORD OVEST;20161,0;F205;MIIC8CR006;IC SORELLE AGAZZI/ MILANO;VIA GABBRO;NORMALE;MILANO;SCUOLA PRIMARIA;NO;Non Disponibile;MIIC8CR006@istruzione.it;Non Disponibile;VIA GABBRO 6;MILANO;LOMBARDIA;SI;WWW.ICSSORELLEAGAZZI.GOV.IT;True;9,1605159;45,5153296;SCUOLA PRIMARIA;214
MIMM8AG01T;201617;NORD OVEST;20157,0;F205;MIIC8AG00R;IC VIA VAL LAGARINA /MILANO;VICO;NORMALE;MILANO;SCUOLA PRIMO GRADO;NO;Non Disponibile;MIIC8AG00R@istruzione.it;Non Disponibile;VIA ORSINI FELICE 25;MILANO;LOMBARDIA;SI;www.icsviavallagarina.cov.it;True;9,1328774;45,5180797;SCUOLA SECONDARIA I GRADO;384
MIMM824011;201617;NORD OVEST;20154,0;F205;MIIC82400X;IC G.GIUSTI E C.D'ASSISI/MILANO;PANZINI;NORMALE;MILANO;SCUOLA PRIMO GRADO;NO;Non Disponibile;MIIC82400X@istruzione.it;Non Disponibile;VIA GIUSTI 15/A;MILANO;LOMBARDIA;SI;WWW.ICGIUSTI.IT;True;9,1768972;45,480106;SCUOLA SECONDARIA I GRADO;357
MIEE8AG02X;201617;NORD OVEST;20157,0;F205;MIIC8AG00R;IC VIA VAL LAGARINA /MILANO;GHERARDINI;NORMALE;MILANO;SCUOLA PRIMARIA;NO;Non Disponibile;MIIC8AG00R@istruzione.it;Non Disponibile;VIA CITTADINI 9;MILANO;LOMBARDIA;SI;www.icsviavallagarina.gov.it;True;9,1293898;45,5141234;SCUOLA PRIMARIA;231
MIEE8C301R;201617;NORD OVEST;20151,0;F205;MIIC8C300P;IC RICCARDO MASSA/MILANO;VIA BROCCHI - MILANO;NORMALE;MILANO;SCUOLA PRIMARIA;NO;Non Disponibile;MIIC8C300P@istruzione.it;Non Disponibile;VIA BROCCHI VIRGILIO5;MILANO;LOMBARDIA;SI;www.icriccardomassa.gov.it;True;9,11969;45,49306;SCUOLA PRIMARIA;455
MIEE824023;201617;NORD OVEST;20121,0;F205;MIIC82400X;IC G.GIUSTI E C.D'ASSISI/MILANO;CICERI VISCONTI;NORMALE;MILANO;SCUOLA PRIMARIA;NO;Non Disponibile;MIIC82400X@istruzione.it;Non Disponibile;VIA PALERMO 79;MILANO;LOMBARDIA;SI;www.icgiusti.it;True;9,1837949;45,4754029;SCUOLA PRIMARIA;369
MIEE823016;201617;NORD OVEST;20139,0;F205;MIIC823004;I.C. MARCELLO CANDIA;I.C. MARCELLO CANDIA;NORMALE;MILANO;SCUOLA PRIMARIA;NO;Non Disponibile;MIIC823004@istruzione.it;Non Disponibile;VIA POLESINE 12/14;MILANO;LOMBARDIA;SI;www.iclorenzinifeltre.it;True;9,22275;45,43934;SCUOLA PRIMARIA;338
MIEE8C402N;201617;NORD OVEST;20148,0;F205;MIIC8C400E;IC L.CADORNA/MILANO;L.CADORNA - MILANO;NORMALE;MILANO;SCUOLA PRIMARIA;NO;Non Disponibile;MIIC8C400E@istruzione.it;Non Disponibile;VIA DOLCI 5;MILANO;LOMBARDIA;SI;www.istitutocadorna.it;True;9,143046;45,4719907;SCUOLA PRIMARIA;449
MIEE8CD02N;201617;NORD OVEST;20136,0;F205;MIIC8CD00E;IC P.THOUAR E L.GONZAGA/MILANO;PIOLTI DE BIANCHI GASPARA;NORMALE;MILANO;SCUOLA PRIMARIA;NO;Non Disponibile;MIIC8CD00E@istruzione.it;Non Disponibile;VIA GENTILINO 14;MILANO;LOMBARDIA;SI;www.thouar-gonzaga.it;True;9,1824465;45,449065600000004;SCUOLA PRIMARIA;230
MIEE8C401L;201617;NORD OVEST;20148,0;F205;MIIC8C400E;IC L.CADORNA/MILANO;M.L.KING;NORMALE;MILANO;SCUOLA PRIMARIA;NO;Non Disponibile;MIIC8C400E@istruzione.it;Non Disponibile;P.ZZA SANTA MARIA NASCENTE30;MILANO;LOMBARDIA;SI;www.istitutocadorna.it;True;9,1352611;45,4866129;SCUOLA PRIMARIA;268
MIMM8DV012;201617;NORD OVEST;20125,0;F205;MIIC8DV001;IC FRANCESCHI/MILANO;FRANCESCHI;NORMALE;MILANO;SCUOLA PRIMO GRADO;NO;Non Disponibile;MIIC8DV001@istruzione.it;Non Disponibile;VIA CAGLIERO 20;MILANO;LOMBARDIA;SI;www.icrobertofranceschi.it;True;9,2015454;45,4967566;SCUOLA SECONDARIA I GRADO;501
MIEE8CD01L;201617;NORD OVEST;20136,0;F205;MIIC8CD00E;IC P.THOUAR E L.GONZAGA/MILANO;P.THOUAR E L.GONZAGA - MILANO;NORMALE;MILANO;SCUOLA PRIMARIA;NO;Non Disponibile;MIIC8CD00E@istruzione.it;Non Disponibile;VIA BRUNACCI 2/4;MILANO;LOMBARDIA;SI;www.thouar-gonzaga.it;True;9,177326400000002;45,44470820000001;SCUOLA PRIMARIA;330
MIMM8C401G;201617;NORD OVEST;20148,0;F205;MIIC8C400E;IC L.CADORNA/MILANO;RICCI;NORMALE;MILANO;SCUOLA PRIMO GRADO;NO;Non Disponibile;MIIC8C400E@istruzione.it;Non Disponibile;VIA LOVERE 4;MILANO;LOMBARDIA;SI;www.istitutocadorna.it;True;9,138484599999998;45,4847066;SCUOLA SECONDARIA I GRADO;325
MIEE8CD03P;201617;NORD OVEST;20144,0;F205;MIIC8CD00E;IC P.THOUAR E L.GONZAGA/MILANO;F.CONFORTI E B.AVOGADRO;NORMALE;MILANO;SCUOLA PRIMARIA;NO;Non Disponibile;MIIC8CD00E@istruzione.it;Non Disponibile;VIA VIGEVANO 19;MILANO;LOMBARDIA;SI;www.thouar-gonzaga.it;True;9,1735992;45,4525817;SCUOLA PRIMARIA;337
MIEE8DU017;201617;NORD OVEST;20139,0;F205;MIIC8DU005;IC R.PEZZANI/MILANO;R.PEZZANI - MILANO;NORMALE;MILANO;SCUOLA PRIMARIA;NO;Non Disponibile;MIIC8DU005@istruzione.it;Non Disponibile;VIA MARTINENGO36;MILANO;LOMBARDIA;SI;www.icpezzani.it;True;9,227936300000001;45,4429704;SCUOLA PRIMARIA;418
MIMM8BB019;201617;NORD OVEST;20123,0;F205;MIIC8BB008;IC A. DIAZ/MILANO;"SCUOLA MEDIA ""L.BELTRAMI""";NORMALE;MILANO;SCUOLA PRIMO GRADO;NO;Non Disponibile;MIIC8BB008@istruzione.it;Non Disponibile;PIAZZA CARDINAL G.MASSAIA 2 MILANO;MILANO;LOMBARDIA;SI;www.icsdiaz.gov.it;True;9,1812437;45,46158629999999;SCUOLA SECONDARIA I GRADO;551
MIMM8DW01T;201617;NORD OVEST;20137,0;F205;MIIC8DW00R;I.C. VIA DE ANDREIS /MILANO;ASCOLI - FRANCESCO D'ASSISI;NORMALE;MILANO;SCUOLA PRIMO GRADO;NO;Non Disponibile;MIIC8DW00R@istruzione.it;Non Disponibile;VIA DE ANDREIS 10;MILANO;LOMBARDIA;SI;www.icdeandreismilano.gov.it;True;9,2358273;45,46161970000001;SCUOLA SECONDARIA I GRADO;608
MIEE8D0032;201617;NORD OVEST;20152,0;F205;MIIC8D000T;IC IQBAL MASIH/MILANO;VIA VALDAGNO 8;NORMALE;MILANO;SCUOLA PRIMARIA;NO;Non Disponibile;MIIC8D000T@istruzione.it;Non Disponibile;VIA VALDAGNO 8;MILANO;LOMBARDIA;SI;http//www.icsiqbalmasih.gov.it;True;9,11196;45,46138999999999;SCUOLA PRIMARIA;180
MIEE8DW042;201617;NORD OVEST;20138,0;F205;MIIC8DW00R;I.C. VIA DE ANDREIS /MILANO;VIA MELERI - MILANO;NORMALE;MILANO;SCUOLA PRIMARIA;NO;Non Disponibile;MIIC8DW00R@istruzione.it;Non Disponibile;VIA MELERI 14;MILANO;LOMBARDIA;SI;www.icdeandreismilano.gov.it;True;9,247706800000001;45,456529700000004;SCUOLA PRIMARIA;252
MIEE8CZ01L;201617;NORD OVEST;20147,0;F205;MIIC8CZ00E;IC NARCISI/MILANO;VIA DEI NARCISI - MILANO;NORMALE;MILANO;SCUOLA PRIMARIA;NO;Non Disponibile;MIIC8CZ00E@istruzione.it;Non Disponibile;VIA DEI NARCISI 2;MILANO;LOMBARDIA;SI;www.istitutonarcisi.it;True;9,12878;45,449690000000004;SCUOLA PRIMARIA;297
MIEE8DV013;201617;NORD OVEST;20124,0;F205;MIIC8DV001;IC FRANCESCHI/MILANO;MURATORI E MENOTTI PIO;NORMALE;MILANO;SCUOLA PRIMARIA;NO;Non Disponibile;MIIC8DV001@istruzione.it;Non Disponibile;VIA E.MUZIO 5;MILANO;LOMBARDIA;SI;www.icrobertofranceschi.it;True;9,200391900000001;45,490770700000006;SCUOLA PRIMARIA;502
MIEE8AF024;201617;NORD OVEST;20157,0;F205;MIIC8AF001;IC VIA TRILUSSA / MILANO;VIA A.GRAF;NORMALE;MILANO;SCUOLA PRIMARIA;NO;Non Disponibile;MIIC8AF001@istruzione.it;Non Disponibile;VIA A.GRAF 70;MILANO;LOMBARDIA;SI;www.ictrilussa.milano.scuolaservizi.it;True;9,1455979;45,5128581;SCUOLA PRIMARIA;235
MIMM8CZ01G;201617;NORD OVEST;20147,0;F205;MIIC8CZ00E;IC NARCISI/MILANO;VIA ANEMONI 10;NORMALE;MILANO;SCUOLA PRIMO GRADO;NO;Non Disponibile;MIIC8CZ00E@istruzione.it;Non Disponibile;VIA ANEMONI 10;MILANO;LOMBARDIA;SI;www.istitutonarcisi.it;True;9,1296605;45,4547405;SCUOLA SECONDARIA I GRADO;327
MIEE8AF013;201617;NORD OVEST;20157,0;F205;MIIC8AF001;IC VIA TRILUSSA / MILANO;VIA TRILUSSA - MILANO;NORMALE;MILANO;SCUOLA PRIMARIA;NO;Non Disponibile;MIIC8AF001@istruzione.it;Non Disponibile;VIA TRILUSSA 10;MILANO;LOMBARDIA;SI;www.ictrilussa.milano.scuolaservizi.it;True;9,138789300000001;45,514499;SCUOLA PRIMARIA;218
MIMM8FP01V;201617;NORD OVEST;20158,0;F205;MIIC8FP00T;I.C. VIA MAFFUCCI/MILANO;VIA MAFFUCCI;NORMALE;MILANO;SCUOLA PRIMO GRADO;NO;Non Disponibile;MIIC8FP00T@istruzione.it;Non Disponibile;VIA MAFFUCCI 60;MILANO;LOMBARDIA;SI;MIIC8FP00T@ISTRUZIONE.IT;True;9,170880300000002;45,5021026;SCUOLA SECONDARIA I GRADO;543
MIEE8DX01P;201617;NORD OVEST;20137,0;F205;MIIC8DX00L;IC CINQUE GIORNATE/MILANO;CINQUE GIORNATE - MILANO;NORMALE;MILANO;SCUOLA PRIMARIA;NO;Non Disponibile;MIIC8DX00L@istruzione.it;Non Disponibile;VIA MUGELLO 5;MILANO;LOMBARDIA;SI;www.iccinquegiornate.gov.it;True;9,2235827;45,4612524;SCUOLA PRIMARIA;537
MIEE8FZ01G;201617;NORD OVEST;20146,0;F205;MIIC8FZ00D;I.C. PIAZZA SICILIA/MILANO;A.S.NOVARO E C.C.FERRUCCI-MILAN;NORMALE;MILANO;SCUOLA PRIMARIA;NO;Non Disponibile;MIIC8FZ00D@istruzione.it;Non Disponibile;PIAZZA SICILIA 2;MILANO;LOMBARDIA;SI;WWW.ICSPIAZZASICILIA.GOV.IT;True;9,153118800000001;45,4648387;SCUOLA PRIMARIA;854
MIMM8FZ01E;201617;NORD OVEST;20149,0;F205;MIIC8FZ00D;I.C. PIAZZA SICILIA/MILANO;MONTEVERDI;NORMALE;MILANO;SCUOLA PRIMO GRADO;NO;Non Disponibile;MIIC8FZ00D@istruzione.it;Non Disponibile;VIA V. COLONNA 42;MILANO;LOMBARDIA;SI;www.icspiazzasicilia.gov.it;True;9,1500014;45,4682911;SCUOLA SECONDARIA I GRADO;519
MIEE8D301B;201617;NORD OVEST;20133,0;F205;MIIC8D3009;I.C. A. SCARPA MILANO;A.SCARPA - MILANO;NORMALE;MILANO;SCUOLA PRIMARIA;NO;Non Disponibile;MIIC8D3009@istruzione.it;Non Disponibile;VIA CLERICETTI 22;MILANO;LOMBARDIA;SI;www.icscarpa.gov.it;True;9,2356939;45,4779175;SCUOLA PRIMARIA;296
MIMM8AF012;201617;NORD OVEST;20157,0;F205;MIIC8AF001;IC VIA TRILUSSA / MILANO;VIA GRAF;NORMALE;MILANO;SCUOLA PRIMO GRADO;NO;Non Disponibile;MIIC8AF001@istruzione.it;Non Disponibile;VIA GRAF 74;MILANO;LOMBARDIA;SI;www.ictrilussa.milano.scuolaservizi.it;True;9,1458392;45,512222799999996;SCUOLA SECONDARIA I GRADO;181
MIEE8D0021;201617;NORD OVEST;20152,0;F205;MIIC8D000T;IC IQBAL MASIH/MILANO;VIA FORZE ARMATE 279;NORMALE;MILANO;SCUOLA PRIMARIA;NO;Non Disponibile;MIIC8D000T@istruzione.it;Non Disponibile;VIA FORZE ARMATE 279;MILANO;LOMBARDIA;SI;http//www.icsiqbalmasih.gov.it;True;9,1035239;45,4593303;SCUOLA PRIMARIA;286
MIMM8CF017;201617;NORD OVEST;20161,0;F205;MIIC8CF006;IC C. CANTU'/MILANO;SABA;NORMALE;MILANO;SCUOLA PRIMO GRADO;NO;Non Disponibile;MIIC8CF006@istruzione.it;Non Disponibile;VIA DEL VOLGA 3;MILANO;LOMBARDIA;SI;www.icscantu.gov.it;True;9,172557000000001;45,5256112;SCUOLA SECONDARIA I GRADO;342
MIMM8D301A;201617;NORD OVEST;20133,0;F205;MIIC8D3009;I.C. A. SCARPA MILANO;B. CAIROLI;NORMALE;MILANO;SCUOLA PRIMO GRADO;NO;Non Disponibile;MIIC8D3009@istruzione.it;Non Disponibile;VIA PASCAL 35;MILANO;LOMBARDIA;SI;www.icscarpa.gov.it;True;9,2348095;45,478695200000004;SCUOLA SECONDARIA I GRADO;389
MIEE8BD012;201617;NORD OVEST;20121,0;F205;MIIC8BD00X;MILANO SPIGA ROSSARICASTIGLIONI;ICS MILANO SPIGA SPIGA;NORMALE;MILANO;SCUOLA PRIMARIA;NO;Non Disponibile;MIIC8BD00X@istruzione.it;Non Disponibile;VIA DELLA SPIGA 29;MILANO;LOMBARDIA;SI;http//www.icsmilanospiga.gov.it/;True;9,195582;45,4712105;SCUOLA PRIMARIA;138
MIEE8DD028;201617;NORD OVEST;20127,0;F205;MIIC8DD005;I.C. VIA GIACOSA 46/MILANO;VIA RUSSO - MILANO;NORMALE;MILANO;SCUOLA PRIMARIA;NO;Non Disponibile;MIIC8DD005@istruzione.it;Non Disponibile;VIA RUSSO 27;MILANO;LOMBARDIA;SI;WWW.casadelsoleonline.it;True;9,2282353;45,49785079999999;SCUOLA PRIMARIA;395
MIEE8DD017;201617;NORD OVEST;20127,0;F205;MIIC8DD005;I.C. VIA GIACOSA 46/MILANO;VIA GIACOSA - MILANO;NORMALE;MILANO;SCUOLA PRIMARIA;NO;Non Disponibile;MIIC8DD005@istruzione.it;Non Disponibile;VIA GIACOSA 46;MILANO;LOMBARDIA;SI;WWW.casadelsoleonline.it;True;9,221747500000001;45,4948693;SCUOLA PRIMARIA;567
MIMM8B601L;201617;NORD OVEST;20131,0;F205;MIIC8B600G;IC A.STOPPANI/MILANO;S. CATERINA DA SIENA;NORMALE;MILANO;SCUOLA PRIMO GRADO;NO;Non Disponibile;MIIC8B600G@istruzione.it;Non Disponibile;VIA MONTEVERDI 6;MILANO;LOMBARDIA;SI;www.icstoppani.it;True;9,2151814;45,481782700000004;SCUOLA SECONDARIA I GRADO;311
MIEE8FT01L;201617;NORD OVEST;20133,0;F205;MIIC8FT00E;I.C. P.ZA L.DA VINCI/MILANO;P.ZA LEONARDO DA VINCI;NORMALE;MILANO;SCUOLA PRIMARIA;NO;Non Disponibile;MIIC8FT00E@istruzione.it;Non Disponibile;PIAZZA LEONARDO DA VINCI 2;MILANO;LOMBARDIA;SI;www.icpiazzaleonardodavinci.gov.it;True;9,226036;45,477844899999994;SCUOLA PRIMARIA;854
MIMM8DX01N;201617;NORD OVEST;20137,0;F205;MIIC8DX00L;IC CINQUE GIORNATE/MILANO;VIA CIPRO;NORMALE;MILANO;SCUOLA PRIMO GRADO;NO;Non Disponibile;MIIC8DX00L@istruzione.it;Non Disponibile;VIA CIPRO 2;MILANO;LOMBARDIA;SI;www.iccinquegiornate.gov.it;True;9,222058800000001;45,461005799999995;SCUOLA SECONDARIA I GRADO;231
MIEE8CF029;201617;NORD OVEST;20161,0;F205;MIIC8CF006;IC C. CANTU'/MILANO;ANNA FRANK;NORMALE;MILANO;SCUOLA PRIMARIA;NO;Non Disponibile;MIIC8CF006@istruzione.it;Non Disponibile;VIA DORA BALTEA 16;MILANO;LOMBARDIA;SI;www.icscantu.gov.it;True;9,169212;45,52785610000001;SCUOLA PRIMARIA;313
MIEE8FS01R;201617;NORD OVEST;20122,0;F205;MIIC8FS00P;I.C. VIA DELLA COMMENDA /MILANO;C.PORTA - G.AGNESI;NORMALE;MILANO;SCUOLA PRIMARIA;NO;Non Disponibile;MIIC8FS00P@istruzione.it;Non Disponibile;VIA QUADRONNO 32;MILANO;LOMBARDIA;SI;WWW.ICSCOMMENDA.GOV.IT;True;9,1948489;45,4541155;SCUOLA PRIMARIA;480
MIEE8B602P;201617;NORD OVEST;20129,0;F205;MIIC8B600G;IC A.STOPPANI/MILANO;VIA MATTEUCCI 3;NORMALE;MILANO;SCUOLA PRIMARIA;NO;Non Disponibile;MIIC8B600G@istruzione.it;Non Disponibile;VIA MATTEUCCI 3;MILANO;LOMBARDIA;SI;www.icstoppani.it;True;9,2159347;45,481204600000005;SCUOLA PRIMARIA;523
MIEE8AN01G;201617;NORD OVEST;20138,0;F205;MIIC8AN00D;IC M.TERESA DI CALCUTTA/MILANO;LARGO GUERRIERI GONZAGA-MILANO;NORMALE;MILANO;SCUOLA PRIMARIA;NO;Non Disponibile;MIIC8AN00D@istruzione.it;Non Disponibile;LARGO GUERRIERI GONZAGA 4;MILANO;LOMBARDIA;SI;www.mtcalcutta.it;True;9,2508353;45,4451359;SCUOLA PRIMARIA;149
MIEE8CF018;201617;NORD OVEST;20161,0;F205;MIIC8CF006;IC C. CANTU'/MILANO;C.CANTU' - MILANO;NORMALE;MILANO;SCUOLA PRIMARIA;NO;Non Disponibile;MIIC8CF006@istruzione.it;Non Disponibile;VIA DEI BRASCHI 12;MILANO;LOMBARDIA;SI;www.icscantu.gov.it;True;9,1766784;45,5264222;SCUOLA PRIMARIA;307
MIEE8CY01R;201617;NORD OVEST;20142,0;F205;MIIC8CY00P;IC CAPPONI/MILANO;SCUOLA PRIMARIA GINO CAPPONI;NORMALE;MILANO;SCUOLA PRIMARIA;NO;Non Disponibile;MIIC8CY00P@istruzione.it;Non Disponibile;VIA PESTALOZZI 13;MILANO;LOMBARDIA;SI;www.icscapponi.it;True;9,155323699999999;45,4460945;SCUOLA PRIMARIA;320
MIEE30201R;201617;NORD OVEST;20122,0;F205;MIEE30200Q;E.SETTI CARRARO DALLA CHIESA/MI;SETTI CARRARO DALLA CHIESA - MI;ANN. A EDUCANDATO;MILANO;SCUOLA PRIMARIA;NO;Non Disponibile;MIEE30200Q@istruzione.it;Non Disponibile;VIA PASSIONE 12;MILANO;LOMBARDIA;SI;www.setticarraro.gov.it;True;9,2022883;45,464987;SCUOLA PRIMARIA;232
MIMM8FT01G;201617;NORD OVEST;20129,0;F205;MIIC8FT00E;I.C. P.ZA L.DA VINCI/MILANO;TIEPOLO;NORMALE;MILANO;SCUOLA PRIMO GRADO;NO;Non Disponibile;MIIC8FT00E@istruzione.it;Non Disponibile;PIAZZA ASCOLI 2;MILANO;LOMBARDIA;SI;WWW.ICPIAZZALEONARDODAVINCI.GOV.IT;True;9,2178409;45,4725919;SCUOLA SECONDARIA I GRADO;739
MIEE8F0015;201617;NORD OVEST;20149,0;F205;MIIC8F0003;I.C. VIA GATTAMELATA 35/MILANO;PIETRO MICCA - MILANO;NORMALE;MILANO;SCUOLA PRIMARIA;NO;Non Disponibile;MIIC8F0003@istruzione.it;Non Disponibile;VIA GATTAMELATA 35;MILANO;LOMBARDIA;SI;www.icsgattamelata.gov.it;True;9,1519025;45,48384919999999;SCUOLA PRIMARIA;695
MIEE8FU03E;201617;NORD OVEST;20133,0;F205;MIIC8FU00A;I.C. GUIDO GALLI;NOLLI ARQUATI;NORMALE;MILANO;SCUOLA PRIMARIA;NO;Non Disponibile;MIIC8FU00A@istruzione.it;Non Disponibile;VIALE ROMAGNA 16/18;MILANO;LOMBARDIA;SI;www.nolli-arquati.it;True;9,2243934;45,4707988;SCUOLA PRIMARIA;487
MIMM8DY01D;201617;NORD OVEST;20142,0;F205;MIIC8DY00C;IC S.AMBROGIO/MILANO;S.AMBROGIO;NORMALE;MILANO;SCUOLA PRIMO GRADO;NO;Non Disponibile;MIIC8DY00C@istruzione.it;Non Disponibile;VIA DE NICOLA 40;MILANO;LOMBARDIA;SI;www.comprensivosantabrogio.gov.it;True;9,1590906;45,429886100000004;SCUOLA SECONDARIA I GRADO;192
MIEE8DE013;201617;NORD OVEST;20122,0;F205;MIIC8DE001;OMNICOMPRENSIVO MUSICALE MILANO;OMNICOMPRENSIVO MUSICALE MILANO;NORMALE;MILANO;SCUOLA PRIMARIA;NO;Non Disponibile;MIIC8DE001@istruzione.it;Non Disponibile;VIA CORRIDONI 34-36;MILANO;LOMBARDIA;SI;WWW.icscuocosassi.it;True;9,203984599999998;45,463527500000005;SCUOLA PRIMARIA;383
MIMM8FS01Q;201617;NORD OVEST;20122,0;F205;MIIC8FS00P;I.C. VIA DELLA COMMENDA /MILANO;MAJNO;NORMALE;MILANO;SCUOLA PRIMO GRADO;NO;Non Disponibile;MIIC8FS00P@istruzione.it;Non Disponibile;VIA COMMENDA 22 A;MILANO;LOMBARDIA;SI;www.icscommenda.gov.it;True;9,1991752;45,455937799999994;SCUOLA SECONDARIA I GRADO;778
MIMM8CH01V;201617;NORD OVEST;20159,0;F205;MIIC8CH00T;IC CONFALONIERI/MILANO;R.GOVONE - PAVONI;NORMALE;MILANO;SCUOLA PRIMO GRADO;NO;Non Disponibile;MIIC8CH00T@istruzione.it;Non Disponibile;VIA PEPE 40;MILANO;LOMBARDIA;SI;www.istitutoconfalonieri.gov.;True;9,1835989;45,487432;SCUOLA SECONDARIA I GRADO;219
MIEE301011;201617;NORD OVEST;20123,0;F205;MIEE30100X;CONVITTO NAZ.LE LONGONE/ MILANO;CONVITTO NAZ. LONGONE - MILANO;ANNESSO A CONVITTO;MILANO;SCUOLA PRIMARIA;NO;Non Disponibile;MIEE30100X@istruzione.it;Non Disponibile;VIA DEGLI OLIVETANI 9;MILANO;LOMBARDIA;SI;www.convittolongone.it;True;9,1687866;45,4618696;SCUOLA PRIMARIA;97
MIEE8D202L;201617;NORD OVEST;20156,0;F205;MIIC8D200D;IC VIA CONSOLE MARCELLO/MILANO;CAPPELLINI;NORMALE;MILANO;SCUOLA PRIMARIA;NO;Non Disponibile;MIIC8D200D@istruzione.it;Non Disponibile;VIA DE ROSSI 2;MILANO;LOMBARDIA;SI;http//www.consolemarcello.gov.it/;True;9,14066;45,50097;SCUOLA PRIMARIA;326
MIEE8FU02D;201617;NORD OVEST;20133,0;F205;MIIC8FU00A;I.C. GUIDO GALLI;BONETTI;NORMALE;MILANO;SCUOLA PRIMARIA;NO;Non Disponibile;MIIC8FU00A@istruzione.it;Non Disponibile;VIA TAJANI 12;MILANO;LOMBARDIA;SI;www.nolli-arquati.it;True;9,2368496;45,4724711;SCUOLA PRIMARIA;191
MIEE8DY03L;201617;NORD OVEST;20142,0;F205;MIIC8DY00C;IC S.AMBROGIO/MILANO;G.FERRARIS;NORMALE;MILANO;SCUOLA PRIMARIA;NO;Non Disponibile;MIIC8DY00C@istruzione.it;Non Disponibile;VIA BARONA 70;MILANO;LOMBARDIA;SI;www.comprensivosantabrogio.gov.it;True;9,147733500000001;45,4322737;SCUOLA PRIMARIA;95
MIEE8CZ03P;201617;NORD OVEST;20147,0;F205;MIIC8CZ00E;IC NARCISI/MILANO;VIA ANEMONI;NORMALE;MILANO;SCUOLA PRIMARIA;NO;Non Disponibile;MIIC8CZ00E@istruzione.it;Non Disponibile;VIA ANEMONI 8;MILANO;LOMBARDIA;SI;www.istitutonarcisi.it;True;9,131301800000001;45,4549898;SCUOLA PRIMARIA;379
MIMM8C301Q;201617;NORD OVEST;20151,0;F205;MIIC8C300P;IC RICCARDO MASSA/MILANO;VIA QUARENGHI 14;NORMALE;MILANO;SCUOLA PRIMO GRADO;NO;Non Disponibile;MIIC8C300P@istruzione.it;Non Disponibile;VIA QUARENGHI 14;MILANO;LOMBARDIA;SI;www.icriccardomassa.mi.it;True;9,1193382;45,4947589;SCUOLA SECONDARIA I GRADO;494
MIMM8DD016;201617;NORD OVEST;20127,0;F205;MIIC8DD005;I.C. VIA GIACOSA 46/MILANO;CASA DEL SOLE;NORMALE;MILANO;SCUOLA PRIMO GRADO;NO;Non Disponibile;MIIC8DD005@istruzione.it;Non Disponibile;VIA GIACOSA 46;MILANO;LOMBARDIA;SI;WWW.casadelsoleonline.it;True;9,221747500000001;45,4948693;SCUOLA SECONDARIA I GRADO;375
MIMM8FU01B;201617;NORD OVEST;;F205;MIIC8FU00A;I.C. GUIDO GALLI;S.M.S. COVA;NORMALE;MILANO;SCUOLA PRIMO GRADO;NO;Non Disponibile;MIIC8FU00A@istruzione.it;Non Disponibile;VIA G. COVA 5;MILANO;LOMBARDIA;SI;www.nolli-arquati.it;True;9,236752800000001;45,46898839999999;SCUOLA SECONDARIA I GRADO;192
MIEE8CZ02N;201617;NORD OVEST;20147,0;F205;MIIC8CZ00E;IC NARCISI/MILANO;VIA PISA;NORMALE;MILANO;SCUOLA PRIMARIA;NO;Non Disponibile;MIIC8CZ00E@istruzione.it;Non Disponibile;VIA PISA 1;MILANO;LOMBARDIA;SI;www.istitutonarcisi.it;True;9,1211424;45,45316039999999;SCUOLA PRIMARIA;204
MIEE8D201G;201617;NORD OVEST;20156,0;F205;MIIC8D200D;IC VIA CONSOLE MARCELLO/MILANO;VIA CONSOLE MARCELLO - MILANO;NORMALE;MILANO;SCUOLA PRIMARIA;NO;Non Disponibile;MIIC8D200D@istruzione.it;Non Disponibile;VIA CONSOLE MARCELLO 9;MILANO;LOMBARDIA;SI;www.consolemarcello.gov.it;True;9,1484186;45,4988341;SCUOLA PRIMARIA;458
MIEE8C1015;201617;NORD OVEST;20151,0;F205;MIIC8C1003;IC G. BORSI/MILANO;G.BORSI - MILANO;NORMALE;MILANO;SCUOLA PRIMARIA;NO;Non Disponibile;MIIC8C1003@istruzione.it;Non Disponibile;VIA VISCONTINI 7;MILANO;LOMBARDIA;SI;www.istitutocomprensivoborsi.gov.it;True;9,105839300000001;45,490995399999996;SCUOLA PRIMARIA;195
MIMM8CY01Q;201617;NORD OVEST;20143,0;F205;MIIC8CY00P;IC CAPPONI/MILANO;GRAMSCI + GEMELLI;NORMALE;MILANO;SCUOLA PRIMO GRADO;NO;Non Disponibile;MIIC8CY00P@istruzione.it;Non Disponibile;VIA TOSI MALAGA 21;MILANO;LOMBARDIA;SI;www.icscapponi.it;True;9,1579629;45,4440958;SCUOLA SECONDARIA I GRADO;271
MIEE8AG01V;201617;NORD OVEST;20157,0;F205;MIIC8AG00R;IC VIA VAL LAGARINA /MILANO;VIA VAL LAGARINA - MILANO;NORMALE;MILANO;SCUOLA PRIMARIA;NO;Non Disponibile;MIIC8AG00R@istruzione.it;Non Disponibile;VIA VAL LAGARINA 44;MILANO;LOMBARDIA;SI;www.icsviavallagarina.gov.it;True;9,1350745;45,5204405;SCUOLA PRIMARIA;297
MIEE8FU01C;201617;NORD OVEST;20134,0;F205;MIIC8FU00A;I.C. GUIDO GALLI;E.TOTI;NORMALE;MILANO;SCUOLA PRIMARIA;NO;Non Disponibile;MIIC8FU00A@istruzione.it;Non Disponibile;VIA CIMA 15;MILANO;LOMBARDIA;SI;www.nolli-arquati.it;True;9,2472894;45,47190380000001;SCUOLA PRIMARIA;130
MIEE8DZ01A;201617;NORD OVEST;20142,0;F205;MIIC8DZ008;"IC.""ILARIA ALPI""MILANO";"""SANDRO PERTINI""";NORMALE;MILANO;SCUOLA PRIMARIA;NO;Non Disponibile;MIIC8DZ008@istruzione.it;Non Disponibile;VIA SALERNO 3;MILANO;LOMBARDIA;SI;www.icilariaalpi.gov.it;True;9,14875;45,4379;SCUOLA PRIMARIA;457
MIEE8D303D;201617;NORD OVEST;20134,0;F205;MIIC8D3009;I.C. A. SCARPA MILANO;VIA T.PINI - MILANO;NORMALE;MILANO;SCUOLA PRIMARIA;NO;Non Disponibile;MIIC8D3009@istruzione.it;Non Disponibile;VIA T.PINI3;MILANO;LOMBARDIA;SI;www.icscarpa.gov.it;True;103,581526;28,266740000000002;SCUOLA PRIMARIA;332
MIEE8CB011;201617;NORD OVEST;20136,0;F205;MIIC8CB00V;ICS JACOPO BAROZZI/MILANO;J.BAROZZI- MILANO;NORMALE;MILANO;SCUOLA PRIMARIA;NO;Non Disponibile;MIIC8CB00V@istruzione.it;Non Disponibile;VIA BOCCONI 17;MILANO;LOMBARDIA;SI;http//www.icsbarozzi.gov.it/;True;9,1908226;45,449202899999996;SCUOLA PRIMARIA;482
MIEE8C303V;201617;NORD OVEST;20151,0;F205;MIIC8C300P;IC RICCARDO MASSA/MILANO;VIA DELLE ANDE;NORMALE;MILANO;SCUOLA PRIMARIA;NO;Non Disponibile;MIIC8C300P@istruzione.it;Non Disponibile;VIA DELLE ANDE 4;MILANO;LOMBARDIA;SI;www.icriccardomassa.gov.it;True;9,125408300000002;45,4943763;SCUOLA PRIMARIA;282
MIMM8AN01E;201617;NORD OVEST;20138,0;F205;MIIC8AN00D;IC M.TERESA DI CALCUTTA/MILANO;MEDA FERRARIN;NORMALE;MILANO;SCUOLA PRIMO GRADO;NO;Non Disponibile;MIIC8AN00D@istruzione.it;Non Disponibile;VIA MONDOLFO 7;MILANO;LOMBARDIA;SI;www.mtcalcutta.it;True;9,253556800000002;45,447877000000005;SCUOLA SECONDARIA I GRADO;236
MIMM8D201E;201617;NORD OVEST;20156,0;F205;MIIC8D200D;IC VIA CONSOLE MARCELLO/MILANO;COLOMBO;NORMALE;MILANO;SCUOLA PRIMO GRADO;NO;Non Disponibile;MIIC8D200D@istruzione.it;Non Disponibile;VIA PIZZIGONI 9;MILANO;LOMBARDIA;SI;www.consolemarcello.gov.it;True;9,1468067;45,4984329;SCUOLA SECONDARIA I GRADO;352
MIMM8CB01X;201617;NORD OVEST;20136,0;F205;MIIC8CB00V;ICS JACOPO BAROZZI/MILANO;CONFALONIERI;NORMALE;MILANO;SCUOLA PRIMO GRADO;NO;Non Disponibile;MIIC8CB00V@istruzione.it;Non Disponibile;VIA VITTADINI 10;MILANO;LOMBARDIA;SI;www.icsbarozzi.gov.it;True;9,194019699999998;45,4492945;SCUOLA SECONDARIA I GRADO;529
MIEE8CS014;201617;NORD OVEST;20161,0;F205;MIIC8CS002;IC DON ORIONE/MILANO;DON ORIONE - MILANO;NORMALE;MILANO;SCUOLA PRIMARIA;NO;Non Disponibile;MIIC8CS002@istruzione.it;Non Disponibile;VIA FABRIANO 4;MILANO;LOMBARDIA;SI;www.icsdonorione.gov.it/;True;9,1750002;45,515698;SCUOLA PRIMARIA;344
MIEE8C302T;201617;NORD OVEST;20151,0;F205;MIIC8C300P;IC RICCARDO MASSA/MILANO;VIA QUARENGHI;NORMALE;MILANO;SCUOLA PRIMARIA;NO;Non Disponibile;MIIC8C300P@istruzione.it;Non Disponibile;VIA QUARENGHI 10;MILANO;LOMBARDIA;SI;www.icriccardomassa.gov.it;True;9,1208116;45,4948152;SCUOLA PRIMARIA;126
MIEE8AN02L;201617;NORD OVEST;20138,0;F205;MIIC8AN00D;IC M.TERESA DI CALCUTTA/MILANO;S.GIOVANNI BOSCO;NORMALE;MILANO;SCUOLA PRIMARIA;NO;Non Disponibile;MIIC8AN00D@istruzione.it;Non Disponibile;VIA SORDELLO 7;MILANO;LOMBARDIA;SI;www.mtcalcutta.it;True;9,2458145;45,4440384;SCUOLA PRIMARIA;194
MIMM01900D;201617;NORD OVEST;20122,0;F205;MIMM01900D;E. SETTI CARRARO DALLA CHIESA;E. SETTI CARRARO DALLA CHIESA;ANN. A EDUCANDATO;MILANO;SCUOLA PRIMO GRADO;NO;Non Disponibile;MIMM01900D@istruzione.it;Non Disponibile;VIA PASSIONE 12;MILANO;LOMBARDIA;SI;www.setticarraro.gov.it;True;9,2022883;45,464987;SCUOLA SECONDARIA I GRADO;145
MIEE81702X;201617;NORD OVEST;20127,0;F205;MIIC81700R;IC TEODORO CIRESOLA/MILANO;T. CIRESOLA ( EX V. GAMBARA );NORMALE;MILANO;SCUOLA PRIMARIA;NO;Non Disponibile;MIIC81700R@istruzione.it;Non Disponibile;V.LE BRIANZA 14;MILANO;LOMBARDIA;SI;www.icsciresola.gov.it;True;9,21348;45,487594200000004;SCUOLA PRIMARIA;351
MIMM8CS013;201617;NORD OVEST;20161,0;F205;MIIC8CS002;IC DON ORIONE/MILANO;L. DA VINCI;NORMALE;MILANO;SCUOLA PRIMO GRADO;NO;Non Disponibile;MIIC8CS002@istruzione.it;Non Disponibile;VIA SAND 32;MILANO;LOMBARDIA;SI;www.icdonorione.gov.it/;True;9,174077699999998;45,51896379999999;SCUOLA SECONDARIA I GRADO;390
MIEE8DQ02G;201617;NORD OVEST;20159,0;F205;MIIC8DQ00C;I.C. LOCATELLI-QUASIMODO;LOCATELLI - MILANO;NORMALE;MILANO;SCUOLA PRIMARIA;NO;Non Disponibile;MIIC8DQ00C@istruzione.it;Non Disponibile;VIA VEGLIA 80;MILANO;LOMBARDIA;SI;www.icslocatelli-quasimodo.gov.it;True;9,1963305;45,502756299999994;SCUOLA PRIMARIA;387
MIEE8CY02T;201617;NORD OVEST;20142,0;F205;MIIC8CY00P;IC CAPPONI/MILANO;SCUOLA PRIMARIA DOMENICO MORO;NORMALE;MILANO;SCUOLA PRIMARIA;NO;Non Disponibile;MIIC8CY00P@istruzione.it;Non Disponibile;VIA PESCARENICO 6;MILANO;LOMBARDIA;SI;www.icscapponi.it;True;9,1713081;45,4326979;SCUOLA PRIMARIA;343
MIEE8CB022;201617;NORD OVEST;20135,0;F205;MIIC8CB00V;ICS JACOPO BAROZZI/MILANO;G.ROMANO;NORMALE;MILANO;SCUOLA PRIMARIA;NO;Non Disponibile;MIIC8CB00V@istruzione.it;Non Disponibile;VIA G.ROMANO 2;MILANO;LOMBARDIA;SI;www.icsbarozzi.gov.it;True;9,1979061;45,4484375;SCUOLA PRIMARIA;245
MIMM023005;201617;NORD OVEST;20123,0;F205;MIMM023005;CONVITTO NAZ. LONGONE - S.M.;CONVITTO NAZ. LONGONE - S.M.;ANNESSO A CONVITTO;MILANO;SCUOLA PRIMO GRADO;NO;Non Disponibile;MIMM023005@istruzione.it;Non Disponibile;VIA OLIVETANI 9;MILANO;LOMBARDIA;SI;www.convittolongone.it;True;9,1687866;45,4618696;SCUOLA SECONDARIA I GRADO;168
MIEE81701V;201617;NORD OVEST;20127,0;F205;MIIC81700R;IC TEODORO CIRESOLA/MILANO;T. CIRESOLA (EX VENINI);NORMALE;MILANO;SCUOLA PRIMARIA;NO;Non Disponibile;MIIC81700R@istruzione.it;Non Disponibile;VIA VENINI 78/80;MILANO;LOMBARDIA;SI;www.icsciresola.gov.it;True;9,2171232;45,4943245;SCUOLA PRIMARIA;341
MIEE8AN03N;201617;NORD OVEST;20138,0;F205;MIIC8AN00D;IC M.TERESA DI CALCUTTA/MILANO;"""GUIDO UCELLI DI NEMI";NORMALE;MILANO;SCUOLA PRIMARIA;NO;Non Disponibile;MIIC8AN00D@istruzione.it;Non Disponibile;VIA UCELLI DI NEMI 54;MILANO;LOMBARDIA;SI;www.mtcalcutta.it;True;9,2638403;45,4377724;SCUOLA PRIMARIA;214
MIMM8F0014;201617;NORD OVEST;20148,0;F205;MIIC8F0003;I.C. VIA GATTAMELATA 35/MILANO;COLORNI;NORMALE;MILANO;SCUOLA PRIMO GRADO;NO;Non Disponibile;MIIC8F0003@istruzione.it;Non Disponibile;VIA P.UCCELLO 1/A;MILANO;LOMBARDIA;SI;www.icsgattamelata.gov.it;True;9,1470951;45,480841999999996;SCUOLA SECONDARIA I GRADO;464
MIMM8DR019;201617;NORD OVEST;20138,0;F205;MIIC8DR008;IC PASQUALE SOTTOCORNO/MILANO;VIA MONTE POPERA;NORMALE;MILANO;SCUOLA PRIMO GRADO;NO;Non Disponibile;MIIC8DR008@istruzione.it;Non Disponibile;VIA MONTE POPERA 12;MILANO;LOMBARDIA;SI;www.icsottocorno.gov.it;True;9,2463129;45,43126289999999;SCUOLA SECONDARIA I GRADO;262
MIEE8DR01A;201617;NORD OVEST;20139,0;F205;MIIC8DR008;IC PASQUALE SOTTOCORNO/MILANO;P.SOTTOCORNO;NORMALE;MILANO;SCUOLA PRIMARIA;NO;Non Disponibile;MIIC8DR008@istruzione.it;Non Disponibile;VIA MONTE PIANA 11;MILANO;LOMBARDIA;SI;www.icsottocorno.gov.it;True;9,2470594;45,430705700000004;SCUOLA PRIMARIA;442
MIMM8CX01X;201617;NORD OVEST;20141,0;F205;MIIC8CX00V;IC FABIO FILZI/MILANO;TOSCANINI;NORMALE;MILANO;SCUOLA PRIMO GRADO;NO;Non Disponibile;MIIC8CX00V@istruzione.it;Non Disponibile;VIA DEI GUARNERI 21;MILANO;LOMBARDIA;SI;www.icsfilzi.it;True;9,2049778;45,4260709;SCUOLA SECONDARIA I GRADO;287
MIEE8DF01V;201617;NORD OVEST;20162,0;F205;MIIC8DF00R;IC SANDRO PERTINI/MILANO;SANDRO PERTINI;NORMALE;MILANO;SCUOLA PRIMARIA;NO;Non Disponibile;MIIC8DF00R@istruzione.it;Non Disponibile;VIA THOMAS MANN 8;MILANO;LOMBARDIA;SI;http//www.icpertinimilano.gov.it/;True;9,2093882;45,5244651;SCUOLA PRIMARIA;194
MIMM81701T;201617;NORD OVEST;20127,0;F205;MIIC81700R;IC TEODORO CIRESOLA/MILANO;T. CIRESOLA;NORMALE;MILANO;SCUOLA PRIMO GRADO;NO;Non Disponibile;MIIC81700R@istruzione.it;Non Disponibile;VIALE BRIANZA 18;MILANO;LOMBARDIA;SI;www.icsciresola.gov.it;True;9,2129338;45,487936499999996;SCUOLA SECONDARIA I GRADO;404
MIEE8CT021;201617;NORD OVEST;20162,0;F205;MIIC8CT00T;IC VITTORIO LOCCHI/MILANO;DUCA DEGLI ABRUZZI;NORMALE;MILANO;SCUOLA PRIMARIA;NO;Non Disponibile;MIIC8CT00T@istruzione.it;Non Disponibile;VIA CESARI 38;MILANO;LOMBARDIA;SI;www.istitutocomprensivolocchi.it;True;9,18665;45,51955;SCUOLA PRIMARIA;474
MIEE8DQ01E;201617;NORD OVEST;20125,0;F205;MIIC8DQ00C;I.C. LOCATELLI-QUASIMODO;G.RODARI;NORMALE;MILANO;SCUOLA PRIMARIA;NO;Non Disponibile;MIIC8DQ00C@istruzione.it;Non Disponibile;VIA BOTTELLI 3;MILANO;LOMBARDIA;SI;www.icslocatelli-quasimodo.gov.it;True;9,210086800000001;45,503262899999996;SCUOLA PRIMARIA;224
MIMM8DF01T;201617;NORD OVEST;20162,0;F205;MIIC8DF00R;IC SANDRO PERTINI/MILANO;VIA ASTURIE-VIA MANN;NORMALE;MILANO;SCUOLA PRIMO GRADO;NO;Non Disponibile;MIIC8DF00R@istruzione.it;Non Disponibile;VIA THOMAS MANN 8;MILANO;LOMBARDIA;SI;http//www.icpertinimilano.gov.it/;True;9,2093882;45,5244651;SCUOLA SECONDARIA I GRADO;470
MIEE824012;201617;NORD OVEST;20154,0;F205;MIIC82400X;IC G.GIUSTI E C.D'ASSISI/MILANO;G.GIUSTI E C.D'ASSISI - MILANO;NORMALE;MILANO;SCUOLA PRIMARIA;NO;Non Disponibile;MIIC82400X@istruzione.it;Non Disponibile;VIA GIUSTI 15;MILANO;LOMBARDIA;SI;www.icgiusti.it;True;9,1768972;45,480106;SCUOLA PRIMARIA;490
MIEE8C1037;201617;NORD OVEST;20151,0;F205;MIIC8C1003;IC G. BORSI/MILANO;VIA A.VISCONTI;NORMALE;MILANO;SCUOLA PRIMARIA;NO;Non Disponibile;MIIC8C1003@istruzione.it;Non Disponibile;VIA A.VISCONTI 16;MILANO;LOMBARDIA;SI;www.istitutocomprensivoborsi.gov.it;True;9,102706900000001;45,5030344;SCUOLA PRIMARIA;170
MIMM8DQ01D;201617;NORD OVEST;20125,0;F205;MIIC8DQ00C;I.C. LOCATELLI-QUASIMODO;QUASIMODO/TOMMASEO;NORMALE;MILANO;SCUOLA PRIMO GRADO;NO;Non Disponibile;MIIC8DQ00C@istruzione.it;Non Disponibile;VIA DELLA GIUSTIZIA 6;MILANO;LOMBARDIA;SI;www.icslocatelli-quasimodo.gov.it;True;9,207425500000001;45,4990501;SCUOLA SECONDARIA I GRADO;517
MIEE8DF031;201617;NORD OVEST;20162,0;F205;MIIC8DF00R;IC SANDRO PERTINI/MILANO;G.PIRELLI;NORMALE;MILANO;SCUOLA PRIMARIA;NO;Non Disponibile;MIIC8DF00R@istruzione.it;Non Disponibile;VIA GOFFREDO DA BUSSERO 9;MILANO;LOMBARDIA;SI;http//www.icpertinimilano.gov.it/;True;9,2056299;45,518980299999996;SCUOLA PRIMARIA;360
MIEE8C1026;201617;NORD OVEST;20151,0;F205;MIIC8C1003;IC G. BORSI/MILANO;VIA CILEA - MILANO;NORMALE;MILANO;SCUOLA PRIMARIA;NO;Non Disponibile;MIIC8C1003@istruzione.it;Non Disponibile;VIA CILEA 12;MILANO;LOMBARDIA;SI;www.istitutocomprensivoborsi.gov.it;True;9,10525;45,49719;SCUOLA PRIMARIA;124
MIMM81901D;201617;NORD OVEST;20126,0;F205;MIIC81900C;IC I.CALVINO;I. CALVINO;NORMALE;MILANO;SCUOLA PRIMO GRADO;NO;Non Disponibile;MIIC81900C@istruzione.it;Non Disponibile;VIA FRIGIA 4;MILANO;LOMBARDIA;SI;www.icsfrigia.it;True;9,22176;45,51477;SCUOLA SECONDARIA I GRADO;407
MIEE8C7047;201617;NORD OVEST;20153,0;F205;MIIC8C7002;I.C. LUCIANO MANARA;PRIMARIA EDUCAZIONE SPORT E MUSICA;NORMALE;MILANO;SCUOLA PRIMARIA;NO;Non Disponibile;MIIC8C7002@istruzione.it;Non Disponibile;VIA SAN GIUSTO 65;MILANO;LOMBARDIA;SI;WWW.ISTITUTOLUCIANOMANARA.GOV.IT;True;9,1176666;45,4713419;SCUOLA PRIMARIA;222
MIMM8C1014;201617;NORD OVEST;20151,0;F205;MIIC8C1003;IC G. BORSI/MILANO;VIA OJETTI 13;NORMALE;MILANO;SCUOLA PRIMO GRADO;NO;Non Disponibile;MIIC8C1003@istruzione.it;Non Disponibile;VIA OJETTI 13;MILANO;LOMBARDIA;SI;www.istitutocomprensivoborsi.gov.it;True;9,112158;45,4940736;SCUOLA SECONDARIA I GRADO;398
MIEE8C1048;201617;NORD OVEST;20153,0;F205;MIIC8C1003;IC G. BORSI/MILANO;I.NIEVO;NORMALE;MILANO;SCUOLA PRIMARIA;NO;Non Disponibile;MIIC8C1003@istruzione.it;Non Disponibile;VIA SILLA 150;MILANO;LOMBARDIA;SI;www.istitutocomprensivoborsi.gov.it;True;9,0772353;45,4940114;SCUOLA PRIMARIA;91
MIEE8FP021;201617;NORD OVEST;20158,0;F205;MIIC8FP00T;I.C. VIA MAFFUCCI/MILANO;VIA BODIO;NORMALE;MILANO;SCUOLA PRIMARIA;NO;Non Disponibile;MIIC8FP00T@istruzione.it;Non Disponibile;VIA BODIO 22;MILANO;LOMBARDIA;SI;www.icmaffucci.gov.it;True;9,1686619;45,49761470000001;SCUOLA PRIMARIA;476
MIEE8C7014;201617;NORD OVEST;20153,0;F205;MIIC8C7002;I.C. LUCIANO MANARA;PRIMARIA LUCIANO MANARA;NORMALE;MILANO;SCUOLA PRIMARIA;NO;Non Disponibile;MIIC8C7002@istruzione.it;Non Disponibile;VIA LAMENNAIS20;MILANO;LOMBARDIA;SI;www.istitutolucianomanara.gov.it;True;9,113024699999999;45,473406;SCUOLA PRIMARIA;242
MIMM8B9014;201617;NORD OVEST;20135,0;F205;MIIC8B9003;IC E.MOROSINI E B.SAVOIA/MILANO;MANARA CARMELITA;NORMALE;MILANO;SCUOLA PRIMO GRADO;NO;Non Disponibile;MIIC8B9003@istruzione.it;Non Disponibile;VIA BEZZECCA 20;MILANO;LOMBARDIA;SI;WWW.ICMOROSINIMANARA.GOV.IT;True;9,2135665;45,46082029999999;SCUOLA SECONDARIA I GRADO;392
MIEE8FP01X;201617;NORD OVEST;20158,0;F205;MIIC8FP00T;I.C. VIA MAFFUCCI/MILANO;VIA GUICCIARDI - MILANO;NORMALE;MILANO;SCUOLA PRIMARIA;NO;Non Disponibile;MIIC8FP00T@istruzione.it;Non Disponibile;VIA GUICCIARDI;MILANO;LOMBARDIA;SI;MIIC8FP@ISTRUZIONE.IT;True;9,1728026;45,502599700000005;SCUOLA PRIMARIA;436
MIEE8CS036;201617;NORD OVEST;20161,0;F205;MIIC8CS002;IC DON ORIONE/MILANO;F.CARACCIOLO;NORMALE;MILANO;SCUOLA PRIMARIA;NO;Non Disponibile;MIIC8CS002@istruzione.it;Non Disponibile;VIA ISEO 7;MILANO;LOMBARDIA;SI;www.icsdonorione.gov.it/;True;9,1737772;45,5200159;SCUOLA PRIMARIA;395
MIMM82001N;201617;NORD OVEST;20152,0;F205;MIIC82000L;IC BRUNO MUNARI/ MILANO;CESARE CORRENTI;NORMALE;MILANO;SCUOLA PRIMO GRADO;NO;Non Disponibile;MIIC82000L@istruzione.it;Non Disponibile;VIA BETULLE 17;MILANO;LOMBARDIA;SI;www.icbrunomunari.gov.it;True;9,0814122;45,45294759999999;SCUOLA SECONDARIA I GRADO;380
MIMM8BD011;201617;NORD OVEST;20121,0;F205;MIIC8BD00X;MILANO SPIGA ROSSARICASTIGLIONI;ICS MILANO SPIGA (PARINI SMS);NORMALE;MILANO;SCUOLA PRIMO GRADO;NO;Non Disponibile;MIIC8BD00X@istruzione.it;Non Disponibile;VIA S.SPIRITO 21;MILANO;LOMBARDIA;SI;WWW.ICSMILANOSPIGA.GOV.IT;True;9,195619;45,4706719;SCUOLA SECONDARIA I GRADO;440
MIEE8DY01E;201617;NORD OVEST;20142,0;F205;MIIC8DY00C;IC S.AMBROGIO/MILANO;DE NICOLA - MILANO;NORMALE;MILANO;SCUOLA PRIMARIA;NO;Non Disponibile;MIIC8DY00C@istruzione.it;Non Disponibile;VIA DE NICOLA 2;MILANO;LOMBARDIA;SI;www.comprensivosantabrogio.gov.it;True;9,15509;45,43159;SCUOLA PRIMARIA;204
MIMM815016;201617;NORD OVEST;20146,0;F205;MIIC815005;"IC ""CARDARELLI MASSAUA""-MILANO";CARDARELLI;NORMALE;MILANO;SCUOLA PRIMO GRADO;NO;Non Disponibile;MIIC815005@istruzione.it;Non Disponibile;VIA SCROSATI 4;MILANO;LOMBARDIA;SI;http//cardarelli-massaua.gov.it;True;9,1392945;45,45415939999999;SCUOLA SECONDARIA I GRADO;442
MIEE8C7025;201617;NORD OVEST;20153,0;F205;MIIC8C7002;I.C. LUCIANO MANARA;C. POMA;NORMALE;MILANO;SCUOLA PRIMARIA;NO;Non Disponibile;MIIC8C7002@istruzione.it;Non Disponibile;VIA AIRAGHI 42;MILANO;LOMBARDIA;SI;www.istitutolucianomanara.gov.it;True;9,0851251;45,4763579;SCUOLA PRIMARIA;140
MIEE8BD023;201617;NORD OVEST;20121,0;F205;MIIC8BD00X;MILANO SPIGA ROSSARICASTIGLIONI;IC MILANO SPIGA A. DA GIUSSANO;NORMALE;MILANO;SCUOLA PRIMARIA;NO;Non Disponibile;MIIC8BD00X@istruzione.it;Non Disponibile;BASTIONI DI PORTA NUOVA 4;MILANO;LOMBARDIA;SI;http//www.icsmilanospiga.gov.it/;True;9,1912102;45,4800215;SCUOLA PRIMARIA;147
MIMM8CG013;201617;NORD OVEST;20161,0;F205;MIIC8CG002;IC VIA SCIALOIA/MILANO;BUONARROTI;NORMALE;MILANO;SCUOLA PRIMO GRADO;NO;Non Disponibile;MIIC8CG002@istruzione.it;Non Disponibile;VIA SCIALOIA 21;MILANO;LOMBARDIA;SI;www.icscialoia.gov.it;True;9,1796136;45,5086747;SCUOLA SECONDARIA I GRADO;231
MIEE815017;201617;NORD OVEST;20146,0;F205;MIIC815005;"IC ""CARDARELLI MASSAUA""-MILANO";MI-MASSAUA AGGR. SMS CARDARELLI;NORMALE;MILANO;SCUOLA PRIMARIA;NO;Non Disponibile;MIIC815005@istruzione.it;Non Disponibile;VIA MASSAUA 5;MILANO;LOMBARDIA;SI;htpp//www.cardarelli-massaua.gov.it;True;9,1483172;45,460750899999994;SCUOLA PRIMARIA;421
MIEE8CX022;201617;NORD OVEST;20141,0;F205;MIIC8CX00V;IC FABIO FILZI/MILANO;ERMANNO WOLF FERRARI;NORMALE;MILANO;SCUOLA PRIMARIA;NO;Non Disponibile;MIIC8CX00V@istruzione.it;Non Disponibile;VIA WOLF FERRARI 6;MILANO;LOMBARDIA;SI;www.icsfilzi.it;True;9,2045002;45,4309665;SCUOLA PRIMARIA;558
MIEE8DZ03C;201617;NORD OVEST;20142,0;F205;MIIC8DZ008;"IC.""ILARIA ALPI""MILANO";G.CASATI;NORMALE;MILANO;SCUOLA PRIMARIA;NO;Non Disponibile;MIIC8DZ008@istruzione.it;Non Disponibile;VIA S.COLOMBANO 9;MILANO;LOMBARDIA;SI;www.icilariaalpi.gov.it;True;9,1269602;45,43866;SCUOLA PRIMARIA;115
MIEE8CX011;201617;NORD OVEST;20139,0;F205;MIIC8CX00V;IC FABIO FILZI/MILANO;FABIO FILZI - MILANO;NORMALE;MILANO;SCUOLA PRIMARIA;NO;Non Disponibile;MIIC8CX00V@istruzione.it;Non Disponibile;VIA RAVENNA 15;MILANO;LOMBARDIA;SI;www.icsfilzi.it;True;9,2211877;45,434138899999994;SCUOLA PRIMARIA;182
MIMM8B701C;201617;NORD OVEST;20129,0;F205;MIIC8B700B;IC PISACANE E POERIO/MILANO;LOCATELLI - ORIANI;NORMALE;MILANO;SCUOLA PRIMO GRADO;NO;Non Disponibile;MIIC8B700B@istruzione.it;Non Disponibile;VIA PISACANE 13;MILANO;LOMBARDIA;SI;www.icpisacanepoerio.gov.it;True;9,2108616;45,470352;SCUOLA SECONDARIA I GRADO;446
MIEE8DZ02B;201617;NORD OVEST;20142,0;F205;MIIC8DZ008;"IC.""ILARIA ALPI""MILANO";TRE CASTELLI;NORMALE;MILANO;SCUOLA PRIMARIA;NO;Non Disponibile;MIIC8DZ008@istruzione.it;Non Disponibile;VIA BALSAMO CRIVELLI 3;MILANO;LOMBARDIA;SI;www.icilariaalpi.gov.it;True;9,1377031;45,4390755;SCUOLA PRIMARIA;306
MIMM8DE012;201617;NORD OVEST;20122,0;F205;MIIC8DE001;OMNICOMPRENSIVO MUSICALE MILANO;"SCUOLA MEDIA ""G.VERDI""";NORMALE;MILANO;SCUOLA PRIMO GRADO;NO;Non Disponibile;MIIC8DE001@istruzione.it;Non Disponibile;VIA CORRIDONI 34/36;MILANO;LOMBARDIA;SI;www.icscuocosassi.it;True;9,203984599999998;45,463527500000005;SCUOLA SECONDARIA I GRADO;271
MIMM8DZ019;201617;NORD OVEST;20142,0;F205;MIIC8DZ008;"IC.""ILARIA ALPI""MILANO";VIA SALERNO;NORMALE;MILANO;SCUOLA PRIMO GRADO;NO;Non Disponibile;MIIC8DZ008@istruzione.it;Non Disponibile;VIA SALERNO 1;MILANO;LOMBARDIA;SI;www.icilariaalpi.gov.it;True;9,148601600000001;45,4378059;SCUOLA SECONDARIA I GRADO;573
MIEE8B701D;201617;NORD OVEST;20129,0;F205;MIIC8B700B;IC PISACANE E POERIO/MILANO;PISACANE E POERIO - MILANO;NORMALE;MILANO;SCUOLA PRIMARIA;NO;Non Disponibile;MIIC8B700B@istruzione.it;Non Disponibile;VIA PISACANE 9;MILANO;LOMBARDIA;SI;www.icpisacanepoerio.gov.it;True;9,211002699999998;45,4696919;SCUOLA PRIMARIA;663
MIEE8CG014;201617;NORD OVEST;20161,0;F205;MIIC8CG002;IC VIA SCIALOIA/MILANO;VIA SCIALOIA - MILANO;NORMALE;MILANO;SCUOLA PRIMARIA;NO;Non Disponibile;MIIC8CG002@istruzione.it;Non Disponibile;VIA SCIALOIA 19;MILANO;LOMBARDIA;SI;www.icscialoia.gov.it;True;9,1794848;45,50923419999999;SCUOLA PRIMARIA;342
MIEE8B601N;201617;NORD OVEST;20129,0;F205;MIIC8B600G;IC A.STOPPANI/MILANO;VIA STOPPANI - MILANO;NORMALE;MILANO;SCUOLA PRIMARIA;NO;Non Disponibile;MIIC8B600G@istruzione.it;Non Disponibile;VIA STOPPANI 1;MILANO;LOMBARDIA;SI;www.icstoppani.gov.it;True;9,211711300000001;45,4761739;SCUOLA PRIMARIA;447
MIMM80901V;201617;NORD OVEST;20141,0;F205;MIIC80900T;"IC ""E. MORANTE""/MILANO";MORANTE;NORMALE;MILANO;SCUOLA PRIMO GRADO;NO;Non Disponibile;MIIC80900T@istruzione.it;Non Disponibile;VIA HEINE 2;MILANO;LOMBARDIA;SI;www.icselsamorante.it;True;9,193769900000001;45,4390578;SCUOLA SECONDARIA I GRADO;140
MIEE8CH021;201617;NORD OVEST;20159,0;F205;MIIC8CH00T;IC CONFALONIERI/MILANO;R.LAMBRUSCHINI;NORMALE;MILANO;SCUOLA PRIMARIA;NO;Non Disponibile;MIIC8CH00T@istruzione.it;Non Disponibile;VIA CRESPI 1;MILANO;LOMBARDIA;SI;www.istitutoconfalonieri.gov.it;True;9,186003300000001;45,49867860000001;SCUOLA PRIMARIA;317
MIEE306036;201617;NORD OVEST;20128,0;F205;MIEE306003;CD G.B.PERASSO / MILANO;BOTTEGO;NORMALE;MILANO;SCUOLA PRIMARIA;NO;Non Disponibile;MIEE306003@istruzione.it;Non Disponibile;VIA SAN MAMETE 11;MILANO;LOMBARDIA;SI;www.ddperasso.gov.it;True;9,247972099999998;45,5110184;SCUOLA PRIMARIA;442
MIEE8CH01X;201617;NORD OVEST;20159,0;F205;MIIC8CH00T;IC CONFALONIERI/MILANO;F.CONFALONIERI - MILANO;NORMALE;MILANO;SCUOLA PRIMARIA;NO;Non Disponibile;MIIC8CH00T@istruzione.it;Non Disponibile;VIA DAL VERME 10;MILANO;LOMBARDIA;SI;www.istitutoconfalonieri.gov.it;True;9,187949900000001;45,4872903;SCUOLA PRIMARIA;381
MIMM8FW013;201617;NORD OVEST;20142,0;F205;MIIC8FW002;I.C. VIA ARCADIA - MILANO;ARCADIA;NORMALE;MILANO;SCUOLA PRIMO GRADO;NO;Non Disponibile;MIIC8FW002@istruzione.it;Non Disponibile;VIA DELL'ARCADIA 24;MILANO;LOMBARDIA;SI;www.arcadia.gov.it;True;9,1721413;45,4170778;SCUOLA SECONDARIA I GRADO;388
MIEE8B802A;201617;NORD OVEST;20137,0;F205;MIIC8B8007;IC TOMMASO GROSSI/MILANO;OTTOLINI BELGIOIOSO;NORMALE;MILANO;SCUOLA PRIMARIA;NO;Non Disponibile;MIIC8B8007@istruzione.it;Non Disponibile;VIA COLLETTA 49/51;MILANO;LOMBARDIA;SI;www.icgrossimilano.it;True;9,2118379;45,4489417;SCUOLA PRIMARIA;435
MIEE306014;201617;NORD OVEST;20132,0;F205;MIEE306003;CD G.B.PERASSO / MILANO;G.B.PERASSO - MILANO;NORMALE;MILANO;SCUOLA PRIMARIA;NO;Non Disponibile;MIEE306003@istruzione.it;Non Disponibile;VIA BOTTEGO 4;MILANO;LOMBARDIA;SI;www.ddperasso.gov.it;True;9,2438854;45,5036677;SCUOLA PRIMARIA;384
MIEE8B8019;201617;NORD OVEST;20137,0;F205;MIIC8B8007;IC TOMMASO GROSSI/MILANO;TOMMASO GROSSI - MILANO;NORMALE;MILANO;SCUOLA PRIMARIA;NO;Non Disponibile;MIIC8B8007@istruzione.it;Non Disponibile;VIA MONTE VELINO 2 4;MILANO;LOMBARDIA;SI;www.icgrossimilano.it;True;9,224815199999998;45,452904499999995;SCUOLA PRIMARIA;331
MIMM8DG01N;201617;NORD OVEST;20126,0;F205;MIIC8DG00L;IC ARBE ZARA/MILANO;VIALE SARCA -MILANO;NORMALE;MILANO;SCUOLA PRIMO GRADO;NO;Non Disponibile;MIIC8DG00L@istruzione.it;Non Disponibile;VIALE SARCA 24;MILANO;LOMBARDIA;SI;www.icarbezara.gov.it;True;9,2030264;45,5055843;SCUOLA SECONDARIA I GRADO;212
MIEE8FV029;201617;NORD OVEST;20142,0;F205;MIIC8FV006;I.C VIA PALMIERI - MILANO;C.PERONI;NORMALE;MILANO;SCUOLA PRIMARIA;NO;Non Disponibile;MIIC8FV006@istruzione.it;Non Disponibile;VIA SAN GIACOMO 1;MILANO;LOMBARDIA;SI;www.icviapalmieri.gov.it;True;9,173110000000001;45,429990000000004;SCUOLA PRIMARIA;336
MIEE8FV018;201617;NORD OVEST;20141,0;F205;MIIC8FV006;I.C VIA PALMIERI - MILANO;C. BATTISTI - MILANO;NORMALE;MILANO;SCUOLA PRIMARIA;NO;Non Disponibile;MIIC8FV006@istruzione.it;Non Disponibile;VIA PALMIERI 24;MILANO;LOMBARDIA;SI;www.icvapalmieri.gov.it;True;9,1784593;45,434746600000004;SCUOLA PRIMARIA;335
MIEE81902G;201617;NORD OVEST;20126,0;F205;MIIC81900C;IC I.CALVINO;MI/S.UGUZZONE AGGR.SMS CALVINO;NORMALE;MILANO;SCUOLA PRIMARIA;NO;Non Disponibile;MIIC81900C@istruzione.it;Non Disponibile;VIA SANT'UGUZZONE10;MILANO;LOMBARDIA;SI;www.icsfrigia.it;True;9,2256112;45,520708899999995;SCUOLA PRIMARIA;166
MIEE8F201R;201617;NORD OVEST;20154,0;F205;MIIC8F200P;I.C. VIA LINNEO/MILANO;F.APORTI - MILANO;NORMALE;MILANO;SCUOLA PRIMARIA;NO;Non Disponibile;MIIC8F200P@istruzione.it;Non Disponibile;VIA MANTEGNA 10;MILANO;LOMBARDIA;SI;www.icvialinneo.gov.it;True;9,1680338;45,4834912;SCUOLA PRIMARIA;498
MIMM8B8018;201617;NORD OVEST;20137,0;F205;MIIC8B8007;IC TOMMASO GROSSI/MILANO;TITO LIVIO;NORMALE;MILANO;SCUOLA PRIMO GRADO;NO;Non Disponibile;MIIC8B8007@istruzione.it;Non Disponibile;MONTE VELINO 2;MILANO;LOMBARDIA;SI;WWW.ICGROSSIMILANO.IT;True;9,224815199999998;45,452904499999995;SCUOLA SECONDARIA I GRADO;212
MIEE8DG03R;201617;NORD OVEST;20126,0;F205;MIIC8DG00L;IC ARBE ZARA/MILANO;C.POERIO;NORMALE;MILANO;SCUOLA PRIMARIA;NO;Non Disponibile;MIIC8DG00L@istruzione.it;Non Disponibile;VIA PIANELL 40;MILANO;LOMBARDIA;SI;www.icarbezara.gov.it;True;9,2035371;45,5079719;SCUOLA PRIMARIA;342
MIEE81901E;201617;NORD OVEST;20126,0;F205;MIIC81900C;IC I.CALVINO;MI-MATTEI AGGR. S.M.S. CALVINO;NORMALE;MILANO;SCUOLA PRIMARIA;NO;Non Disponibile;MIIC81900C@istruzione.it;Non Disponibile;VIA MATTEI12;MILANO;LOMBARDIA;SI;www.icsfrigia.it;True;9,2230896;45,51456659999999;SCUOLA PRIMARIA;418
MIEE8DG01P;201617;NORD OVEST;20125,0;F205;MIIC8DG00L;IC ARBE ZARA/MILANO;ARBE ZARA - MILANO;NORMALE;MILANO;SCUOLA PRIMARIA;NO;Non Disponibile;MIIC8DG00L@istruzione.it;Non Disponibile;VIALE ZARA 96;MILANO;LOMBARDIA;SI;www.icarbezara.gov.it;True;9,195745;45,4965746;SCUOLA PRIMARIA;470
MIEE8DY02G;201617;NORD OVEST;20142,0;F205;MIIC8DY00C;IC S.AMBROGIO/MILANO;SAN PAOLINO;NORMALE;MILANO;SCUOLA PRIMARIA;NO;Non Disponibile;MIIC8DY00C@istruzione.it;Non Disponibile;VIA DE NICOLA 40;MILANO;LOMBARDIA;SI;www.comprensivosantabrogio.gov.it;True;9,1590906;45,429886100000004;SCUOLA PRIMARIA;119
MIEE81903L;201617;NORD OVEST;20128,0;F205;MIIC81900C;IC I.CALVINO;MI/CARNOVALI AGGR. SMS CALVINO;NORMALE;MILANO;SCUOLA PRIMARIA;NO;Non Disponibile;MIIC81900C@istruzione.it;Non Disponibile;VIA CARNOVALI 19;MILANO;LOMBARDIA;SI;www.icsfrigia.it;True;9,23012;45,5129729;SCUOLA PRIMARIA;111
MIEE809021;201617;NORD OVEST;20141,0;F205;MIIC80900T;"IC ""E. MORANTE""/MILANO";MI/BOGNETTI AGGR. SMS HEINE;NORMALE;MILANO;SCUOLA PRIMARIA;NO;Non Disponibile;MIIC80900T@istruzione.it;Non Disponibile;VIA BOGNETTI N.15;MILANO;LOMBARDIA;SI;www.icselsamorante.it;True;9,1902327;45,43788;SCUOLA PRIMARIA;276
MIEE8D4017;201617;NORD OVEST;20132,0;F205;MIIC8D4005;I.C. VIA MANIAGO/MILANO;"SCUOLA PRIMARIA ""E. FERMI""";NORMALE;MILANO;SCUOLA PRIMARIA;NO;Non Disponibile;MIIC8D4005@istruzione.it;Non Disponibile;VIA CARNIA 32;MILANO;LOMBARDIA;SI;http//www.icsbuzzati.gov.it;True;9,2364067;45,49515170000001;SCUOLA PRIMARIA;327
MIEE8C6029;201617;NORD OVEST;20151,0;F205;MIIC8C6006;"IC ""VIA PARETO""/MILANO";VIA PARETO - MILANO;NORMALE;MILANO;SCUOLA PRIMARIA;NO;Non Disponibile;MIIC8C6006@istruzione.it;Non Disponibile;VIA PARETO 26;MILANO;LOMBARDIA;SI;www.icspareto.gov.it;True;9,125986300000001;45,5027588;SCUOLA PRIMARIA;157
MIMM8D4016;201617;NORD OVEST;20134,0;F205;MIIC8D4005;I.C. VIA MANIAGO/MILANO;BUZZATI;NORMALE;MILANO;SCUOLA PRIMO GRADO;NO;Non Disponibile;MIIC8D4005@istruzione.it;Non Disponibile;VIA MANIAGO30;MILANO;LOMBARDIA;SI;www.icsbuzzati.gov.it;True;9,239765400000001;45,48937189999999;SCUOLA SECONDARIA I GRADO;455
MIEE8C6018;201617;NORD OVEST;20151,0;F205;MIIC8C6006;"IC ""VIA PARETO""/MILANO";VIA MAGREGLIO;NORMALE;MILANO;SCUOLA PRIMARIA;NO;Non Disponibile;MIIC8C6006@istruzione.it;Non Disponibile;VIA MAGREGLIO 1;MILANO;LOMBARDIA;SI;www.icspareto.gov.it;True;9,132437;45,4962147;SCUOLA PRIMARIA;208
MIEE8B4023;201617;NORD OVEST;20124,0;F205;MIIC8B400X;IC LUIGI GALVANI/MILANO;LUIGI GALVANI;NORMALE;MILANO;SCUOLA PRIMARIA;NO;Non Disponibile;MIIC8B400X@istruzione.it;Non Disponibile;VIA GALVANI 7;MILANO;LOMBARDIA;SI;ww.icgalvani.gov.it;True;9,200091800000001;45,4857805;SCUOLA PRIMARIA;255
MIMM8DS01E;201617;NORD OVEST;20153,0;F205;MIIC8DS00D;IC PRIMO LEVI/MILANO;PRIMO LEVI;NORMALE;MILANO;SCUOLA PRIMO GRADO;NO;Non Disponibile;MIIC8DS00D@istruzione.it;Non Disponibile;VIA PISTOIA 30;MILANO;LOMBARDIA;SI;http//icsprimolevi.gov.it;True;9,0894982;45,462478600000004;SCUOLA SECONDARIA I GRADO;407
MIEE8D4028;201617;NORD OVEST;20134,0;F205;MIIC8D4005;I.C. VIA MANIAGO/MILANO;SCUOLA PRIMARIA B.MUNARI;NORMALE;MILANO;SCUOLA PRIMARIA;NO;Non Disponibile;MIIC8D4005@istruzione.it;Non Disponibile;VIA FELTRE 68/1;MILANO;LOMBARDIA;SI;icsbuzzati.gov.it;True;9,2443742;45,4911041;SCUOLA PRIMARIA;403
MIEE8CV019;201617;NORD OVEST;20128,0;F205;MIIC8CV007;IC PAOLO E LARISSA PINI/MILANO;PAOLO E LARISSA PINI - MILANO;NORMALE;MILANO;SCUOLA PRIMARIA;NO;Non Disponibile;MIIC8CV007@istruzione.it;Non Disponibile;VIA STEFANARDO VIMERCATE14;MILANO;LOMBARDIA;SI;www.icspini.net;True;9,226329400000001;45,506348700000004;SCUOLA PRIMARIA;82
MIMM8C6017;201617;NORD OVEST;20151,0;F205;MIIC8C6006;"IC ""VIA PARETO""/MILANO";VIA GALLARATE 15;NORMALE;MILANO;SCUOLA PRIMO GRADO;NO;Non Disponibile;MIIC8C6006@istruzione.it;Non Disponibile;VIA GALLARATE 15;MILANO;LOMBARDIA;SI;www.icspareto.gov.it;True;9,1409067;45,4938093;SCUOLA SECONDARIA I GRADO;411
MIMM8CV018;201617;NORD OVEST;20128,0;F205;MIIC8CV007;IC PAOLO E LARISSA PINI/MILANO;TREVISANI - SCAETTA;NORMALE;MILANO;SCUOLA PRIMO GRADO;NO;Non Disponibile;MIIC8CV007@istruzione.it;Non Disponibile;VIA CESALPINO 40;MILANO;LOMBARDIA;SI;www.icspini.net;True;9,231655900000002;45,507467999999996;SCUOLA SECONDARIA I GRADO;526
MIMM8F101X;201617;NORD OVEST;20147,0;F205;MIIC8F100V;F.S. CABRINI;E. DE MARCHI JUNIOR - T. GULLI;NORMALE;MILANO;SCUOLA PRIMO GRADO;NO;Non Disponibile;MIIC8F100V@istruzione.it;Non Disponibile;VIA CRIMEA 22;MILANO;LOMBARDIA;SI;wwwdemarchi-gulli.gov.it;True;9,1302427;45,461059399999996;SCUOLA SECONDARIA I GRADO;885
MIEE8CV03E;201617;NORD OVEST;20128,0;F205;MIIC8CV007;IC PAOLO E LARISSA PINI/MILANO;MARTIRI DI GORLA;NORMALE;MILANO;SCUOLA PRIMARIA;NO;Non Disponibile;MIIC8CV007@istruzione.it;Non Disponibile;VIA CESALPINO 38;MILANO;LOMBARDIA;SI;www.icspini.net;True;9,2324076;45,50775489999999;SCUOLA PRIMARIA;475
MIMM8DU016;201617;NORD OVEST;20139,0;F205;MIIC8DU005;IC R.PEZZANI/MILANO;VIA MARTINENGO;NORMALE;MILANO;SCUOLA PRIMO GRADO;NO;Non Disponibile;MIIC8DU005@istruzione.it;Non Disponibile;VIA MARTINENGO 34/6;MILANO;LOMBARDIA;SI;www.icpezzani.it;True;9,227772900000001;45,442632700000004;SCUOLA SECONDARIA I GRADO;527
MIEE8CV02A;201617;NORD OVEST;20126,0;F205;MIIC8CV007;IC PAOLO E LARISSA PINI/MILANO;F.CRISPI;NORMALE;MILANO;SCUOLA PRIMARIA;NO;Non Disponibile;MIIC8CV007@istruzione.it;Non Disponibile;VIA SANT'ERLEMBARDO 4;MILANO;LOMBARDIA;SI;www.icspini.net;True;9,21962;45,505023200000004;SCUOLA PRIMARIA;232
MIEE8DU028;201617;NORD OVEST;20139,0;F205;MIIC8DU005;IC R.PEZZANI/MILANO;VIA PUGLIE;NORMALE;MILANO;SCUOLA PRIMARIA;NO;Non Disponibile;MIIC8DU005@istruzione.it;Non Disponibile;VIA PUGLIE 4;MILANO;LOMBARDIA;SI;www.icpezzani.it;True;9,22428;45,444759999999995;SCUOLA PRIMARIA;342
MIMM8FV017;201617;NORD OVEST;20142,0;F205;MIIC8FV006;I.C VIA PALMIERI - MILANO;PERTINI;NORMALE;MILANO;SCUOLA PRIMO GRADO;NO;Non Disponibile;MIIC8FV006@istruzione.it;Non Disponibile;VIA BOIFAVA 52;MILANO;LOMBARDIA;SI;www.icviapalmieri.gov.it;True;9,173035800000001;45,42687960000001;SCUOLA SECONDARIA I GRADO;431
MIEE80901X;201617;NORD OVEST;20141,0;F205;MIIC80900T;"IC ""E. MORANTE""/MILANO";ANTONINI AGGR. SMS HEINE-MILANO;NORMALE;MILANO;SCUOLA PRIMARIA;NO;Non Disponibile;MIIC80900T@istruzione.it;Non Disponibile;VIA ANTONINI 50;MILANO;LOMBARDIA;SI;www.icselsamorante.it;True;9,1949252;45,4369909;SCUOLA PRIMARIA;132
MIMM8CW014;201617;NORD OVEST;20131,0;F205;MIIC8CW003;IC Q.DI VONA-TITO SPERI/MILANO;QUINTINO DI VONA;NORMALE;MILANO;SCUOLA PRIMO GRADO;NO;Non Disponibile;MIIC8CW003@istruzione.it;Non Disponibile;VIA ANTONIO SACCHINI 34;MILANO;LOMBARDIA;SI;www.divonasperi.it;True;9,2202608;45,48674320000001;SCUOLA SECONDARIA I GRADO;857
MIEE8DS01G;201617;NORD OVEST;20153,0;F205;MIIC8DS00D;IC PRIMO LEVI/MILANO;CARLO ZIMA E ANITA GARIBALDI;NORMALE;MILANO;SCUOLA PRIMARIA;NO;Non Disponibile;MIIC8DS00D@istruzione.it;Non Disponibile;VIA ANSELMO DA BAGGIO 60;MILANO;LOMBARDIA;SI;http//icsprimolevimilano.gov.it;True;9,0872293;45,4640721;SCUOLA PRIMARIA;294
MIMM8F201Q;201617;NORD OVEST;20145,0;F205;MIIC8F200P;I.C. VIA LINNEO/MILANO;VIA MOSCATI-MAMELI;NORMALE;MILANO;SCUOLA PRIMO GRADO;NO;Non Disponibile;MIIC8F200P@istruzione.it;Non Disponibile;VIA C.LINNEO 2;MILANO;LOMBARDIA;SI;www.icvialinneo.gov.it;True;9,1633795;45,4778569;SCUOLA SECONDARIA I GRADO;879
MIEE8F202T;201617;NORD OVEST;20154,0;F205;MIIC8F200P;I.C. VIA LINNEO/MILANO;P.MOSCATI E B.M.SFORZA;NORMALE;MILANO;SCUOLA PRIMARIA;NO;Non Disponibile;MIIC8F200P@istruzione.it;Non Disponibile;VIA MOSCATI 1;MILANO;LOMBARDIA;SI;www.icvialinneo.gov.it;True;9,1692365;45,4788481;SCUOLA PRIMARIA;414
MIEE8B4012;201617;NORD OVEST;20123,0;F205;MIIC8B400X;IC LUIGI GALVANI/MILANO;M.DI SAVOIA E C.BORROMEO;NORMALE;MILANO;SCUOLA PRIMARIA;NO;Non Disponibile;MIIC8B400X@istruzione.it;Non Disponibile;VIA FELICE CASATI 6;MILANO;LOMBARDIA;SI;ww.icgalvani.gov.it;True;9,206996400000001;45,4772624;SCUOLA PRIMARIA;254
MIMM8B4011;201617;NORD OVEST;20124,0;F205;MIIC8B400X;IC LUIGI GALVANI/MILANO;S.M.S. S.GREGORIO;NORMALE;MILANO;SCUOLA PRIMO GRADO;NO;Non Disponibile;MIIC8B400X@istruzione.it;Non Disponibile;VIA SAN GREGORIO 5;MILANO;LOMBARDIA;SI;ww.icgalvani.gov.it;True;9,207220800000002;45,4780814;SCUOLA SECONDARIA I GRADO;291
MIEE8F1011;201617;NORD OVEST;20147,0;F205;MIIC8F100V;F.S. CABRINI;F.S.CABRINI - MILANO;NORMALE;MILANO;SCUOLA PRIMARIA;NO;Non Disponibile;MIIC8F100V@istruzione.it;Non Disponibile;VIA DELLE FORZE ARMATE 65;MILANO;LOMBARDIA;SI;www.icscabrini.gov.it;True;9,129719900000001;45,4628494;SCUOLA PRIMARIA;591
MIMM8C501B;201617;NORD OVEST;20148,0;F205;MIIC8C500A;IC S.GIUSEPPE CALASANZIO/MILANO;NEGRI;NORMALE;MILANO;SCUOLA PRIMO GRADO;NO;Non Disponibile;MIIC8C500A@istruzione.it;Non Disponibile;PIAZZA AXUM 5;MILANO;LOMBARDIA;SI;www.istitutocalasanzio.it;True;9,1231485;45,4758326;SCUOLA SECONDARIA I GRADO;370
MIEE8B9015;201617;NORD OVEST;20135,0;F205;MIIC8B9003;IC E.MOROSINI E B.SAVOIA/MILANO;E.MOROSINI E B.SAVOIA-MILANO;NORMALE;MILANO;SCUOLA PRIMARIA;NO;Non Disponibile;MIIC8B9003@istruzione.it;Non Disponibile;VIA MOROSINI 11 13;MILANO;LOMBARDIA;SI;www.icmorosinimanara.GOV.it;True;9,2114327;45,4602701;SCUOLA PRIMARIA;585
MIEE8DW01V;201617;NORD OVEST;20133,0;F205;MIIC8DW00R;I.C. VIA DE ANDREIS /MILANO;S.QUASIMODO;NORMALE;MILANO;SCUOLA PRIMARIA;NO;Non Disponibile;MIIC8DW00R@istruzione.it;Non Disponibile;VIA MEZZOFANTI 23;MILANO;LOMBARDIA;SI;www.icdeandreismilano.gov.it;True;9,234507699999998;45,4647679;SCUOLA PRIMARIA;254
MIEE8CW015;201617;NORD OVEST;20131,0;F205;MIIC8CW003;IC Q.DI VONA-TITO SPERI/MILANO;TITO SPERI - MILANO;NORMALE;MILANO;SCUOLA PRIMARIA;NO;Non Disponibile;MIIC8CW003@istruzione.it;Non Disponibile;VIA PORPORA 11;MILANO;LOMBARDIA;SI;www.divonasperi.it;True;9,220645800000002;45,486158700000004;SCUOLA PRIMARIA;366
MIMM8D101P;201617;NORD OVEST;20155,0;F205;MIIC8D100N;IC RINNOVATA PIZZIGONI/MILANO;PUECHER;NORMALE;MILANO;SCUOLA PRIMO GRADO;NO;Non Disponibile;MIIC8D100N@istruzione.it;Non Disponibile;VIA CASTELLINO DA CASTELLO 9;MILANO;LOMBARDIA;SI;www.scuolarinnovata.it;True;9,15806;45,4961975;SCUOLA SECONDARIA I GRADO;401
MIEE8DA01Q;201617;NORD OVEST;20146,0;F205;MIIC8DA00N;LEONE TOLSTOJ;VIA ZUARA 9/MILANO;NORMALE;MILANO;SCUOLA PRIMARIA;NO;Non Disponibile;MIIC8DA00N@istruzione.it;Non Disponibile;VIA ZUARA 9;MILANO;LOMBARDIA;SI;icsviazuara.org;True;9,1494301;45,456925399999996;SCUOLA PRIMARIA;471
MIEE8FX021;201617;NORD OVEST;20144,0;F205;MIIC8FX00T;I.C. VIA MOISE' LORIA;VIA FOPPETTE;NORMALE;MILANO;SCUOLA PRIMARIA;NO;Non Disponibile;MIIC8FX00T@istruzione.it;Non Disponibile;VIA FOPPETTE 1;MILANO;LOMBARDIA;SI;www.icsmoiseloria.gov.it;True;9,1565815;45,45139879999999;SCUOLA PRIMARIA;208
MIEE8DW031;201617;NORD OVEST;20138,0;F205;MIIC8DW00R;I.C. VIA DE ANDREIS /MILANO;VIA DEC.AL VALOR CIVILE;NORMALE;MILANO;SCUOLA PRIMARIA;NO;Non Disponibile;MIIC8DW00R@istruzione.it;Non Disponibile;VIA DEC.AL VALOR CIVILE 10;MILANO;LOMBARDIA;SI;www.icdeandreismilano.gov.it;True;9,2417991;45,460160200000004;SCUOLA PRIMARIA;232
MIEE8FX01X;201617;NORD OVEST;20144,0;F205;MIIC8FX00T;I.C. VIA MOISE' LORIA;G.OBERDAN E C.A.PORZI;NORMALE;MILANO;SCUOLA PRIMARIA;NO;Non Disponibile;MIIC8FX00T@istruzione.it;Non Disponibile;VIA BERGOGNONE 2 /4;MILANO;LOMBARDIA;SI;WWW.icsmoiseloria.gov.it;True;9,161693;45,456573600000006;SCUOLA PRIMARIA;513
MIMM8DA01P;201617;NORD OVEST;20146,0;F205;MIIC8DA00N;LEONE TOLSTOJ;VIA ZUARA 7/MILANO;NORMALE;MILANO;SCUOLA PRIMO GRADO;NO;Non Disponibile;MIIC8DA00N@istruzione.it;Non Disponibile;VIA ZUARA 7;MILANO;LOMBARDIA;SI;ICSTOLSTOJ.gov.it;True;9,150105;45,4564044;SCUOLA SECONDARIA I GRADO;385
MIEE8C502D;201617;NORD OVEST;20148,0;F205;MIIC8C500A;IC S.GIUSEPPE CALASANZIO/MILANO;G.L.RADICE - MILANO;NORMALE;MILANO;SCUOLA PRIMARIA;NO;Non Disponibile;MIIC8C500A@istruzione.it;Non Disponibile;VIA PARAVIA 83;MILANO;LOMBARDIA;SI;www.istitutocalasanzio.it;True;9,135634300000001;45,47458889999999;SCUOLA PRIMARIA;151
MIEE8DW02X;201617;NORD OVEST;20137,0;F205;MIIC8DW00R;I.C. VIA DE ANDREIS /MILANO;""" DOSSO VERDE """;NORMALE;MILANO;SCUOLA PRIMARIA;NO;Non Disponibile;MIIC8DW00R@istruzione.it;Non Disponibile;VIALE CORSICA82 / MILANO;MILANO;LOMBARDIA;SI;www.icdeandreismilano.gov.it;True;9,2343338;45,46196389999999;SCUOLA PRIMARIA;5
MIEE8CE02D;201617;NORD OVEST;20123,0;F205;MIIC8CE00A;"IC ""G. PASCOLI""/MILANO";F.LLI RUFFINI;NORMALE;MILANO;SCUOLA PRIMARIA;NO;Non Disponibile;MIIC8CE00A@istruzione.it;Non Disponibile;VIA RUFFINI 4/6;MILANO;LOMBARDIA;SI;www.ics.pascoli.it;True;9,1700351;45,466888899999994;SCUOLA PRIMARIA;371
MIEE8C501C;201617;NORD OVEST;20148,0;F205;MIIC8C500A;IC S.GIUSEPPE CALASANZIO/MILANO;S. GIUSEPPE CALASANZIO-MILANO;NORMALE;MILANO;SCUOLA PRIMARIA;NO;Non Disponibile;MIIC8C500A@istruzione.it;Non Disponibile;VIA DON GNOCCHI 25;MILANO;LOMBARDIA;SI;www.istitutocalasanzio.it;True;9,125701199999998;45,4727602;SCUOLA PRIMARIA;379
MIEE8DA02R;201617;NORD OVEST;20146,0;F205;MIIC8DA00N;LEONE TOLSTOJ;VIA SCROSATI - MILANO;NORMALE;MILANO;SCUOLA PRIMARIA;NO;Non Disponibile;MIIC8DA00N@istruzione.it;Non Disponibile;VIA SCROSATI 3;MILANO;LOMBARDIA;SI;icsviazuara.org;True;9,1399399;45,45362720000001;SCUOLA PRIMARIA;266
MIMM8FX01V;201617;NORD OVEST;20144,0;F205;MIIC8FX00T;I.C. VIA MOISE' LORIA;CARLO PORTA;NORMALE;MILANO;SCUOLA PRIMO GRADO;NO;Non Disponibile;MIIC8FX00T@istruzione.it;Non Disponibile;VIA MOISE' LORIA 37;MILANO;LOMBARDIA;SI;www.icsmoiseloria.gov.it;True;9,1583658;45,457651500000004;SCUOLA SECONDARIA I GRADO;717
MIEE8CE01C;201617;NORD OVEST;20145,0;F205;MIIC8CE00A;"IC ""G. PASCOLI""/MILANO";G.PASCOLI - MILANO;NORMALE;MILANO;SCUOLA PRIMARIA;NO;Non Disponibile;MIIC8CE00A@istruzione.it;Non Disponibile;VIA RASORI 19;MILANO;LOMBARDIA;SI;www.icspascoli.it;True;9,1613282;45,467785299999996;SCUOLA PRIMARIA;526
MIEE8C504G;201617;NORD OVEST;20148,0;F205;MIIC8C500A;IC S.GIUSEPPE CALASANZIO/MILANO;PRO JUVENTUTE IST DON GNOCCHI;NORMALE;MILANO;SCUOLA PRIMARIA;NO;Non Disponibile;MIIC8C500A@istruzione.it;Non Disponibile;VIA GOZZADINI 7;MILANO;LOMBARDIA;SI;http//www.axum5milano.it/;True;9,1302367;45,472849;SCUOLA PRIMARIA;65
MIMM8CD01G;201617;NORD OVEST;20136,0;F205;MIIC8CD00E;IC P.THOUAR E L.GONZAGA/MILANO;TABACCHI;NORMALE;MILANO;SCUOLA PRIMO GRADO;NO;Non Disponibile;MIIC8CD00E@istruzione.it;Non Disponibile;VIA TABACCHI 15 /A;MILANO;LOMBARDIA;SI;www.thouar-gonzaga.it;True;9,182249;45,4483974;SCUOLA SECONDARIA I GRADO;427
MIMM8CT01V;201617;NORD OVEST;20162,0;F205;MIIC8CT00T;IC VITTORIO LOCCHI/MILANO;CASSINIS;NORMALE;MILANO;SCUOLA PRIMO GRADO;NO;Non Disponibile;MIIC8CT00T@istruzione.it;Non Disponibile;VIA HERMADA 18;MILANO;LOMBARDIA;SI;www.istitutocomprensivolocchi.it;True;9,1876742;45,514374200000006;SCUOLA SECONDARIA I GRADO;325
MIEE8C503E;201617;NORD OVEST;20156,0;F205;MIIC8C500A;IC S.GIUSEPPE CALASANZIO/MILANO;VIA MONTE BALDO;NORMALE;MILANO;SCUOLA PRIMARIA;NO;Non Disponibile;MIIC8C500A@istruzione.it;Non Disponibile;VIA MONTE BALDO 11;MILANO;LOMBARDIA;SI;www.istitutocalasanzio.it;True;9,11919;45,47562;SCUOLA PRIMARIA;247
MIEE8FY01Q;201617;NORD OVEST;20146,0;F205;MIIC8FY00N;I.C VIA VESPRI SICILIANI/MILANO;NAZARIO SAURO;NORMALE;MILANO;SCUOLA PRIMARIA;NO;Non Disponibile;MIIC8FY00N@istruzione.it;Non Disponibile;VIA VESPRI SICILIANI 75;MILANO;LOMBARDIA;SI;www.icsvespri.gov.it;True;9,1425165;45,45051420000001;SCUOLA PRIMARIA;470
MI1E025004;201617;NORD OVEST;20137,0;F205;;;"SCUOLA ELEM. PAR. ""ISTITUTO MARIA CONSOLATRICE""";;MILANO;SCUOLA PRIMARIA NON STATALE;;;Non Disponibile;Non Disponibile;V.LE CORSICA82;MILANO;LOMBARDIA;SI;www.istitutomariaconsolatrice.com;False;9,2343338;45,46196389999999;SCUOLA PRIMARIA;211
MI1E06000B;201617;NORD OVEST;20132,0;F205;;;"SCUOLA ELEM.PAR.""SUORE PREZIOSISSIMO SANGUE""";;MILANO;SCUOLA PRIMARIA NON STATALE;;;SEGRETERIASCUOLA.MI@PREZIOSINE.IT;Non Disponibile;VIA RICCARDI 5;MILANO;LOMBARDIA;SI;www.istitutoscolasticomilano.preziosine.;False;9,239090699999998;45,5015277;SCUOLA PRIMARIA;257
MI1E016009;201617;NORD OVEST;20123,0;F205;;;"SCUOLA ELEM.PAR.""ISTITUTO LEOPARDI""";;MILANO;SCUOLA PRIMARIA NON STATALE;;;INFO@ISTITUTOLEOPARDI.IT;Non Disponibile;VIA ARENA 13;MILANO;LOMBARDIA;SI;Non Disponibile;False;9,179334800000001;45,455853000000005;SCUOLA PRIMARIA;188
MI1M05100T;201617;NORD OVEST;20122,0;F205;;;SCUOLA SECONDARIA DI 1 GR. MARCELLINE - QUADRONNO;;MILANO;SCUOLA SEC. PRIMO GRADO NON STATALE;;;comprensivo@marcellinequadronno.it;Non Disponibile;V. QUADRONNO 15;MILANO;LOMBARDIA;SI;Non Disponibile;False;9,192608;45,4543326;SCUOLA SECONDARIA I GRADO;65
MI1E01500D;201617;NORD OVEST;20146,0;F205;;;"SCUOLA ELEM.PAR.""S.ANGELA MERICI""";;MILANO;SCUOLA PRIMARIA NON STATALE;;;IST.SANTANGELAMERICI@TIN.IT;Non Disponibile;VIA VESPRI SICILIANI55;MILANO;LOMBARDIA;SI;Non Disponibile;False;9,1465727;45,4516456;SCUOLA PRIMARIA;211
MI1MT3500U;201617;NORD OVEST;20155,0;F205;;;DON BOSCO VILLAGE SCHOOL;;MILANO;SCUOLA SEC. PRIMO GRADO NON STATALE;;;segreteria@donboscovillage.com;Non Disponibile;VIA MAC MAHON 92;MILANO;LOMBARDIA;SI;www.donboscovillage.com;False;9,158191699999998;45,4939434;SCUOLA SECONDARIA I GRADO;23
MI1M056001;201617;NORD OVEST;20123,0;F205;;;SCUOLA SECONDARIA DI 1 GR. ISTITUTO LEOPARDI;;MILANO;SCUOLA SEC. PRIMO GRADO NON STATALE;;;INFO@ISTITUTOLEOPARDI.IT;Non Disponibile;VIA ARENA 13;MILANO;LOMBARDIA;SI;Non Disponibile;False;9,179334800000001;45,455853000000005;SCUOLA SECONDARIA I GRADO;89
MI1M07400E;201617;NORD OVEST;20135,0;F205;;;SCUOLA SECONDARIA DI 1 GR. SUORE MANTELLATE;;MILANO;SCUOLA SEC. PRIMO GRADO NON STATALE;;;icparitario@suoremantellate.org;ICPVASARI@PEC.SUOREMANTELLATE.ORG;V. VASARI 16;MILANO;LOMBARDIA;SI;www.suoremantellate.org;False;9,2071444;45,4538248;SCUOLA SECONDARIA I GRADO;75
MI1E02700Q;201617;NORD OVEST;20132,0;F205;;;"SCUOLA ELEM. PAR. ""MARIA MATER MEA ORSOLINE""";;MILANO;SCUOLA PRIMARIA NON STATALE;;;MARIAMATERMEA@LIBERO.IT;Non Disponibile;VIA PUSIANO57;MILANO;LOMBARDIA;SI;Non Disponibile;False;9,246280700000002;45,5004778;SCUOLA PRIMARIA;125
MI1M05800L;201617;NORD OVEST;20123,0;F205;;;SCUOLA SECONDARIA DI 1 GR. ORSOLINE S. CARLO;;MILANO;SCUOLA SEC. PRIMO GRADO NON STATALE;;;Non Disponibile;ORSOLINELANZONE@PEC.IT;V. LANZONE 53;MILANO;LOMBARDIA;SI;www.orsolinescuolalanzone.it;False;9,174606800000001;45,4615371;SCUOLA SECONDARIA I GRADO;92
MI1E017005;201617;NORD OVEST;20141,0;F205;;;"SCUOLA ELEM. PAR. ""LA ZOLLA""";;MILANO;SCUOLA PRIMARIA NON STATALE;;;CARCANO@LAZOLLA.IT;Non Disponibile;VIA G. CARCANO 53;MILANO;LOMBARDIA;SI;Non Disponibile;False;9,185068199999998;45,4394257;SCUOLA PRIMARIA;304
MI1MN45001;201617;NORD OVEST;20162,0;F205;;;BILINGUAL EUROPEAN SCHOOL;;MILANO;SCUOLA SEC. PRIMO GRADO NON STATALE;;;schooloffice@beschool.eu;bessrl@legalmail.it;VIA VAL CISMON 9;MILANO;LOMBARDIA;SI;www.beschool.eu;False;9,1941276;45,506209000000005;SCUOLA SECONDARIA I GRADO;94
MI1M055005;201617;NORD OVEST;20123,0;F205;;;SCUOLA SECONDARIA DI 1 GR. MARCELLINE - TOMMASEO;;MILANO;SCUOLA SEC. PRIMO GRADO NON STATALE;;;marcellinetommaseo@yahoo.it;Non Disponibile;P.ZA TOMMASEO 1;MILANO;LOMBARDIA;SI;Non Disponibile;False;9,1672828;45,4696335;SCUOLA SECONDARIA I GRADO;115
MI1M07300P;201617;NORD OVEST;20134,0;F205;;;SCUOLA SECONDARIA DI 1 GR. FONDAZIONE SACRO CUORE;;MILANO;SCUOLA SEC. PRIMO GRADO NON STATALE;;;Non Disponibile;FONDAZIONESACROCUORE@EDUPEC.IT;VIA ROMBON78;MILANO;LOMBARDIA;SI;www.sacrocuore.org;False;9,2528017;45,486851200000004;SCUOLA SECONDARIA I GRADO;259
MI1E08700B;201617;NORD OVEST;20124,0;F205;;;"SCUOLA ELEM.PARIF.""ISTITUTO GONZAGA""";;MILANO;SCUOLA PRIMARIA NON STATALE;;;Non Disponibile;ISTITUTOGONZAGA@PEC.GONZAGA-MILANO.IT;VIA VITRUVIO 41;MILANO;LOMBARDIA;SI;www.gonzaga-milano.it;False;9,2060625;45,4825877;SCUOLA PRIMARIA;399
MI1MVA500E;201617;NORD OVEST;20148,0;F205;;;LA ZOLLA;;MILANO;SCUOLA SEC. PRIMO GRADO NON STATALE;;;Non Disponibile;Non Disponibile;VIA CACCIALEPORI 22;MILANO;LOMBARDIA;SI;www.lazolla.it;False;9,143042300000001;45,4695127;SCUOLA SECONDARIA I GRADO;121
MI1M085001;201617;NORD OVEST;20147,0;F205;;;SCUOLA SECONDARIA DI 1 GR. S. TOMMASO MORO;;MILANO;SCUOLA SEC. PRIMO GRADO NON STATALE;;;Non Disponibile;Non Disponibile;V. INGANNI 12;MILANO;LOMBARDIA;SI;www.fondazionegrossman.org;False;9,1274557;45,4483743;SCUOLA SECONDARIA I GRADO;286
MI1M05700R;201617;NORD OVEST;20123,0;F205;;;SCUOLA SECONDARIA DI 1 GR. COLLEGIO S. CARLO;;MILANO;SCUOLA SEC. PRIMO GRADO NON STATALE;;;CSC@COLLEGIOSANCARLO.IT;Non Disponibile;C.O MAGENTA 71;MILANO;LOMBARDIA;SI;www.collegiosancarlo.it;False;9,16976;45,465581;SCUOLA SECONDARIA I GRADO;412
MI1MV25008;201617;NORD OVEST;20133,0;F205;;;SCUOLA ANDERSEN;;MILANO;SCUOLA SEC. PRIMO GRADO NON STATALE;;;Non Disponibile;Non Disponibile;VIA DON CARLO SAN MARTINO 8;MILANO;LOMBARDIA;SI;www.andersen-international-school;False;9,2358552;45,467493100000006;SCUOLA SECONDARIA I GRADO;35
MI1M084005;201617;NORD OVEST;20146,0;F205;;;SCUOLA SECONDARIA DI 1 GR. S. ANGELA MERICI;;MILANO;SCUOLA SEC. PRIMO GRADO NON STATALE;;;IST.SANTANGELAMERICI@TIN.IT;Non Disponibile;V. VESPRI SICILIANI 55;MILANO;LOMBARDIA;SI;WWW.ORSOLINEMERICI.IT;False;9,1465727;45,4516456;SCUOLA SECONDARIA I GRADO;129
MI1E02200L;201617;NORD OVEST;20139,0;F205;;;"SCUOLA ELEM.PAR.""A.LIMONTA""";;MILANO;SCUOLA PRIMARIA NON STATALE;;;Non Disponibile;Non Disponibile;VIA TAGLIAMENTO12;MILANO;LOMBARDIA;SI;Non Disponibile;False;9,213510000000001;45,44362;SCUOLA PRIMARIA;105
MI1M091008;201617;NORD OVEST;20157,0;F205;;;SCUOLA SECONDARIA DI 1 GR. PASTOR ANGELICUS;;MILANO;SCUOLA SEC. PRIMO GRADO NON STATALE;;;Non Disponibile;Non Disponibile;V. CITTADINI 5;MILANO;LOMBARDIA;SI;www.pastorangelicus.it;False;9,12719;45,51435499999999;SCUOLA SECONDARIA I GRADO;107
MI1E089003;201617;NORD OVEST;20153,0;F205;;;"SCUOLA PRIMARIA PARITARIA ""BETLEM""";;MILANO;SCUOLA PRIMARIA NON STATALE;;;scuole.mifigino@betlem.it;Non Disponibile;VIA NOVARA540;MILANO;LOMBARDIA;SI;www.betlem.it;False;9,072154199999998;45,48959259999999;SCUOLA PRIMARIA;78
MI1E06500E;201617;NORD OVEST;20154,0;F205;;;"SCUOLA ELEM.PAR.""REGINA CARMELI""";;MILANO;SCUOLA PRIMARIA NON STATALE;;;Non Disponibile;Non Disponibile;VIA MONVISO33;MILANO;LOMBARDIA;SI;Non Disponibile;False;9,1702521;45,48594869999999;SCUOLA PRIMARIA;166
MI1M10600R;201617;NORD OVEST;20147,0;F205;;;SCUOLA SECONDARIA DI 1 GR. MERKOS L'INYONEI CHINUCH;;MILANO;SCUOLA SEC. PRIMO GRADO NON STATALE;;;SEGRETERIA@MERKOS.IT;Non Disponibile;VIA DELLE FORZE ARMATE 61;MILANO;LOMBARDIA;SI;www.scuoladelmerkos.it;False;9,1306371;45,4628305;SCUOLA SECONDARIA I GRADO;32
MI1E088007;201617;NORD OVEST;20129,0;F205;;;"SCUOLA ELEM.PAR.""MARIA AUSILIATRICE""";;MILANO;SCUOLA PRIMARIA NON STATALE;;;Non Disponibile;Non Disponibile;VIA BONVESIN DE LA RIVA 12;MILANO;LOMBARDIA;SI;Non Disponibile;False;9,2122362;45,4637559;SCUOLA PRIMARIA;213
MI1E124005;201617;NORD OVEST;20122,0;F205;;;"SCUOLA ELEMENTARE ""NUOVA EDUCAZIONE""";;MILANO;SCUOLA PRIMARIA NON STATALE;;;segreteria@nuovaeducazione.it;Non Disponibile;VIA PACE10;MILANO;LOMBARDIA;SI;Non Disponibile;False;9,2028937;45,458838;SCUOLA PRIMARIA;58
MI1M089008;201617;NORD OVEST;20153,0;F205;;;SCUOLA SECONDARIA DI 1 GR. BETLEM;;MILANO;SCUOLA SEC. PRIMO GRADO NON STATALE;;;scuole.mifigino@betlem.it;Non Disponibile;V.NOVARA 540;MILANO;LOMBARDIA;SI;www.betlem.it;False;9,072154199999998;45,48959259999999;SCUOLA SECONDARIA I GRADO;37
MI1M104005;201617;NORD OVEST;20152,0;F205;;;SCUOLA SECONDARIA DI 1 GR. MADRE BUCCHI;;MILANO;SCUOLA SEC. PRIMO GRADO NON STATALE;;;Non Disponibile;Non Disponibile;VIA PALMI25;MILANO;LOMBARDIA;SI;www.istitutomadrebucchi.it;False;9,098280099999998;45,458575399999994;SCUOLA SECONDARIA I GRADO;76
MI1E123009;201617;NORD OVEST;20133,0;F205;;;"SCUOLA ELEMENTARE ""ARGONNE"" FAES";;MILANO;SCUOLA PRIMARIA NON STATALE;;;argonne@faesmilano.it;Non Disponibile;VIA ZANOIA 1;MILANO;LOMBARDIA;SI;www.faesmilano.it;False;9,2296796;45,48109229999999;SCUOLA PRIMARIA;118
MI1E011006;201617;NORD OVEST;20123,0;F205;;;"SCUOLA ELEM.PAR.""PIO ISTITUTO DEL BUON PASTORE""";;MILANO;SCUOLA PRIMARIA NON STATALE;;;ist.buonpastore@tin.it;Non Disponibile;VIA S.VITTORE N.29;MILANO;LOMBARDIA;SI;Non Disponibile;False;9,1696508;45,46345640000001;SCUOLA PRIMARIA;82
MI1M08000T;201617;NORD OVEST;20145,0;F205;;;SCUOLA SECONDARIA DI I GRADO ISTITUTO LEONE XIII;;MILANO;SCUOLA SEC. PRIMO GRADO NON STATALE;;;info@leonexiii.it;Non Disponibile;V.LEONE XIII 12;MILANO;LOMBARDIA;SI;www.leonexiii.it;False;9,1626611;45,4740247;SCUOLA SECONDARIA I GRADO;348
MI1M068007;201617;NORD OVEST;20131,0;F205;;;SCUOLA SECONDARIA DI 1 GR. S. GIUSEPPE;;MILANO;SCUOLA SEC. PRIMO GRADO NON STATALE;;;SEGRETERIA@ISTSANG.191.IT;Non Disponibile;V. BAZZINI 10;MILANO;LOMBARDIA;SI;www.istituto-sangiuseppe.it;False;9,225377499999999;45,481776200000006;SCUOLA SECONDARIA I GRADO;60
MI1E12600R;201617;NORD OVEST;20145,0;F205;;;SCUOLA PRIMARIA ISTITUTO LEONE XIII;;MILANO;SCUOLA PRIMARIA NON STATALE;;;info@leonexiii.it;Non Disponibile;VIA LEONE XIII12;MILANO;LOMBARDIA;SI;www.leonexiii.it;False;9,1626611;45,4740247;SCUOLA PRIMARIA;366
MI1M07800T;201617;NORD OVEST;20141,0;F205;;;SCUOLA SECONDARIA DI 1 GR. LA ZOLLA;;MILANO;SCUOLA SEC. PRIMO GRADO NON STATALE;;;Non Disponibile;Non Disponibile;V.G.CARCANO 53/9;MILANO;LOMBARDIA;SI;www.lazolla.it;False;9,185068199999998;45,4394257;SCUOLA SECONDARIA I GRADO;218
MI1E01000A;201617;NORD OVEST;20123,0;F205;;;"SCUOLA ELEM. PAR. ""ISTITUTO MARCELLINE""";;MILANO;SCUOLA PRIMARIA NON STATALE;;;segreteria2@marcellinetommaseo.it;Non Disponibile;PIAZZA TOMMASEO N.1;MILANO;LOMBARDIA;SI;Non Disponibile;False;9,1672828;45,4696335;SCUOLA PRIMARIA;167
MI1M06600G;201617;NORD OVEST;20129,0;F205;;;SCUOLA SECONDARIA DI 1 GR. MARIA AUSILIATRICE;;MILANO;SCUOLA SEC. PRIMO GRADO NON STATALE;;;Non Disponibile;Non Disponibile;V. BONVESIN DE LA RIVA 12;MILANO;LOMBARDIA;SI;Non Disponibile;False;9,2122362;45,4637559;SCUOLA SECONDARIA I GRADO;150
MI1E024008;201617;NORD OVEST;20131,0;F205;;;"SCUOLA ELEM. PAR. ""S.GIUSEPPE SUORE DI CARITA'""";;MILANO;SCUOLA PRIMARIA NON STATALE;;;SEGRETERIA@ISTSANG.191.IT;Non Disponibile;VIA BAZZINI10;MILANO;LOMBARDIA;SI;www.istituto-sangiuseppe.it;False;9,225377499999999;45,481776200000006;SCUOLA PRIMARIA;94
MI1EAE500E;201617;NORD OVEST;20141,0;F205;;;SCUOLA PRIMARIA MONTESSORI BILINGUE;;MILANO;SCUOLA PRIMARIA NON STATALE;;;Non Disponibile;Non Disponibile;VIA PALMIERI 72/4;MILANO;LOMBARDIA;SI;Non Disponibile;False;9,1847735;45,4348041;SCUOLA PRIMARIA;90
MI1E125001;201617;NORD OVEST;20122,0;F205;;;SCUOLA PRIMARIA ZACCARIA;;MILANO;SCUOLA PRIMARIA NON STATALE;;;SEGRETERIA@ISTITUTOZACCARIA.IT;istitutozaccaria@pec.it;VIA DELLA COMMENDA 5;MILANO;LOMBARDIA;SI;www.istitutozaccaria.it;False;9,1989522;45,45939569999999;SCUOLA PRIMARIA;202
MI1M083009;201617;NORD OVEST;20146,0;F205;;;SCUOLA SECONDARIA DI 1 GR. COMUNITA' EBRAICA;;MILANO;SCUOLA SEC. PRIMO GRADO NON STATALE;;;ENRICA.ANTICOLI@COM-EBRAICAMILANO.IT;Non Disponibile;V. SALLY MAYER 4/6;MILANO;LOMBARDIA;SI;Non Disponibile;False;9,1382776;45,4557669;SCUOLA SECONDARIA I GRADO;77
MI1E01300T;201617;NORD OVEST;20148,0;F205;;;"SCUOLA ELEM.PAR.""CASA DEI BAMBINI SCUOLA MONTESSORI""";;MILANO;SCUOLA PRIMARIA NON STATALE;;;Non Disponibile;casadeibambinimontessori@lamiapec.it;VIA AROSIO N.3;MILANO;LOMBARDIA;SI;WWW.MONTESSORI-MILANO.IT;False;9,1250899;45,4741425;SCUOLA PRIMARIA;117
MI1M070007;201617;NORD OVEST;20132,0;F205;;;SCUOLA SECONDARIA DI 1 GR. PREZIOSISSIMO SANGUE;;MILANO;SCUOLA SEC. PRIMO GRADO NON STATALE;;;SEGRETERIASCUOLA.MI@PREZIOSINE.IT;Non Disponibile;V. P. RICCARDI 5;MILANO;LOMBARDIA;SI;Non Disponibile;False;9,239090699999998;45,5015277;SCUOLA SECONDARIA I GRADO;142
MI1EA8500G;201617;NORD OVEST;20141,0;F205;;;KC-LUDUM SCHOOL;;MILANO;SCUOLA PRIMARIA NON STATALE;;;Non Disponibile;ludum@legalmail.it;VIA DEI FONTANILI 3;MILANO;LOMBARDIA;SI;ludumdesignschool.it;False;9,189133300000002;45,442483;SCUOLA PRIMARIA;20
MI1E01400N;201617;NORD OVEST;20146,0;F205;;;"SCUOLA ELEM.PAR.""A.DA FANO""- COMUNITA'EBRAICA";;MILANO;SCUOLA PRIMARIA NON STATALE;;;IRIT.MAZAR@COM-EBRAICAMILANO.IT;Non Disponibile;VIA SALLY MAYER 4/6;MILANO;LOMBARDIA;SI;Non Disponibile;False;9,1382776;45,4557669;SCUOLA PRIMARIA;171
MI1E140003;201617;NORD OVEST;20139,0;F205;;;ST LOUIS SCHOOL;;MILANO;SCUOLA PRIMARIA NON STATALE;;;info@stlouisschool.com;Non Disponibile;VIA CAVIGLIA1;MILANO;LOMBARDIA;SI;Non Disponibile;False;9,2303322;45,443961200000004;SCUOLA PRIMARIA;338
MI1EGH5005;201617;NORD OVEST;20133,0;F205;;;CASA DEI BAMBINI SCUOLA MONTESSORI;;MILANO;SCUOLA PRIMARIA NON STATALE;;;segreteria@scuolamontessorimilano.it;MONTESSORIPORPORA@PEC.IT;PIAZZA SAN GEROLAMO 6;MILANO;LOMBARDIA;SI;www.scuolamontessorimilano.it;False;9,236655699999998;45,46925539999999;SCUOLA PRIMARIA;115
MI1E11900N;201617;NORD OVEST;20141,0;F205;;;M.A.COCCHETTI;;MILANO;SCUOLA PRIMARIA NON STATALE;;;primaria@cocchetti.it;Non Disponibile;VIA CERMENATE4;MILANO;LOMBARDIA;SI;www.cocchetti.it;False;9,1768331;45,4372672;SCUOLA PRIMARIA;114
MI1M08100N;201617;NORD OVEST;20145,0;F205;;;SCUOLA SECONDARIA DI 1 GR. SUORE ANGELICHE;;MILANO;SCUOLA SEC. PRIMO GRADO NON STATALE;;;ISTITUTOSANPAOLO@VIRGILIO.IT;Non Disponibile;V. BUONARROTI 49;MILANO;LOMBARDIA;SI;www.istitutosanpaolo.mi.it;False;9,1552668;45,472646600000004;SCUOLA SECONDARIA I GRADO;91
MI1E012002;201617;NORD OVEST;20148,0;F205;;;"SC. ELEM. PAR. SR. COMPASSIONISTE""SANTA GIULIANA FALCONIERI""";;MILANO;SCUOLA PRIMARIA NON STATALE;;;SANTAGIULIANA@TISCALINET.IT;Non Disponibile;VIA ZAMAGNA 18;MILANO;LOMBARDIA;SI;www.santagiuliana.net;False;9,1339659;45,4750372;SCUOLA PRIMARIA;102
MI1M069003;201617;NORD OVEST;20132,0;F205;;;SCUOLA SECONDARIA DI 1 GR. ISTITUTO SAN GIUSEPPE;;MILANO;SCUOLA SEC. PRIMO GRADO NON STATALE;;;SEGRETERIA@SANGIUSEPPEMILANO.ORG;Non Disponibile;V. S.G.B. DE LA SALLE 5;MILANO;LOMBARDIA;SI;Non Disponibile;False;9,2415584;45,502607899999994;SCUOLA SECONDARIA I GRADO;139
MI1E137007;201617;NORD OVEST;20146,0;F205;;;SCUOLA PRIMARIA LE JOSEF TEHILLOT;;MILANO;SCUOLA PRIMARIA NON STATALE;;;SEGRETERIA@JOSEF-TEHILLOT.COM;Non Disponibile;VIA WASHINGTON 21;MILANO;LOMBARDIA;SI;Non Disponibile;False;9,1552743;45,463769799999994;SCUOLA PRIMARIA;41
MI1E00200B;201617;NORD OVEST;20161,0;F205;;;"SCUOLA ELEM.PAR.""A.RICCI""";;MILANO;SCUOLA PRIMARIA NON STATALE;;;semiconvittoachillericci@virgilio.it;Non Disponibile;VIA CAMILLO SBARBARO11;MILANO;LOMBARDIA;SI;Non Disponibile;False;9,181704;45,517285;SCUOLA PRIMARIA;120
MI1M04900T;201617;NORD OVEST;20122,0;F205;;;SCUOLA SECONDARIA DI 1 GR. ZACCARIA;;MILANO;SCUOLA SEC. PRIMO GRADO NON STATALE;;;SEGRETERIA@ISTITUTOZACCARIA.IT;istitutozaccaria@pec.it;VIA DELLA COMMENDA 5;MILANO;LOMBARDIA;SI;www.istitutozaccaria.it;False;9,1989522;45,45939569999999;SCUOLA SECONDARIA I GRADO;157
MI1E11800T;201617;NORD OVEST;20145,0;F205;;;SUORE ANGELICHE;;MILANO;SCUOLA PRIMARIA NON STATALE;;;ISTITUTOSANPAOLO@VIRGILIO.IT;Non Disponibile;VIA BUONARROTI 49;MILANO;LOMBARDIA;SI;www.istitutosanpaolo.mi.it;False;9,1552668;45,472646600000004;SCUOLA PRIMARIA;121
MI1E00700E;201617;NORD OVEST;20148,0;F205;;;"SCUOLA PRIMARIA PARITARIA""LA ZOLLA""";;MILANO;SCUOLA PRIMARIA NON STATALE;;;Non Disponibile;Non Disponibile;VIA CACCIALEPORI 22;MILANO;LOMBARDIA;SI;http//www.lazolla.it;False;9,143042300000001;45,4695127;SCUOLA PRIMARIA;239
MI1M077002;201617;NORD OVEST;20141,0;F205;;;SCUOLA SECONDARIA DI 1 GR. MADRE COCCHETTI;;MILANO;SCUOLA SEC. PRIMO GRADO NON STATALE;;;presidenza@cocchetti.it;Non Disponibile;V.G.DA CERMENATE 4;MILANO;LOMBARDIA;SI;www.cocchetti.it;False;9,1768331;45,4372672;SCUOLA SECONDARIA I GRADO;132
MI1E14200P;201617;NORD OVEST;20134,0;F205;;;SCUOLA PRIMARIA PAR. FONDAZIONE SACRO CUORE;;MILANO;SCUOLA PRIMARIA NON STATALE;;;Non Disponibile;FONDAZIONESACROCUORE@EDUPEC.IT;VIA ROMBON 78;MILANO;LOMBARDIA;SI;www.sacrocuore.org;False;9,2528017;45,486851200000004;SCUOLA PRIMARIA;270
MI1E12100N;201617;NORD OVEST;20133,0;F205;;;"SCUOLA PRIMARIA PARITARIA ""FAES MONFORTE""";;MILANO;SCUOLA PRIMARIA NON STATALE;;;monforte@faesmilano.it;Non Disponibile;VIA AMADEO 11;MILANO;LOMBARDIA;SI;WWW.FAESMILANO.IT;False;9,231686900000001;45,471360700000005;SCUOLA PRIMARIA;132
MI1E00100G;201617;NORD OVEST;20161,0;F205;;;"SCUOLA ELEM. PAR.""COR JESU""";;MILANO;SCUOLA PRIMARIA NON STATALE;;;cjmipresidenza@virgilio.it;Non Disponibile;VIA TEANO21;MILANO;LOMBARDIA;SI;Non Disponibile;False;9,1603207;45,528493;SCUOLA PRIMARIA;262
MI1E07800L;201617;NORD OVEST;20147,0;F205;;;"SCUOLA ELEM.PARIF.""MATER DIVINAE GRATIAE""";;MILANO;SCUOLA PRIMARIA NON STATALE;;;SCUOLAMDG@KATAMAIL.COM;Non Disponibile;VIA GULLI 14;MILANO;LOMBARDIA;SI;www.scuolamdg.it;False;9,1346277;45,4653193;SCUOLA PRIMARIA;120
MI1M048002;201617;NORD OVEST;20122,0;F205;;;SCUOLA SECONDARIA DI 1 GR. VITTORIA COLONNA;;MILANO;SCUOLA SEC. PRIMO GRADO NON STATALE;;;SEGRETERIA@ISTITUTOCOLONNA.COM;DIREZIONE@PEC.ISTITUTOCOLONNA.COM;V.CONSERVATORIO 4;MILANO;LOMBARDIA;SI;Non Disponibile;False;9,2032455;45,464347700000005;SCUOLA SECONDARIA I GRADO;58
MI1M07500A;201617;NORD OVEST;20139,0;F205;;;SCUOLA SECONDARIA DI 1 GR. S. VINCENZO REGINA MUNDI;;MILANO;SCUOLA SEC. PRIMO GRADO NON STATALE;;;info@scuolareginamundi.it;Non Disponibile;V. BONCOMPAGNI 18;MILANO;LOMBARDIA;SI;wwwscuolareginamundi.it;False;9,226975900000001;45,44016269999999;SCUOLA SECONDARIA I GRADO;190
MI1E074009;201617;NORD OVEST;20162,0;F205;;;"SCUOLA ELEM.PARIF.""MARIA IMMACOLATA""";;MILANO;SCUOLA PRIMARIA NON STATALE;;;Non Disponibile;Non Disponibile;VIALE SUZZANI 64;MILANO;LOMBARDIA;SI;www.scuolamariaimmacolata.org;False;9,1990257;45,508365500000004;SCUOLA PRIMARIA;122
MI1M076006;201617;NORD OVEST;20122,0;F205;;;SCUOLA SECONDARIA DI 1 GR. SCUOLA EUROPA;;MILANO;SCUOLA SEC. PRIMO GRADO NON STATALE;;;ORGANIZZAZIONE@SCUOLAEUROPA.IT;Non Disponibile;V.LE MAJNO 39;MILANO;LOMBARDIA;SI;Non Disponibile;False;9,2051121;45,47234;SCUOLA SECONDARIA I GRADO;51
MI1E07700R;201617;NORD OVEST;20133,0;F205;;;"SCUOLA ELEM.PARIFICATA""RUDOLF STEINER""";;MILANO;SCUOLA PRIMARIA NON STATALE;;;didattica@scuolasteinermilano.it;Non Disponibile;VIA CLERICETTI 45;MILANO;LOMBARDIA;SI;Non Disponibile;False;9,2352024;45,479587200000005;SCUOLA PRIMARIA;119
MI1E06300V;201617;NORD OVEST;20155,0;F205;;;"SCUOLA ELEM.PAR.""GIOVANNI XXIII""";;MILANO;SCUOLA PRIMARIA NON STATALE;;;Non Disponibile;Non Disponibile;VIA DE PREDIS 8;MILANO;LOMBARDIA;SI;http//www.gio23.it;False;9,1515844;45,4972662;SCUOLA PRIMARIA;109
MI1E14100V;201617;NORD OVEST;20162,0;F205;;;THE BILINGUAL EUROPEAN SCHOOL;;MILANO;SCUOLA PRIMARIA NON STATALE;;;schooloffice@beschool.eu;Non Disponibile;VIA VAL CISMON 9;MILANO;LOMBARDIA;SI;www.beschool.eu;False;9,1941276;45,506209000000005;SCUOLA PRIMARIA;301
MI1E06400P;201617;NORD OVEST;20156,0;F205;;;"SCUOLA ELEM.PAR.""SUORE FRANCESCANE""";;MILANO;SCUOLA PRIMARIA NON STATALE;;;scuolacatt.garegnano@libero.it;Non Disponibile;VIA GAREGNANO10;MILANO;LOMBARDIA;SI;www.primariainfanziagareganano.it;False;9,12883;45,50123;SCUOLA PRIMARIA;104
MI1E12000T;201617;NORD OVEST;20134,0;F205;;;LIBERA SCUOLA 'R. STEINER';;MILANO;SCUOLA PRIMARIA NON STATALE;;;segreteria@liberascuola-rudolfsteiner.it;Non Disponibile;VIA T. PINI 1;MILANO;LOMBARDIA;SI;Non Disponibile;False;9,2408198;45,4845326;SCUOLA PRIMARIA;106
MI1E009006;201617;NORD OVEST;20123,0;F205;;;"SCUOLA ELEM.PAR.""COLLEGIO SAN CARLO""";;MILANO;SCUOLA PRIMARIA NON STATALE;;;CSC@COLLEGIOSANCARLO.IT;Non Disponibile;CORSO MAGENTA71;MILANO;LOMBARDIA;SI;www.collegiosancarlo.it;False;9,16976;45,465581;SCUOLA PRIMARIA;631
MI1M098003;201617;NORD OVEST;20158,0;F205;;;SCUOLA SECONDARIA DI 1 GR. ANDREA MANDELLI;;MILANO;SCUOLA SEC. PRIMO GRADO NON STATALE;;;Non Disponibile;FONDAZIONEMANDELLIRODARI@EDUPEC.IT;VIA BONOMI1;MILANO;LOMBARDIA;SI;www.mandellirodari.org;False;9,1753965;45,5019101;SCUOLA SECONDARIA I GRADO;279
MI1E062003;201617;NORD OVEST;20122,0;F205;;;"SCUOLA ELEM. PAR. ""SCUOLA EUROPA""";;MILANO;SCUOLA PRIMARIA NON STATALE;;;ORGANIZZAZIONE@SCUOLAEUROPA.IT;Non Disponibile;VIALE MAJNO39;MILANO;LOMBARDIA;SI;Non Disponibile;False;9,2051121;45,47234;SCUOLA PRIMARIA;113
MI1M10000T;201617;NORD OVEST;20146,0;F205;;;SCUOLA SECONDARIA DI 1 GRADO LE JOSEF TEHILLOT;;MILANO;SCUOLA SEC. PRIMO GRADO NON STATALE;;;segreteria@josef-tehillot.com;Non Disponibile;VIA WASHINGTON 21;MILANO;LOMBARDIA;SI;Non Disponibile;False;9,1552743;45,463769799999994;SCUOLA SECONDARIA I GRADO;21
MI1M050002;201617;NORD OVEST;20122,0;F205;;;SCUOLA SECONDARIA DI 1 GR. MADRE CABRINI;;MILANO;SCUOLA SEC. PRIMO GRADO NON STATALE;;;Non Disponibile;Non Disponibile;C.O PORTA ROMANA 105;MILANO;LOMBARDIA;SI;www.cabrini105.it;False;9,199094699999998;45,4541624;SCUOLA SECONDARIA I GRADO;56
MI1E00800A;201617;NORD OVEST;20147,0;F205;;;"SCUOLA ELEM. PAR. ""DEVOTA MACULAN""";;MILANO;SCUOLA PRIMARIA NON STATALE;;;Non Disponibile;FONDAZIONEGROSSMAN@EDUPEC.IT;VIA INGANNI 12;MILANO;LOMBARDIA;SI;www.fondazionegrossman.org;False;9,1274557;45,4483743;SCUOLA PRIMARIA;270
MI1M09300X;201617;NORD OVEST;20161,0;F205;;;SCUOLA SECONDARIA DI 1 GR. COR JESU;;MILANO;SCUOLA SEC. PRIMO GRADO NON STATALE;;;Non Disponibile;Non Disponibile;V.TEANO 21;MILANO;LOMBARDIA;SI;Non Disponibile;False;9,1610752;45,5280203;SCUOLA SECONDARIA I GRADO;172
MI1M097007;201617;NORD OVEST;20134,0;F205;;;SCUOLA SECONDARIA DI 1 GR. LIBERA SCUOLA RUDOLF STEINER;;MILANO;SCUOLA SEC. PRIMO GRADO NON STATALE;;;segreteria@liberascuola-rudolfsteiner.it;Non Disponibile;V. T. PINI 1;MILANO;LOMBARDIA;SI;Non Disponibile;False;9,2408198;45,4845326;SCUOLA SECONDARIA I GRADO;61
MI1E004003;201617;NORD OVEST;20158,0;F205;;;"SCUOLA ELEM. PAR. ""ISTITUTO SANTA GEMMA""";;MILANO;SCUOLA PRIMARIA NON STATALE;;;INFO@SCUOLASANTAGEMMA.IT;Non Disponibile;VIA BALDINUCCI88;MILANO;LOMBARDIA;SI;www.scuolasantagemma.it;False;9,1672259;45,5030027;SCUOLA PRIMARIA;256
MI1E07900C;201617;NORD OVEST;20156,0;F205;;;"SCUOLA ELEM.PARIF.""MARIA CONSOLATRICE""";;MILANO;SCUOLA PRIMARIA NON STATALE;;;scuolamariaconsolatrice@tin.it;Non Disponibile;VIA AMPEZZO 8;MILANO;LOMBARDIA;SI;Non Disponibile;False;9,140576;45,496995;SCUOLA PRIMARIA;121
MI1E132004;201617;NORD OVEST;20155,0;F205;;;SCUOLA ELEMENTARE METODO MONTESSORI;;MILANO;SCUOLA PRIMARIA NON STATALE;;;info@scuolamontessori.com;Non Disponibile;VIA BARTOLINI 46;MILANO;LOMBARDIA;SI;www.scuolamontessori.com;False;9,152317;45,492171;SCUOLA PRIMARIA;101
MI1E090007;201617;NORD OVEST;20148,0;F205;;;"SCUOLA ELEM.PARIF.""BEATA VERGINE""";;MILANO;SCUOLA PRIMARIA NON STATALE;;;BEATA_VERGINE_MILANO@LIBERO.IT;Non Disponibile;VIA G.TERRAGNI 36;MILANO;LOMBARDIA;SI;www.istitutobeatavergine.net;False;9,13343;45,48577;SCUOLA PRIMARIA;78
MI1M092004;201617;NORD OVEST;20158,0;F205;;;SCUOLA SECONDARIA DI 1 GR. S. GEMMA;;MILANO;SCUOLA SEC. PRIMO GRADO NON STATALE;;;INFO@SCUOLASANTAGEMMA.IT;Non Disponibile;V. BALDINUCCI 88;MILANO;LOMBARDIA;SI;Non Disponibile;False;9,1672259;45,5030027;SCUOLA SECONDARIA I GRADO;122
MI1E067006;201617;NORD OVEST;20122,0;F205;;;"SCUOLA ELEM. PAR. ""MADRE CABRINI""";;MILANO;SCUOLA PRIMARIA NON STATALE;;;Non Disponibile;Non Disponibile;C.SO DI PORTA ROMANA105;MILANO;LOMBARDIA;SI;www.cabrini105.it;False;9,199166900000002;45,4542955;SCUOLA PRIMARIA;119
MI1M06100C;201617;NORD OVEST;20124,0;F205;;;SCUOLA SECONDARIA DI 1 GR. MARIA CONSOLATRICE;;MILANO;SCUOLA SEC. PRIMO GRADO NON STATALE;;;segreteria@consolatricemilano.it;Non Disponibile;V.GIOIA 51;MILANO;LOMBARDIA;SI;www.consolatricemilano.it;False;9,198364999999999;45,4876866;SCUOLA SECONDARIA I GRADO;215
MI1E13300X;201617;NORD OVEST;20125,0;F205;;;SCUOLA ELEM PAR IST.SALESIANO S.AMBROGIO;;MILANO;SCUOLA PRIMARIA NON STATALE;;;Non Disponibile;Non Disponibile;VIA COPERNICO 9;MILANO;LOMBARDIA;SI;www.salesianimilano.it;False;9,201044300000001;45,4881563;SCUOLA PRIMARIA;140
MI1E01900R;201617;NORD OVEST;20122,0;F205;;;"SCUOLA ELEM.PAR.""VITTORIA COLONNA""";;MILANO;SCUOLA PRIMARIA NON STATALE;;;SEGRETERIA@ISTITUTOCOLONNA.COM;Non Disponibile;VIA CONSERVATORIO N.4;MILANO;LOMBARDIA;SI;Non Disponibile;False;9,2032455;45,464347700000005;SCUOLA PRIMARIA;123
MI1E003007;201617;NORD OVEST;20159,0;F205;;;"SCUOLA PRIMARIA PARITARIA ""ANDREA MANDELLI""";;MILANO;SCUOLA PRIMARIA NON STATALE;;;SEGRETERIA.PRIMARIA@MANDELLIRODARI.ORG;FONDAZIONEMANDELLIRODARI@EDUPEC.IT;VIA PAVONI N.10/2;MILANO;LOMBARDIA;SI;www.mandellirodari.org;False;9,1870491;45,5015592;SCUOLA PRIMARIA;256
MI1E06600A;201617;NORD OVEST;20124,0;F205;;;"SCUOLA ELEM.PAR.""MARIA CONSOLATRICE""";;MILANO;SCUOLA PRIMARIA NON STATALE;;;primaria@Consolatricemilano.it;IMC@OVERPEC.IT;VIA M. GIOIA51;MILANO;LOMBARDIA;SI;Non Disponibile;False;9,198364999999999;45,4876866;SCUOLA PRIMARIA;370
MI1M06000L;201617;NORD OVEST;20124,0;F205;;;SCUOLA SECONDARIA DI 1 GR. ISTITUTO GONZAGA;;MILANO;SCUOLA SEC. PRIMO GRADO NON STATALE;;;Non Disponibile;ISTITUTOGONZAGA@PEC.GONZAGA-MILANO.IT;V.VITRUVIO 41;MILANO;LOMBARDIA;SI;www.gonzaga-milano.it;False;9,2060625;45,4825877;SCUOLA SECONDARIA I GRADO;224
MI1E018001;201617;NORD OVEST;20122,0;F205;;;SCUOLA PRIMARIA PARITARIA MARCELLINE;;MILANO;SCUOLA PRIMARIA NON STATALE;;;comprensivo@marcellinequadronno.it;Non Disponibile;VIA QUADRONNO15;MILANO;LOMBARDIA;SI;Non Disponibile;False;9,192608;45,4543326;SCUOLA PRIMARIA;96
MI1E059007;201617;NORD OVEST;20132,0;F205;;;"SCUOLA ELEM. PAR. ""S.GIUSEPPE""";;MILANO;SCUOLA PRIMARIA NON STATALE;;;SEGRETERIA@SANGIUSEPPEMILANO.ORG;Non Disponibile;VIA G.B. DE LA SALLE 5;MILANO;LOMBARDIA;SI;Non Disponibile;False;9,2415584;45,502607899999994;SCUOLA PRIMARIA;258
MI1M04600A;201617;NORD OVEST;20133,0;F205;;;SCUOLA SECONDARIA DI 1 GR. FAES MONFORTE;;MILANO;SCUOLA SEC. PRIMO GRADO NON STATALE;;;monforte@faesmilano.it;Non Disponibile;VIA G.A. AMADEO 11;MILANO;LOMBARDIA;SI;WWW.FAESMILANO.IT;False;9,231686900000001;45,471360700000005;SCUOLA SECONDARIA I GRADO;93
MI1E076001;201617;NORD OVEST;20129,0;F205;;;"SCUOLA ELEM.PARIF.""G.ROSSELLO""";;MILANO;SCUOLA PRIMARIA NON STATALE;;;rossello.mi@libero.it;Non Disponibile;VIA C.GOLDONI 68;MILANO;LOMBARDIA;SI;www.scuolarossello.it;False;9,2204181;45,46926140000001;SCUOLA PRIMARIA;92
MI1E00500V;201617;NORD OVEST;20121,0;F205;;;"SCUOLA ELEM.PAR.""MONTESSORI S.R.L.""";;MILANO;SCUOLA PRIMARIA NON STATALE;;;MONTESSORI.SCUOLA@FASTWEBNET.IT;Non Disponibile;VIA MILAZZO7;MILANO;LOMBARDIA;SI;Non Disponibile;False;9,1876382;45,4794165;SCUOLA PRIMARIA;115
MI1M06400X;201617;NORD OVEST;20133,0;F205;;;SCUOLA SECONDARIA DI 1 GR. FAES ARGONNE;;MILANO;SCUOLA SEC. PRIMO GRADO NON STATALE;;;argonne@faesmilano.it;Non Disponibile;VIA ZANOIA 1;MILANO;LOMBARDIA;SI;www.faesmilano.it;False;9,2296796;45,48109229999999;SCUOLA SECONDARIA I GRADO;80
MI1M09400Q;201617;NORD OVEST;20133,0;F205;;;SCUOLA SECONDARIA DI 1 GR. STEINER RUDOLF;;MILANO;SCUOLA SEC. PRIMO GRADO NON STATALE;;;DIDATTICA@SCUOLASTEINERMILANO.IT;Non Disponibile;V. CLERICETTI 45;MILANO;LOMBARDIA;SI;Non Disponibile;False;9,2352024;45,479587200000005;SCUOLA SECONDARIA I GRADO;78
MI1E02100R;201617;NORD OVEST;20135,0;F205;;;"SCUOLA ELEM. PAR.""SUORE MANTELLATE SERVE DI MARIA""";;MILANO;SCUOLA PRIMARIA NON STATALE;;;icparitario@suoremantellate.org;ICPVASARI@PECSUOREMANTELLATE.ORG;VIA G. VASARI 16;MILANO;LOMBARDIA;SI;www.suoremantellate.org;False;9,2071444;45,4538248;SCUOLA PRIMARIA;93
MI1M04400P;201617;NORD OVEST;20127,0;F205;;;SCUOLA SECONDARIA DI 1 GR. CIVICA MANZONI;;MILANO;SCUOLA SEC. PRIMO GRADO NON STATALE;;;Non Disponibile;Non Disponibile;VIA GRAZIA DELEDDA 11;MILANO;LOMBARDIA;SI;www.primariamedieincomune.it;False;9,2157091;45,4877014;SCUOLA SECONDARIA I GRADO;60
MI1E445002;201617;NORD OVEST;20143,0;F205;;;LES GALIPETTES;;MILANO;SCUOLA PRIMARIA NON STATALE;;;Non Disponibile;Non Disponibile;VIA COTTOLENGO 25;MILANO;LOMBARDIA;SI;Non Disponibile;False;9,1446844;45,44162000000001;SCUOLA PRIMARIA;130
MI1E070002;201617;NORD OVEST;20144,0;F205;;;"SCUOLA ELEM.PAR.""IMMACOLATA CONCEZIONE""";;MILANO;SCUOLA PRIMARIA NON STATALE;;;IMM.CONCEZIONE@TISCALI.IT;Non Disponibile;VIA ELBA18;MILANO;LOMBARDIA;SI;www.istitutoimmacolataconcezione.it;False;9,156770300000002;45,464118799999994;SCUOLA PRIMARIA;89
MI1E129008;201617;NORD OVEST;20157,0;F205;;;SCUOLA PRIMARIA PASTOR ANGELICUS;;MILANO;SCUOLA PRIMARIA NON STATALE;;;Non Disponibile;Non Disponibile;VIA CITTADINI5;MILANO;LOMBARDIA;SI;www.pastorangelicus.it;False;9,12719;45,51435499999999;SCUOLA PRIMARIA;69
MI1E02600X;201617;NORD OVEST;20152,0;F205;;;"SCUOLA ELEM. PAR. ""MADRE BUCCHI""";;MILANO;SCUOLA PRIMARIA NON STATALE;;;Non Disponibile;Non Disponibile;VIA PALMI 25;MILANO;LOMBARDIA;SI;www.istitutomadrebucchi.it;False;9,098280099999998;45,458575399999994;SCUOLA PRIMARIA;145
MI1M063004;201617;NORD OVEST;20125,0;F205;;;SCUOLA SECONDARIA DI 1 GR. S. AMBROGIO;;MILANO;SCUOLA SEC. PRIMO GRADO NON STATALE;;;SEGRETERIA.MILANOSA@SALESIANI.IT;Non Disponibile;V. COPERNICO 9;MILANO;LOMBARDIA;SI;www.salesianimilano.it;False;9,201044300000001;45,4881563;SCUOLA SECONDARIA I GRADO;355
MI1E061007;201617;NORD OVEST;20139,0;F205;;;REGINA MUNDI;;MILANO;SCUOLA PRIMARIA NON STATALE;;;info@scuolareginamundi.it;Non Disponibile;VIA BONCOMPAGNI18;MILANO;LOMBARDIA;SI;www.scuolareginamundi.it;False;9,226975900000001;45,44016269999999;SCUOLA PRIMARIA;231
MI1E020001;201617;NORD OVEST;20123,0;F205;;;"SCUOLA PRIMARIA PARITARIA ""ORSOLINE DI SAN CARLO""";;MILANO;SCUOLA PRIMARIA NON STATALE;;;Non Disponibile;ORSOLINELANZONE@PEC.IT;VIA LANZONE53;MILANO;LOMBARDIA;SI;www.orsolinescuolalanzone.it;False;9,174606800000001;45,4615371;SCUOLA PRIMARIA;298
MI1M05300D;201617;NORD OVEST;20122,0;F205;;;SCUOLA SECONDARIA DI 1 GR. DE AMICIS;;MILANO;SCUOLA SEC. PRIMO GRADO NON STATALE;;;INFO@ISTITUTIDEAMICIS.IT;Non Disponibile;V.LAMARMORA 34;MILANO;LOMBARDIA;SI;www.istitutideamicis.it;False;9,201708;45,456891;SCUOLA SECONDARIA I GRADO;30
MI1E14300E;201617;NORD OVEST;20147,0;F205;;;MERKOS L'INYONEI CHINUCH;;MILANO;SCUOLA PRIMARIA NON STATALE;;;SEGRETERIA@MERKOS.IT;Non Disponibile;VIA DELLE FORZE ARMATE61;MILANO;LOMBARDIA;SI;Non Disponibile;False;9,1306371;45,4628305;SCUOLA PRIMARIA;68
MI1M071003;201617;NORD OVEST;20132,0;F205;;;SCUOLA SECONDARIA DI 1 GR. MARIA MATER MEA ORSOLINE;;MILANO;SCUOLA SEC. PRIMO GRADO NON STATALE;;;MARIAMATERMEA@LIBERO.IT;Non Disponibile;V.PUSIANO 57;MILANO;LOMBARDIA;SI;www.matermea.it;False;9,246280700000002;45,5004778;SCUOLA SECONDARIA I GRADO;76
