CODICEIDENTIFICATIVOFARMACIA;CODFARMACIAASSEGNATODAASL;INDIRIZZO;DESCRIZIONEFARMACIA;PARTITAIVA;CAP;CODICECOMUNEISTAT;DESCRIZIONECOMUNE;FRAZIONE;CODICEPROVINCIAISTAT;SIGLAPROVINCIA;DESCRIZIONEPROVINCIA;CODICEREGIONE;DESCRIZIONEREGIONE;DATAINIZIOVALIDITA;DATAFINEVALIDITA;DESCRIZIONETIPOLOGIA;CODICETIPOLOGIA;Lat;Long;LOCALIZE
2596;0;Via Comacchio, 4;ANTICA FARMACIA DELL'ABBAZIA DI CHIARAVALLE SNC;7712200968;20139;15146;MILANO;-;15;MI;MILANO;30;LOMBARDIA;01/07/2017;-;Ordinaria;1;45.4374449977;9.218611951;1
2597;0;Via C. Farini, 5 - Ang. Ceresio;GIANNONE;7160600156;20154;15146;MILANO;-;15;MI;MILANO;30;LOMBARDIA;01/01/2005;-;Ordinaria;1;45.4666212;9.1906166;1
2598;0;Piazza Freud snc - Staz. F.S. Porta Garibaldi;STAZIONE GARIBALDI SAS DI CRISTINA TOSI & C.;5262890964;20154;15146;MILANO;Staz. F.S. Porta Garibaldi;15;MI;MILANO;30;LOMBARDIA;01/12/2016;-;Ordinaria;1;45.4841153;9.1888315;1
2599;0;Via Schiapparelli, 4;PONTE SEVESO;1533800155;20125;15146;MILANO;-;15;MI;MILANO;30;LOMBARDIA;01/01/2005;-;Ordinaria;1;45.4666212;9.1906166;1
2600;0;Via Buonarroti, 5;FARMACIA WAGNER DI DR. MANCINI GABRIO E C. S.A.S.;8844420961;20149;15146;MILANO;-;15;MI;MILANO;30;LOMBARDIA;01/07/2017;-;Ordinaria;1;45.4452423035;9.1025622538;1
2601;0;Viale Bligny, 47;NUOVA BERETTA SNC DI SILVIA BASSI & C.;8586580964;20136;15146;MILANO;-;15;MI;MILANO;30;LOMBARDIA;01/07/2017;-;Ordinaria;1;45.4510979164;9.1916929843;1
2602;0;Viale Monza, 43/B;BERTA SNC;7087680968;20127;15146;MILANO;-;15;MI;MILANO;30;LOMBARDIA;01/01/2011;-;Ordinaria;1;45.4976955255;9.2201620643;1
2603;0;Via Pacini, 30;FARMACEUTICA BRAMANTE;1032620153;20131;15146;MILANO;-;15;MI;MILANO;30;LOMBARDIA;01/01/2005;-;Ordinaria;1;45.4666212;9.1906166;1
2604;0;Via Aldini, 108;PIMPINELLI;3709730968;20157;15146;MILANO;-;15;MI;MILANO;30;LOMBARDIA;01/01/2005;-;Ordinaria;1;45.4666212;9.1906166;1
2605;0;Piazzale di Porta Lodovica, 2;CALATAFIMI SAS DR. ZANETTI ANDREA & C.;5707780960;20136;15146;MILANO;-;15;MI;MILANO;30;LOMBARDIA;01/08/2007;-;Ordinaria;1;45.4522630404;9.1867058027;1
2606;0;Piazza Cinque Giornate, 7;CINQUE GIORNATE SNC;7111920968;20129;15146;MILANO;-;15;MI;MILANO;30;LOMBARDIA;01/03/2013;-;Ordinaria;1;45.4620705261;9.2071747478;1
2607;0;Via S. Galdino, 11;CENISIO BONTADINI FRANCESCA;4206570964;20154;15146;MILANO;-;15;MI;MILANO;30;LOMBARDIA;01/01/2005;-;Ordinaria;1;45.4873063;9.1666522;1
2608;0;Via A. Saffi, 6;CERINI;7734420966;20123;15146;MILANO;-;15;MI;MILANO;30;LOMBARDIA;01/07/2017;-;Ordinaria;1;45.5487334657;9.1967951196;1
2609;0;Piazza Bausan, 3;BOVISA;2908990159;20158;15146;MILANO;-;15;MI;MILANO;30;LOMBARDIA;01/01/2005;-;Ordinaria;1;45.4666212;9.1906166;1
2610;0;Piazza Cavour, 5;COMOTTI;259480150;20121;15146;MILANO;-;15;MI;MILANO;30;LOMBARDIA;01/01/2005;-;Ordinaria;1;45.4891957954;8.9708569622;1
2611;0;Corso Concordia, 16;CONCORDIA - DR. PAPA;3861090151;20129;15146;MILANO;-;15;MI;MILANO;30;LOMBARDIA;01/01/2005;-;Ordinaria;1;45.4678837266;9.2086971454;1
2612;0;Via Orefici, 2;COOP.FARM.DUOMO;774640155;20123;15146;MILANO;-;15;MI;MILANO;30;LOMBARDIA;01/01/2005;-;Ordinaria;1;45.4647073795;9.1869132052;1
2613;0;Via Fontana 1 - Angolo C.so Porta Vittoria, 36;COOP.FARM.VITTORIA;774640155;20122;15146;MILANO;-;15;MI;MILANO;30;LOMBARDIA;01/03/2013;-;Ordinaria;1;45.4666212;9.1906166;1
2614;0;Via Canonica, 6;COOP.FARM.CANONICA;774640155;20154;15146;MILANO;-;15;MI;MILANO;30;LOMBARDIA;01/01/2005;-;Ordinaria;1;45.4781895063;9.1759955504;1
2615;0;Via Pontaccio, 22;COOP.FARM.PONTACCIO;774640155;20121;15146;MILANO;-;15;MI;MILANO;30;LOMBARDIA;01/01/2005;-;Ordinaria;1;45.4727093015;9.1867605908;1
2616;0;Piazzale Sempione, 8;COOP.FARM.SEMPIONE;774640155;20154;15146;MILANO;-;15;MI;MILANO;30;LOMBARDIA;01/01/2005;-;Ordinaria;1;45.4666212;9.1906166;1
2617;0;Via Bigli, 28 (ang.via Manzoni);COOP.FARM.MANZONI;774640155;20121;15146;MILANO;-;15;MI;MILANO;30;LOMBARDIA;01/03/2013;-;Ordinaria;1;45.468810395;9.1935651224;1
2618;0;Via Giardini Aristice Calderini, 3;COOP.FARM.S.AGNESE;774640155;20123;15146;MILANO;-;15;MI;MILANO;30;LOMBARDIA;01/03/2013;-;Ordinaria;1;45.4666212;9.1906166;1
2619;0;Corso Vercelli, 5;COOP.FARM.VERCELLI;774640155;20144;15146;MILANO;-;15;MI;MILANO;30;LOMBARDIA;01/01/2005;-;Ordinaria;1;45.4667259825;9.1571565239;1
2620;0;Via Plinio, 1 ( ang.Piazza Lima);COOP.FARM.LIMA;774640155;20129;15146;MILANO;-;15;MI;MILANO;30;LOMBARDIA;01/03/2013;-;Ordinaria;1;45.4666212;9.1906166;1
2621;0;Piazza Baiamonti, 1;COOP.FARM.BAIAMONTI;774640155;20154;15146;MILANO;-;15;MI;MILANO;30;LOMBARDIA;01/01/2005;-;Ordinaria;1;45.4666212;9.1906166;1
2622;0;Corso Colombo, 1;COOP.FARM.COLOMBO;774640155;20144;15146;MILANO;-;15;MI;MILANO;30;LOMBARDIA;01/01/2005;-;Ordinaria;1;45.4550192037;9.1722727474;1
2623;0;Via Lamarmora, 2;COOP.FARM.LAMARMORA;774640155;20122;15146;MILANO;-;15;MI;MILANO;30;LOMBARDIA;01/01/2005;-;Ordinaria;1;45.5168907927;9.4549319969;1
2624;0;Via S. Giovanni sul Muro, 9;BENETTI SAS;8721720962;20121;15146;MILANO;-;15;MI;MILANO;30;LOMBARDIA;01/07/2017;-;Ordinaria;1;45.4664951002;9.1811221988;1
2625;0;Via Stradivari, 1;AMBRECK;1669440180;20131;15146;MILANO;-;15;MI;MILANO;30;LOMBARDIA;01/01/2005;-;Ordinaria;1;45.4151192573;9.1069018454;1
2626;0;Via Larga, 6;DEL DUOMO DEI DOTTORI RAFFAELE BALSAMO E IRENE BONADUCE & C. SAS;8052330969;20122;15146;MILANO;-;15;MI;MILANO;30;LOMBARDIA;01/07/2017;-;Ordinaria;1;45.46107805;9.1914934;1
2627;0;Piazza Vesuvio, 14;VESUVIO DR. BONANDRINI ACHILLE;13056950150;20144;15146;MILANO;-;15;MI;MILANO;30;LOMBARDIA;01/01/2005;-;Ordinaria;1;45.459565216;9.1595574693;1
2628;0;Via Leone Tolstoj, 17;TOLSTOJ DI DR. HASSAN SANDRO;9287610969;20146;15146;MILANO;-;15;MI;MILANO;30;LOMBARDIA;01/07/2017;-;Ordinaria;1;45.4572903804;9.1474959609;1
2629;0;Via S. Vittore, 12;DEI PADRI FATEBENEFRATELLI SRL;4638170961;20123;15146;MILANO;-;15;MI;MILANO;30;LOMBARDIA;01/01/2005;-;Ordinaria;1;45.4658022833;8.9221342006;1
2630;0;Via Sardegna, 31;SARDEGNA S.N.C. -DR. DAVIDE MAZZOLI &C.;5345570963;20146;15146;MILANO;-;15;MI;MILANO;30;LOMBARDIA;01/01/2008;-;Ordinaria;1;45.4636413148;9.1525848092;1
2631;0;Via Plinio, 11;PLINIO;5504470963;20129;15146;MILANO;-;15;MI;MILANO;30;LOMBARDIA;01/04/2007;-;Ordinaria;1;45.6004880351;8.9057224463;1
2632;0;Via Monte Palombino, 9;PENNAGLIA;6731690159;20138;15146;MILANO;-;15;MI;MILANO;30;LOMBARDIA;01/01/2005;-;Ordinaria;1;45.4320230075;9.2442141625;1
2633;0;Via Lagrange, 2;DEL GENTILINO DR.SSA PERRICONE MARIA AGATA & C. SAS;6819600963;20136;15146;MILANO;-;15;MI;MILANO;30;LOMBARDIA;01/10/2015;-;Ordinaria;1;45.4666212;9.1906166;1
2634;0;Via Mazzini, 12;CARLO ALBERTO DEL DR. RAITERO MARCO SERGIO;6660150969;20123;15146;MILANO;-;15;MI;MILANO;30;LOMBARDIA;01/09/2009;-;Ordinaria;1;45.3965154211;8.9786912207;1
2635;0;Via Monte Rosa, 27;Farmacia Giulio Cesare S.n.c. Dei Dr. Roberto, Gabriele E Francesca Marzani;10107480963;20149;15146;MILANO;-;15;MI;MILANO;30;LOMBARDIA;01/02/2018;-;Ordinaria;1;45.5010255278;8.8516338614;1
2636;0;Corso S. Gottardo, 1;TICINESE;1660590157;20136;15146;MILANO;-;15;MI;MILANO;30;LOMBARDIA;01/01/2005;-;Ordinaria;1;45.4492665659;9.1797990807;1
2637;0;Via Bellotti, 1;PIAVE;3955010156;20129;15146;MILANO;-;15;MI;MILANO;30;LOMBARDIA;01/01/2005;-;Ordinaria;1;45.5051409047;8.8190007404;1
2638;0;Via Novara, 90;NOVARA SAS DR MONTI TRISCHITTA PAOLO & C.;8267990961;20153;15146;MILANO;-;15;MI;MILANO;30;LOMBARDIA;01/07/2017;-;Ordinaria;1;45.4883436513;9.0695265825;1
2639;0;Via Degli Imbriani, 35;Farmacia Imbriani S.a.s.;5937180965;20158;15146;MILANO;-;15;MI;MILANO;30;LOMBARDIA;01/03/2018;-;Ordinaria;1;45.4666212;9.1906166;1
2640;0;Via R. di Lauria, 22;FIRENZE;3844730154;20149;15146;MILANO;-;15;MI;MILANO;30;LOMBARDIA;01/01/2005;-;Ordinaria;1;45.4666212;9.1906166;1
2641;0;Via V. Pisani, 26;PISANI 26;7219710154;20124;15146;MILANO;-;15;MI;MILANO;30;LOMBARDIA;01/03/2013;-;Ordinaria;1;45.4837342;9.2042074;1
2642;0;Corso Buenos Ayres, 55;MARINONI SNC DEL DR. P. BRUNO & C. SNC;5469080963;20124;15146;MILANO;-;15;MI;MILANO;30;LOMBARDIA;01/07/2007;-;Ordinaria;1;45.4666212;9.1906166;1
2643;0;Via Nicola Piccinni, 1/3;MAZZOLENI SNC;1032660159;20131;15146;MILANO;-;15;MI;MILANO;30;LOMBARDIA;01/10/2015;-;Ordinaria;1;45.4825605649;9.2152715173;1
2644;0;Via Washington, 98;MATTALIA;850330150;20146;15146;MILANO;-;15;MI;MILANO;30;LOMBARDIA;01/01/2005;-;Ordinaria;1;45.4666212;9.1906166;1
2645;0;Via Pier Della Francesca, 3;FARINATTI SNC DR.SSA SILVIA FARINATTI & C.;842370157;20154;15146;MILANO;-;15;MI;MILANO;30;LOMBARDIA;01/01/2008;-;Ordinaria;1;45.56349225;9.20398755;1
2646;0;Viale Monte Nero, 59;MONTE NERO - DR. CRESPI;3955000157;20135;15146;MILANO;-;15;MI;MILANO;30;LOMBARDIA;01/07/2017;-;Ordinaria;1;45.4686200389;8.9156959865;1
2647;0;Via Crema, 17;MINERVA SNC DR. SERGENT MARCEAU LUDOVICO & C.;8923090966;20135;15146;MILANO;-;15;MI;MILANO;30;LOMBARDIA;01/07/2017;-;Ordinaria;1;45.4510276786;9.2024316521;1
2648;0;Via Novara, 3;MELOZZO DA FORLI';842410151;20147;15146;MILANO;-;15;MI;MILANO;30;LOMBARDIA;01/01/2005;-;Ordinaria;1;45.4883436513;9.0695265825;1
2649;0;Via Carducci, 11;SCHIAVIO SNC;5271460965;20123;15146;MILANO;-;15;MI;MILANO;30;LOMBARDIA;01/04/2007;-;Ordinaria;1;45.5747829862;9.0736017212;1
2650;0;Via Strigelli, 2;FIORE SNC;7561670964;20135;15146;MILANO;-;15;MI;MILANO;30;LOMBARDIA;01/07/2017;-;Ordinaria;1;45.4666212;9.1906166;1
2651;0;Viale Montenero, 37;PALAZZOLO DEL DR. DANIELE OTTAVIO;9127160969;20135;15146;MILANO;-;15;MI;MILANO;30;LOMBARDIA;01/07/2017;-;Ordinaria;1;44.2644813345;12.3494466461;1
2652;0;Viale Affori, 10;PICCHIOTTI;427210158;20161;15146;MILANO;-;15;MI;MILANO;30;LOMBARDIA;01/01/2005;-;Ordinaria;1;45.5168606;9.16787935;1
2653;0;Piazzale Gabrio Piola, 1;CALO' DEL DR CALO' DANTE;9726360960;20131;15146;MILANO;-;15;MI;MILANO;30;LOMBARDIA;01/07/2017;-;Ordinaria;1;45.4666212;9.1906166;1
2654;0;Via Visconti Di Modrone, 1;PONTE VITTORIA SNC DR.SSA LOJERCIO ORIETTA & C.;4900610967;20122;15146;MILANO;-;15;MI;MILANO;30;LOMBARDIA;01/08/2007;-;Ordinaria;1;45.5734213423;8.916223247;1
2655;0;Via Alamanni, 2;ROCCHI;7646670963;20141;15146;MILANO;-;15;MI;MILANO;30;LOMBARDIA;01/07/2017;-;Ordinaria;1;45.4336890712;9.1994920089;1
2656;0;Piazzale Gorini, 14;ROSSETTO S.N.C. DR.SSA FRANCONE CRISTIANA & C.;1186290159;20133;15146;MILANO;-;15;MI;MILANO;30;LOMBARDIA;01/01/2005;-;Ordinaria;1;45.4666212;9.1906166;1
2657;0;Via S. Marco, 18;SALVI;2849140153;20121;15146;MILANO;-;15;MI;MILANO;30;LOMBARDIA;01/01/2005;-;Ordinaria;1;45.57067655;8.93376905;1
2658;0;Corso Garibaldi, 49;SANITAS;1567000151;20121;15146;MILANO;-;15;MI;MILANO;30;LOMBARDIA;01/01/2005;-;Ordinaria;1;45.466601316;8.9202501732;1
2659;0;Corso P.ta Ticinese, 50;DELLA CITTADELLA;2939320152;20123;15146;MILANO;-;15;MI;MILANO;30;LOMBARDIA;01/01/2005;-;Ordinaria;1;45.4654542;9.186516;1
2660;0;Via S. Vincenzo, 1;SANT'AGOSTINO;8972030962;20123;15146;MILANO;-;15;MI;MILANO;30;LOMBARDIA;01/07/2017;-;Ordinaria;1;45.4585398094;9.1748476769;1
2661;0;Corso Magenta, 96;S. TERESA;406140152;20123;15146;MILANO;-;15;MI;MILANO;30;LOMBARDIA;01/01/2005;-;Ordinaria;1;45.4658655767;9.1753143263;1
2662;0;Viale Romagna, 25;SOZZI SNC;7207710968;20133;15146;MILANO;-;15;MI;MILANO;30;LOMBARDIA;01/03/2011;-;Ordinaria;1;44.3011740239;12.3435787257;1
2663;0;Corso Buenos Aires, 39;BALDINI SNC;6161300964;20124;15146;MILANO;-;15;MI;MILANO;30;LOMBARDIA;01/03/2013;-;Ordinaria;1;45.4847156;9.21526455;1
2664;0;Via Varsavia, 4;DEL MERCATO;875580151;20137;15146;MILANO;-;15;MI;MILANO;30;LOMBARDIA;01/01/2005;-;Ordinaria;1;45.4666212;9.1906166;1
2665;0;Via Padova (ang. Celentano, 1);GLORIA SAS - FARMACIA FASOLIS;4582870962;20132;15146;MILANO;-;15;MI;MILANO;30;LOMBARDIA;01/04/2015;-;Ordinaria;1;45.4666212;9.1906166;1
2666;0;Corso 22 Marzo, 52/7;ANTICA FARMACIA DEL VERZIERE DI ROSANNA VIGANO' & C. SNC;9566000965;20137;15146;MILANO;-;15;MI;MILANO;30;LOMBARDIA;01/07/2017;-;Ordinaria;1;45.4622771738;9.2125305766;1
2667;0;Via Settembrini, 39;SCARLATTI S.N.C.-DR.SSA CARENZI MAURIZIA & C.;4997830155;20124;15146;MILANO;-;15;MI;MILANO;30;LOMBARDIA;01/01/2005;-;Ordinaria;1;45.4666212;9.1906166;1
2668;0;Via Emilio De Marchi, 10;DESENZANI SNC DR. DESENZANI GIANFRANCO & C.;2324680962;20125;15146;MILANO;-;15;MI;MILANO;30;LOMBARDIA;01/07/2007;-;Ordinaria;1;45.5636206172;9.1660131554;1
2669;0;Via Ornato, 13/A;ORNATO;6075690153;20162;15146;MILANO;-;15;MI;MILANO;30;LOMBARDIA;01/01/2005;-;Ordinaria;1;45.4666212;9.1906166;1
2670;0;Via Pola, 19;S. GIOVANNI SNC DR.SSA COSTA ANTONELLA & C.;5273210962;20124;15146;MILANO;-;15;MI;MILANO;30;LOMBARDIA;01/04/2007;-;Ordinaria;1;45.5611825;9.15740415;1
2671;0;Via Rombon, 29;ROMBON;4113380150;20134;15146;MILANO;-;15;MI;MILANO;30;LOMBARDIA;01/01/2005;-;Ordinaria;1;45.4863313064;9.2407520803;1
2672;0;Viale Suzzani, 273;BICOCCA SNC;5381100964;20162;15146;MILANO;-;15;MI;MILANO;30;LOMBARDIA;01/04/2007;-;Ordinaria;1;45.4666212;9.1906166;1
2673;0;Piazzale Cuoco, 8;MUNICIPALE N.43;13195220150;20137;15146;MILANO;-;15;MI;MILANO;30;LOMBARDIA;01/01/2005;-;Ordinaria;1;45.4666212;9.1906166;1
2674;0;VIA ARSIA, 152;VIALBA;1218860151;20157;15146;MILANO;-;15;MI;MILANO;30;LOMBARDIA;01/03/2013;-;Ordinaria;1;45.515620465;9.1279037196;1
2675;0;Piazza Scolari, 3;MUNICIPALE N.44;1199250158;20151;15146;MILANO;-;15;MI;MILANO;30;LOMBARDIA;01/01/2005;-;Ordinaria;1;45.4654542;9.186516;1
2676;0;Via Airolo, 36;TADDEI SNC DI BRUNA TADDEI & C.;8615080960;20159;15146;MILANO;-;15;MI;MILANO;30;LOMBARDIA;01/07/2017;-;Ordinaria;1;45.5015254354;9.1929822076;1
2677;0;Via Barzilai, 2;MUNICIPALE N.42;1199250158;20146;15146;MILANO;-;15;MI;MILANO;30;LOMBARDIA;01/01/2005;-;Ordinaria;1;45.4520425;9.1404621;1
2679;0;Via Saponaro, 34;BERTOLINI DISMO;8893370968;20142;15146;MILANO;-;15;MI;MILANO;30;LOMBARDIA;01/07/2017;-;Ordinaria;1;45.4070455;9.1739984;1
2680;0;Via S.Clicerio, 6;GANDOLFO;1366710158;20126;15146;MILANO;-;15;MI;MILANO;30;LOMBARDIA;01/01/2005;-;Ordinaria;1;45.4666212;9.1906166;1
2681;0;Piazza Duomo, 21;Farmacia Carlo Erba;2489000998;20121;15146;MILANO;-;15;MI;MILANO;30;LOMBARDIA;01/03/2018;-;Ordinaria;1;45.4666212;9.1906166;1
2682;0;Via Alex Visconti, 22/A;MUNICIPALE N.18;1199250158;20151;15146;MILANO;-;15;MI;MILANO;30;LOMBARDIA;01/01/2005;-;Ordinaria;1;45.503235526;9.1022398215;1
2683;0;Viale S. Gimignano, 30;CAMPIONI ANNA MARIA;1033420157;20146;15146;MILANO;-;15;MI;MILANO;30;LOMBARDIA;01/12/2014;-;Ordinaria;1;45.4577052041;9.1361861587;1
2684;0;Via Malpighi, 12;MALPIGHI - DR. GUFFANTI;248870966;20129;15146;MILANO;-;15;MI;MILANO;30;LOMBARDIA;01/01/2005;-;Ordinaria;1;45.4666212;9.1906166;1
2685;0;Via Vincenzo Monti, 56;GARINO SAS DI PERRECA PATRIZIA & C.;6922230962;20123;15146;MILANO;-;15;MI;MILANO;30;LOMBARDIA;01/07/2017;-;Ordinaria;1;45.5401351439;8.9743419756;1
2686;0;Via della Moscova, 22;GABBIANI DE VECCHI ENEA;4127060962;20121;15146;MILANO;-;15;MI;MILANO;30;LOMBARDIA;01/01/2005;-;Ordinaria;1;45.4767767578;9.1895140901;1
2687;0;Via Paravia, 75;S. ANNA DR.SSA BRAVI CRISTINA;9027010967;20148;15146;MILANO;-;15;MI;MILANO;30;LOMBARDIA;01/07/2017;-;Ordinaria;1;45.4666212;9.1906166;1
2688;0;Piazza 6 Febbraio, 16;ORIO SNC;7830220963;20145;15146;MILANO;-;15;MI;MILANO;30;LOMBARDIA;01/07/2017;-;Ordinaria;1;45.4778000158;9.1601236115;1
2689;0;Via Venosa, 4;MORTARA;6889170152;20137;15146;MILANO;-;15;MI;MILANO;30;LOMBARDIA;01/01/2005;-;Ordinaria;1;45.4666212;9.1906166;1
2690;0;Via Castelmorrone, 6;CASTELMORRONE - DR. ROTTEGLIA;4226820159;20129;15146;MILANO;-;15;MI;MILANO;30;LOMBARDIA;01/01/2005;-;Ordinaria;1;45.4666212;9.1906166;1
2691;0;Via Antonini, 56;LA SAPIENZA;2942570124;20141;15146;MILANO;-;15;MI;MILANO;30;LOMBARDIA;01/05/2011;-;Ordinaria;1;45.4666212;9.1906166;1
2692;0;Corso XXII Marzo, 23;VENTRINI SNC DR.I BADO' BRUNO & C.;5046640966;20129;15146;MILANO;-;15;MI;MILANO;30;LOMBARDIA;01/06/2006;-;Ordinaria;1;45.4619089;9.2374304;1
2693;0;Viale Corsica, 42;TOSCHI;793230152;20137;15146;MILANO;-;15;MI;MILANO;30;LOMBARDIA;01/01/2005;-;Ordinaria;1;44.27632635;12.3523328;1
2694;0;Via Tonale, 26;TONALE;3866530151;20125;15146;MILANO;-;15;MI;MILANO;30;LOMBARDIA;01/01/2005;-;Ordinaria;1;45.53481675;9.3327083;1
2695;0;Via Melchiorre Gioia, 43;HUMANITAS DI TOSELLI GIAMPIERO & C. SNC;12588160155;20124;15146;MILANO;-;15;MI;MILANO;30;LOMBARDIA;01/07/2017;-;Ordinaria;1;45.4874773;9.1985984;1
2696;0;Via Gulielmo Silva, 39;MANELLI DI MANELLI MARIA LUISA;2208060182;20149;15146;MILANO;-;15;MI;MILANO;30;LOMBARDIA;01/07/2017;-;Ordinaria;1;45.4782813;9.1470438;1
2698;0;Piazza Caneva, 3;MOTTA;3838570962;20154;15146;MILANO;-;15;MI;MILANO;30;LOMBARDIA;01/06/2009;-;Ordinaria;1;45.4666212;9.1906166;1
2699;0;Via Forze Armate, 212;FONTANA SAS DI MARTUSCELLI FRANCESCO & C.;6555180964;20152;15146;MILANO;-;15;MI;MILANO;30;LOMBARDIA;01/10/2015;-;Ordinaria;1;45.4666212;9.1906166;1
2700;0;Via Montegani, 4;SEMPIO DEI DR.I DANIELE SEMPIO E GIANANTONIO SEMPIO;9699540960;20141;15146;MILANO;-;15;MI;MILANO;30;LOMBARDIA;01/07/2017;-;Ordinaria;1;45.4340221962;9.1778899586;1
2701;0;Via Melchiorre Gioia, 135;MELCHIORRE GIOIA;5248820960;20125;15146;MILANO;-;15;MI;MILANO;30;LOMBARDIA;01/04/2007;-;Ordinaria;1;45.48445355;9.1950378;1
2702;0;Via Delle Betulle, 36/C;MUNICIPALE N.45;1199250158;20152;15146;MILANO;-;15;MI;MILANO;30;LOMBARDIA;01/01/2005;-;Ordinaria;1;45.523791255;9.3575787735;1
2703;0;Via Renato Serra, 52;SERRA;59170159;20149;15146;MILANO;-;15;MI;MILANO;30;LOMBARDIA;01/01/2005;-;Ordinaria;1;45.578741714;9.1677903514;1
2704;0;Via Padova Ang. Via Toselli, 2;MUNICIPALE N.82;13195220150;20127;15146;MILANO;-;15;MI;MILANO;30;LOMBARDIA;01/01/2005;-;Ordinaria;1;45.5002265;9.2348881;1
2705;0;Piazza Udine, 8;PALMANOVA;5234860962;20132;15146;MILANO;-;15;MI;MILANO;30;LOMBARDIA;01/06/2006;-;Ordinaria;1;45.4910689586;9.2369536767;1
2706;0;Via G. Murat, 85 - ang. Piazza Nizza;NIZZA SAS;6414420965;20159;15146;MILANO;-;15;MI;MILANO;30;LOMBARDIA;01/06/2009;-;Ordinaria;1;45.4666212;9.1906166;1
2707;0;Via Parenzo, 8;A.F.M. N. 2;13195220150;20151;15146;MILANO;-;15;MI;MILANO;30;LOMBARDIA;01/03/2013;-;Ordinaria;1;45.4854640121;9.1279973583;1
2708;0;Via Volvinio, 25;MUNICIPALE N.4;1199250158;20141;15146;MILANO;-;15;MI;MILANO;30;LOMBARDIA;01/01/2005;-;Ordinaria;1;45.4358032641;9.1836036921;1
2709;0;Via Bagarotti, 40;MUNICIPALE N.5;1199250158;20152;15146;MILANO;-;15;MI;MILANO;30;LOMBARDIA;01/01/2005;-;Ordinaria;1;45.4563154;9.0912538;1
2710;0;Piazza Monti, 9;MUNICIPALE N.6;1199250158;20153;15146;MILANO;-;15;MI;MILANO;30;LOMBARDIA;01/01/2005;-;Ordinaria;1;45.4654542;9.186516;1
2711;0;Via Forze Armate, 328;MUNICIPALE N.7;1199250158;20152;15146;MILANO;-;15;MI;MILANO;30;LOMBARDIA;01/01/2005;-;Ordinaria;1;45.4601282;9.0977591;1
2712;0;Via Livigno, 6/B;MUNICIPALE N.11;1199250158;20158;15146;MILANO;-;15;MI;MILANO;30;LOMBARDIA;01/01/2005;-;Ordinaria;1;45.4998492064;9.1783576036;1
2713;0;Via Suzzani, 155;MUNICIPALE N.16;1199250158;20162;15146;MILANO;-;15;MI;MILANO;30;LOMBARDIA;01/01/2005;-;Ordinaria;1;45.4666212;9.1906166;1
2714;0;VIa Pierlombardo, 19;MUNICIPALE N.15;1199250158;20135;15146;MILANO;-;15;MI;MILANO;30;LOMBARDIA;01/01/2005;-;Ordinaria;1;45.4666212;9.1906166;1
2715;0;Piazza Prealpi, 3;MUNICIPALE N.19;13195220150;20155;15146;MILANO;-;15;MI;MILANO;30;LOMBARDIA;01/01/2005;-;Ordinaria;1;45.4946988111;9.1535320234;1
2716;0;Via Pascoli, 80;MUNICIPALE N.3;1199250158;20133;15146;MILANO;-;15;MI;MILANO;30;LOMBARDIA;01/01/2005;-;Ordinaria;1;45.4239533112;9.3628163545;1
2717;0;Piazza Bonomelli, 4;MUNICIPALE N.13;1199250158;20139;15146;MILANO;-;15;MI;MILANO;30;LOMBARDIA;01/01/2005;-;Ordinaria;1;45.4666212;9.1906166;1
2718;0;Via Fratelli Zoia, 43;MUNICIPALE N.22;13195220150;20134;15146;MILANO;-;15;MI;MILANO;30;LOMBARDIA;01/07/2016;-;Ordinaria;1;45.4666212;9.1906166;1
2719;0;Via Lomellina ang. Via Monte Suello, 1;MUNICIPALE N.23;13195220150;20133;15146;MILANO;-;15;MI;MILANO;30;LOMBARDIA;01/01/2005;-;Ordinaria;1;45.4666212;9.1906166;1
2720;0;Via Forze Armate, 44;MUNICIPALE N.25;1199250158;20147;15146;MILANO;-;15;MI;MILANO;30;LOMBARDIA;01/01/2005;-;Ordinaria;1;45.4666212;9.1906166;1
2721;0;Via S. Gimignano, 13/A;CATTANEO;5665730965;20146;15146;MILANO;-;15;MI;MILANO;30;LOMBARDIA;01/07/2007;-;Ordinaria;1;45.4577052041;9.1361861587;1
2722;0;Via Palanzone, 32;MUNICIPALE N.10;1199250158;20162;15146;MILANO;-;15;MI;MILANO;30;LOMBARDIA;01/01/2005;-;Ordinaria;1;45.5185869835;9.1927575018;1
2723;0;Via Chiarelli, 10;MUNICIPALE N.81;1199250158;20151;15146;MILANO;-;15;MI;MILANO;30;LOMBARDIA;01/01/2005;-;Ordinaria;1;45.4914792;9.1222868;1
2724;0;Via Capuana, 3;MUNICIPALE N.26;1199250158;20157;15146;MILANO;-;15;MI;MILANO;30;LOMBARDIA;01/01/2005;-;Ordinaria;1;45.5601830192;9.2120822324;1
2725;0;Via Fratelli Lumiere, 2;BARNI;5322260968;20127;15146;MILANO;-;15;MI;MILANO;30;LOMBARDIA;01/04/2007;-;Ordinaria;1;45.52236675;9.26286895;1
2726;0;Via Val Maira, 14;MUNICIPALE N.8;1199250158;20162;15146;MILANO;-;15;MI;MILANO;30;LOMBARDIA;01/01/2005;-;Ordinaria;1;45.5090805368;9.1981615688;1
2727;0;Piazza Axum, 5/3;MUNICIPALE N.20;1199250158;20151;15146;MILANO;-;15;MI;MILANO;30;LOMBARDIA;01/01/2005;-;Ordinaria;1;45.4755370521;9.1235171631;1
2728;0;Via Teodosio, 104;MUNICIPALE N.28;1199250158;20131;15146;MILANO;-;15;MI;MILANO;30;LOMBARDIA;01/01/2005;-;Ordinaria;1;45.4903770122;9.2298755798;1
2729;0;Via Lessona, 55;MUNICIPALE N.29;1199250158;20157;15146;MILANO;-;15;MI;MILANO;30;LOMBARDIA;01/01/2005;-;Ordinaria;1;45.4666212;9.1906166;1
2730;0;Viale Espinasse, 30;AMORETTI SNC DI CRUPI NICOLA E C. SNC;6469250960;20156;15146;MILANO;-;15;MI;MILANO;30;LOMBARDIA;01/02/2017;-;Ordinaria;1;45.4666212;9.1906166;1
2731;0;Via Paolo Sarpi, 62;MARISCOTTI;3671660151;20154;15146;MILANO;-;15;MI;MILANO;30;LOMBARDIA;01/01/2005;-;Ordinaria;1;45.4812060591;9.1739274891;1
2732;0;VIa Iglesias, 48;MUNICIPALE N.12;1199250158;20128;15146;MILANO;-;15;MI;MILANO;30;LOMBARDIA;01/01/2005;-;Ordinaria;1;45.4666212;9.1906166;1
2733;0;Via Morgantini, 14;MUNICIPALE N.24;1199250158;20148;15146;MILANO;-;15;MI;MILANO;30;LOMBARDIA;01/01/2005;-;Ordinaria;1;45.4700609;9.1342583;1
2734;0;Via Angeloni, 33;MUNICIPALE N.33;1199250158;20161;15146;MILANO;-;15;MI;MILANO;30;LOMBARDIA;01/01/2005;-;Ordinaria;1;45.4666212;9.1906166;1
2735;0;Via Vetta d'Italia, 18;MUNICIPALE N.37;1199250158;20144;15146;MILANO;-;15;MI;MILANO;30;LOMBARDIA;01/01/2005;-;Ordinaria;1;45.4606956121;9.1580872048;1
2736;0;Via Vignoli, 42/44;MUNICIPALE N.31;1199250158;20146;15146;MILANO;-;15;MI;MILANO;30;LOMBARDIA;01/01/2005;-;Ordinaria;1;45.4666212;9.1906166;1
2737;0;Via Petrocchi, 21;MUNICIPALE N.35;1199250158;20127;15146;MILANO;-;15;MI;MILANO;30;LOMBARDIA;01/01/2005;-;Ordinaria;1;45.5026765;9.2249421;1
2738;0;Via Ressi, 23;MUNICIPALE N.32;1199250158;20125;15146;MILANO;-;15;MI;MILANO;30;LOMBARDIA;01/01/2005;-;Ordinaria;1;45.4666212;9.1906166;1
2739;0;Via Rogoredo, 113;MUNICIPALE N.30;1199250158;20138;15146;MILANO;-;15;MI;MILANO;30;LOMBARDIA;01/01/2005;-;Ordinaria;1;45.4285836528;9.2482082832;1
2740;0;Via Astesani, 43/45;MUNICIPALE N.21;1199250158;20161;15146;MILANO;-;15;MI;MILANO;30;LOMBARDIA;01/01/2005;-;Ordinaria;1;45.4666212;9.1906166;1
2741;0;Via Saponaro, 2/C;COMUNALE N.38;13195220150;20142;15146;MILANO;-;15;MI;MILANO;30;LOMBARDIA;01/03/2017;-;Ordinaria;1;45.4666212;9.1906166;1
2742;0;Via Marucchetti, 27;MUNICIPALE N.34;1199250158;20139;15146;MILANO;-;15;MI;MILANO;30;LOMBARDIA;01/01/2005;-;Ordinaria;1;45.4654542;9.186516;1
2743;0;Piazza Anita Garibaldi, 8;MUNICIPALE N.39;1199250158;20153;15146;MILANO;-;15;MI;MILANO;30;LOMBARDIA;01/01/2005;-;Ordinaria;1;45.4631464407;9.0877131995;1
2744;0;Via Nicolaiewka, 3;MUNICIPALE N.36;1199250158;20152;15146;MILANO;-;15;MI;MILANO;30;LOMBARDIA;01/01/2005;-;Ordinaria;1;45.4666212;9.1906166;1
2745;0;Via Mecenate, 25;MUNICIPALE N.9;13195220150;20138;15146;MILANO;-;15;MI;MILANO;30;LOMBARDIA;01/01/2005;-;Ordinaria;1;45.4491773048;9.253311589;1
2746;0;Via Ungaretti, 12;OGGIARO SAS DR. MONTAGNANI MARELLI MARCO & C.;4720760968;20157;15146;MILANO;-;15;MI;MILANO;30;LOMBARDIA;01/07/2007;-;Ordinaria;1;45.5332062442;9.3708346904;1
2747;0;Via Boifava, 4/C;MUNICIPALE N.40;13195220150;20142;15146;MILANO;-;15;MI;MILANO;30;LOMBARDIA;01/01/2005;-;Ordinaria;1;45.4666212;9.1906166;1
2748;0;Piazza Zavattari ang.Murillo;MUNICIPALE N.80;1199250158;20149;15146;MILANO;-;15;MI;MILANO;30;LOMBARDIA;01/01/2005;-;Ordinaria;1;45.4666212;9.1906166;1
2749;0;Viale Suzzani, 239;MUNICIPALE N.41;1199250158;20162;15146;MILANO;-;15;MI;MILANO;30;LOMBARDIA;01/01/2005;-;Ordinaria;1;45.4666212;9.1906166;1
2750;0;Via Ciceri Visconti, 10;MUNICIPALE N.27;1199250158;20137;15146;MILANO;-;15;MI;MILANO;30;LOMBARDIA;01/01/2005;-;Ordinaria;1;45.4666212;9.1906166;1
2751;0;Corso Buenos Aires, 14;VENEZIA SAS;13172380159;20124;15146;MILANO;-;15;MI;MILANO;30;LOMBARDIA;01/03/2010;-;Ordinaria;1;45.4847156;9.21526455;1
2752;0;Viale Ungheria, 10;UNGHERIA DI DE LUCA EREDI SDF;10635170151;20138;15146;MILANO;-;15;MI;MILANO;30;LOMBARDIA;01/01/2005;-;Ordinaria;1;45.4463258577;9.2532236777;1
2753;0;Piazza 5 Giornate, 6;FERRARINI SNC DI VIGANO' SOFIA & C.;4026870966;20129;15146;MILANO;-;15;MI;MILANO;30;LOMBARDIA;01/01/2005;-;Ordinaria;1;45.4620705261;9.2071747478;1
2754;0;Corso Plebisciti, 7;PLEBISCITI SNC;5752130962;20129;15146;MILANO;-;15;MI;MILANO;30;LOMBARDIA;01/03/2013;-;Ordinaria;1;45.4678718603;9.2201312475;1
2755;0;Via Fratelli Zoia, 84/2;S. ELENA;1033350156;20153;15146;MILANO;-;15;MI;MILANO;30;LOMBARDIA;01/01/2005;-;Ordinaria;1;45.4654775184;9.1099133086;1
2756;0;Piazza Insubria, 11;INSUBRIA SNC;6805380968;20137;15146;MILANO;-;15;MI;MILANO;30;LOMBARDIA;01/04/2010;-;Ordinaria;1;45.4522965;9.220793;1
2757;0;Corso Sempione, 67;CANOSSA DEL DR. FERRARESI RICCARDO;7065570967;20149;15146;MILANO;-;15;MI;MILANO;30;LOMBARDIA;01/10/2010;-;Ordinaria;1;45.4848327268;9.159731684;1
2758;0;Via Lessona, 2;LANZANI SNC DR. LANZANI GIANBATTISTA & C.;5270390965;20157;15146;MILANO;-;15;MI;MILANO;30;LOMBARDIA;01/01/2013;-;Ordinaria;1;45.4666212;9.1906166;1
2759;0;Viale Suzzani 18;SUZZANI SNC DI ROMANO E ALBERTO MISSAGLIA;3860200967;20162;15146;MILANO;-;15;MI;MILANO;30;LOMBARDIA;01/04/2015;-;Ordinaria;1;45.4666212;9.1906166;1
2760;0;Via Saint Bon, 2;SAINT BON S.A.S. DEL DR. COLOMBO MATTEO & C.;8213340964;20147;15146;MILANO;-;15;MI;MILANO;30;LOMBARDIA;01/07/2017;-;Ordinaria;1;45.461113;9.120226;1
2761;0;Via Monterotondo, 1;NIGUARDA SAS DR.SSA BARONCINI ORNELLA & C.;5381520963;20162;15146;MILANO;-;15;MI;MILANO;30;LOMBARDIA;01/07/2007;-;Ordinaria;1;44.257511759;12.3573691681;1
2762;0;P.zale Duca D'Aosta, 2-Staz. Centrale-Pianobinario;STAZIONE CENTRALE SAS;884780156;20124;15146;MILANO;-;15;MI;MILANO;30;LOMBARDIA;01/03/2013;-;Ordinaria;1;45.4666212;9.1906166;1
2763;0;Via Fratelli Zanzottera, 12;MUNICIPALE N.49;1199250158;20153;15146;MILANO;-;15;MI;MILANO;30;LOMBARDIA;01/01/2005;-;Ordinaria;1;45.4923097105;9.0723039449;1
2764;0;Via E. Ponti;AZIENDA FARMACIE MILANESI SPA O SOLO A.F.M. S.P.A.;13195220150;20143;15146;MILANO;-;15;MI;MILANO;30;LOMBARDIA;01/02/2017;-;Ordinaria;1;45.4666212;9.1906166;1
2765;0;Via Padova, 256 (Via Pieri 1);MUNICIPALE N.51;13195220150;20127;15146;MILANO;-;15;MI;MILANO;30;LOMBARDIA;01/01/2005;-;Ordinaria;1;45.507474;9.2441543;1
2766;0;Via Sulmona, 23;MUNICIPALE N.54;1199250158;20139;15146;MILANO;-;15;MI;MILANO;30;LOMBARDIA;01/01/2005;-;Ordinaria;1;45.4444746;9.2277538;1
2767;0;Via Cignoli, 1;MUNICIPALE N.46;1199250158;20151;15146;MILANO;-;15;MI;MILANO;30;LOMBARDIA;01/01/2005;-;Ordinaria;1;45.4666212;9.1906166;1
2768;0;Via Foppa, 5;MUNICIPALE N.47;1199250158;20121;15146;MILANO;-;15;MI;MILANO;30;LOMBARDIA;01/01/2005;-;Ordinaria;1;45.4587523;9.1637199;1
2769;0;Via Ampere, 87;MUNICIPALE N.50;13195220150;20131;15146;MILANO;-;15;MI;MILANO;30;LOMBARDIA;01/01/2005;-;Ordinaria;1;45.5236708;9.2866416;1
2770;0;Via S.Paolino, 18;MUNICIPALE N.56;13195220150;20142;15146;MILANO;-;15;MI;MILANO;30;LOMBARDIA;01/01/2005;-;Ordinaria;1;45.4283041033;9.1596279595;1
2771;0;Via Ponte Nuovo, 40;PONTE NUOVO;8598300963;20128;15146;MILANO;-;15;MI;MILANO;30;LOMBARDIA;01/07/2017;-;Ordinaria;1;45.5118860317;9.2347921068;1
2772;0;Viale Aruzzi, 4;MUNICIPALE N.48;1199250158;20100;15146;MILANO;-;15;MI;MILANO;30;LOMBARDIA;01/01/2005;-;Ordinaria;1;45.4666212;9.1906166;1
2773;0;Via Del Pettirosso, 16;MUNICIPALE N.57;1199250158;20147;15146;MILANO;-;15;MI;MILANO;30;LOMBARDIA;01/01/2005;-;Ordinaria;1;45.4561344303;9.1213930071;1
2774;0;Via Poggibonsi, 14;MUNICIPALE N.52;1199250158;20146;15146;MILANO;-;15;MI;MILANO;30;LOMBARDIA;01/01/2005;-;Ordinaria;1;45.4666212;9.1906166;1
2775;0;Via Imbonati, 61;MUNICIPALE N.55;13195220150;20159;15146;MILANO;-;15;MI;MILANO;30;LOMBARDIA;01/01/2005;-;Ordinaria;1;45.4666212;9.1906166;1
2776;0;Via Grigna, 9;MUNICIPALE N.14;1199250158;20155;15146;MILANO;-;15;MI;MILANO;30;LOMBARDIA;01/01/2005;-;Ordinaria;1;45.56578835;8.9405373;1
2777;0;Via Palmanova, 67;MUNICIPALE N.58;1199250158;20132;15146;MILANO;-;15;MI;MILANO;30;LOMBARDIA;01/01/2005;-;Ordinaria;1;45.5024505308;9.2443870798;1
2778;0;Via Zuretti, 37;MUNICIPALE N.59;1199250158;20125;15146;MILANO;-;15;MI;MILANO;30;LOMBARDIA;01/01/2005;-;Ordinaria;1;45.4666212;9.1906166;1
2779;0;Via D'Agrate, 1;LLOYD FARMACIA COMUNALE N.60;1199250158;20139;15146;MILANO;-;15;MI;MILANO;30;LOMBARDIA;01/11/2015;-;Ordinaria;1;45.4367214239;9.2176298701;1
2780;0;Via R. Bonghi, 22;MUNICIPALE N.61;1199250158;20141;15146;MILANO;-;15;MI;MILANO;30;LOMBARDIA;01/01/2005;-;Ordinaria;1;45.4407087;9.1823976;1
2781;0;Via Illirico, 2;MUNICIPALE N.62;1199250158;20133;15146;MILANO;-;15;MI;MILANO;30;LOMBARDIA;01/01/2005;-;Ordinaria;1;45.4696972999;9.2324357439;1
2782;0;Via Barrili, 20;MONTEGANI SNC;5133410968;20141;15146;MILANO;-;15;MI;MILANO;30;LOMBARDIA;01/06/2006;-;Ordinaria;1;45.4337787;9.1776823;1
2783;0;Via G. Murat, 5;MUNICIPALE N.63;1199250158;20159;15146;MILANO;-;15;MI;MILANO;30;LOMBARDIA;01/01/2005;-;Ordinaria;1;45.4666212;9.1906166;1
2784;0;Via Arbe, 65;MUNICIPALE N.64;1199250158;20125;15146;MILANO;-;15;MI;MILANO;30;LOMBARDIA;01/01/2005;-;Ordinaria;1;45.5003573318;9.1991106172;1
2785;0;Via Compagnoni, 24;MUNICIPALE N.65;1199250158;20129;15146;MILANO;-;15;MI;MILANO;30;LOMBARDIA;01/01/2005;-;Ordinaria;1;45.4666212;9.1906166;1
2786;0;Via Alcuino, 18;MUNICIPALE N.66;1199250158;20149;15146;MILANO;-;15;MI;MILANO;30;LOMBARDIA;01/01/2005;-;Ordinaria;1;45.4823920652;9.1561003421;1
2788;0;Via Faccioli, 2;GASTALDI DOTT. CARLO BENZI E C. SNC;9162190962;20152;15146;MILANO;-;15;MI;MILANO;30;LOMBARDIA;01/07/2017;-;Ordinaria;1;45.4654542;9.186516;1
2789;0;Via Casoretto, 1;MUNICIPALE N.67;1199250158;20131;15146;MILANO;-;15;MI;MILANO;30;LOMBARDIA;01/01/2005;-;Ordinaria;1;45.488962612;9.2289017252;1
2790;0;Piazza Monte Titano;MUNICIPALE N.69;13195220150;20134;15146;MILANO;-;15;MI;MILANO;30;LOMBARDIA;01/01/2005;-;Ordinaria;1;45.4862496843;9.2377186461;1
2791;0;Via Famagosta, 40;MUNICIPALE N.70;1199250158;20142;15146;MILANO;-;15;MI;MILANO;30;LOMBARDIA;01/01/2005;-;Ordinaria;1;45.4376109586;9.1679128191;1
2792;0;Via Battistoni Sassi, 24;MUNICIPALE N.71;1199250158;20133;15146;MILANO;-;15;MI;MILANO;30;LOMBARDIA;01/01/2005;-;Ordinaria;1;45.4666212;9.1906166;1
2793;0;Via Cucchiari, 15;MUNICIPALE N.72;1199250158;20155;15146;MILANO;-;15;MI;MILANO;30;LOMBARDIA;01/01/2005;-;Ordinaria;1;45.4666212;9.1906166;1
2794;0;Via Sacco ang. P.za De Angeli;MUNICIPALE N.68;1199250158;20146;15146;MILANO;-;15;MI;MILANO;30;LOMBARDIA;01/01/2005;-;Ordinaria;1;45.4666697;9.1497941;1
2795;0;Viale Monza, 63;CONFALONIERI SNC DEL DOR. CONFALONIERI FEDERICO;8830300961;20125;15146;MILANO;-;15;MI;MILANO;30;LOMBARDIA;01/07/2017;-;Ordinaria;1;45.4976955255;9.2201620643;1
2796;0;Via Inganni, 40;COMUNALE 73;13195220150;20147;15146;MILANO;-;15;MI;MILANO;30;LOMBARDIA;01/08/2015;-;Ordinaria;1;45.4666212;9.1906166;1
2797;0;Piazza Falterona, 3;MUNICIPALE N.74;1199250158;20148;15146;MILANO;-;15;MI;MILANO;30;LOMBARDIA;01/01/2005;-;Ordinaria;1;45.4666212;9.1906166;1
2798;0;Via Masotto, 1;ARGONNE SAS DEL DR. MAZZANTINI MASSIMO & C.;7117510961;20133;15146;MILANO;-;15;MI;MILANO;30;LOMBARDIA;01/12/2016;-;Ordinaria;1;45.46694046;9.2324250068;1
2799;0;Via Giorgio Washington, 74;MUNICIPALE N.75;13195220150;20146;15146;MILANO;-;15;MI;MILANO;30;LOMBARDIA;01/01/2005;-;Ordinaria;1;45.4553821773;9.1549862028;1
2800;0;Via Dei Guarneri, 24;MUNICIPALE N.76;13195220150;20141;15146;MILANO;-;15;MI;MILANO;30;LOMBARDIA;01/01/2005;-;Ordinaria;1;45.4666212;9.1906166;1
2802;0;Via Cesare Correnti, 2;ALLEANZA FARMACEUTICA;2309010151;20123;15146;MILANO;-;15;MI;MILANO;30;LOMBARDIA;01/01/2005;-;Ordinaria;1;45.3992002591;8.9127823783;1
2803;0;Via Porpora, 169;MUNICIPALE N.77;13195220150;20131;15146;MILANO;-;15;MI;MILANO;30;LOMBARDIA;01/01/2005;-;Ordinaria;1;45.5601424;8.9377549;1
2804;0;Via Sismondi, 67;MUNICIPALE N.78;1199250158;20133;15146;MILANO;-;15;MI;MILANO;30;LOMBARDIA;01/01/2005;-;Ordinaria;1;45.4666212;9.1906166;1
2805;0;Via De Ruggero, 8;MUNICIPALE N.79;1199250158;20142;15146;MILANO;-;15;MI;MILANO;30;LOMBARDIA;01/01/2005;-;Ordinaria;1;45.4666212;9.1906166;1
2806;0;Via Ripamonti, 108;VIGENTINO DI LOFRESE DR.SSA LAURA;9047220968;20141;15146;MILANO;-;15;MI;MILANO;30;LOMBARDIA;01/07/2017;-;Ordinaria;1;45.4193172021;9.2044512624;1
2807;0;Via Broletto, 30;BROLETTO;8043670960;20121;15146;MILANO;-;15;MI;MILANO;30;LOMBARDIA;01/07/2017;-;Ordinaria;1;45.46887065;9.1853961;1
2808;0;Via Casarsa, 13;CASARSA SNC  DR.SSA STAFUZZA LUCIANA;5322110965;20161;15146;MILANO;-;15;MI;MILANO;30;LOMBARDIA;01/03/2013;-;Ordinaria;1;45.5245636;9.1746755;1
2809;0;Viale Monza, 226;MUNICIPALE N.83;1199250158;20128;15146;MILANO;-;15;MI;MILANO;30;LOMBARDIA;01/01/2005;-;Ordinaria;1;45.4976955255;9.2201620643;1
2810;0;Via Boccaccio, 26;BOCCACCIO;4636170153;20123;15146;MILANO;-;15;MI;MILANO;30;LOMBARDIA;01/01/2005;-;Ordinaria;1;45.5448753973;8.8515171941;1
2811;0;Viale Zara, 145;FALQUI;10169520151;20159;15146;MILANO;-;15;MI;MILANO;30;LOMBARDIA;01/05/2011;-;Ordinaria;1;45.5045103;9.19933685;1
2812;0;Via Archimede, 20;ARCHIMEDE SAS;9274580969;20129;15146;MILANO;-;15;MI;MILANO;30;LOMBARDIA;01/02/2016;-;Ordinaria;1;45.469996988;9.0687989287;1
2813;0;Via Paolo Sarpi, 14;PAOLO SARPI SNC DR. PIANA PIERO & C.;5565080966;20154;15146;MILANO;-;15;MI;MILANO;30;LOMBARDIA;01/07/2007;-;Ordinaria;1;45.4812060591;9.1739274891;1
2815;0;Via Collecchio, 4;QT8;7155480150;20148;15146;MILANO;-;15;MI;MILANO;30;LOMBARDIA;01/01/2005;-;Ordinaria;1;45.4859033702;9.1402560629;1
2816;0;Via Panfilo Castaldi, 29;DEL LAZZARETTO;7224570155;20124;15146;MILANO;-;15;MI;MILANO;30;LOMBARDIA;01/01/2005;-;Ordinaria;1;45.477034951;9.2023134457;1
2817;0;Viale Regina Giovanna, 42;AMBROSIANA;7210060153;20129;15146;MILANO;-;15;MI;MILANO;30;LOMBARDIA;01/01/2005;-;Ordinaria;1;45.4746239091;9.2110950161;1
2818;0;Via Quarenghi, 21/23 Cen.Bonola;BONOLA SAS DI POZZI AURORA & C.;5262890964;20151;15146;MILANO;-;15;MI;MILANO;30;LOMBARDIA;01/04/2007;-;Ordinaria;1;45.4974793;9.1109826;1
2819;0;Via P. Sottocorno, 1;PREMUDA -;7157520961;20129;15146;MILANO;-;15;MI;MILANO;30;LOMBARDIA;01/09/2011;-;Ordinaria;1;45.4666212;9.1906166;1
2820;0;Via Lorenteggio, 208;LORENTEGGIO SNC;13457600156;20147;15146;MILANO;-;15;MI;MILANO;30;LOMBARDIA;01/09/2010;-;Ordinaria;1;45.4445073518;9.1186432941;1
2821;0;Via Delle Ande, 5;COMINA SAS;5905960968;20151;15146;MILANO;-;15;MI;MILANO;30;LOMBARDIA;01/03/2013;-;Ordinaria;1;45.4953753053;9.127480939;1
2822;0;Via Rembrandt, 49;REMBRANDT;7666090159;20148;15146;MILANO;-;15;MI;MILANO;30;LOMBARDIA;01/03/2013;-;Ordinaria;1;45.4673695743;9.1389634174;1
2823;0;Via Cherubini, 2;CORSO VERCELLI DI CERA STEFANO;9479870967;20145;15146;MILANO;-;15;MI;MILANO;30;LOMBARDIA;01/07/2017;-;Ordinaria;1;45.4666212;9.1906166;1
2824;0;Via G. Forni, 34;DELLE QUERCE DEL DOTT. SERGIO SPITALERI & C. SAS;9065840960;20161;15146;MILANO;-;15;MI;MILANO;30;LOMBARDIA;01/07/2017;-;Ordinaria;1;45.4666212;9.1906166;1
2825;0;Ripa Ticinese, 33;DELLA RIPA;2061270167;20143;15146;MILANO;-;15;MI;MILANO;30;LOMBARDIA;01/11/2012;-;Ordinaria;1;45.4666212;9.1906166;1
2826;0;Corso Colombo, 6;NAZIONALE DR. BOGHI ALESSANDRO;3616430132;20144;15146;MILANO;-;15;MI;MILANO;30;LOMBARDIA;01/07/2017;-;Ordinaria;1;45.4550192037;9.1722727474;1
2827;0;Via Fiordalisi, 2;FIORDALISI;8121600152;20146;15146;MILANO;-;15;MI;MILANO;30;LOMBARDIA;01/01/2005;-;Ordinaria;1;45.4666212;9.1906166;1
2828;0;Via Olmetto, 21;OLMETTO;4603400963;20123;15146;MILANO;-;15;MI;MILANO;30;LOMBARDIA;01/01/2008;-;Ordinaria;1;45.4595805879;9.1854542623;1
2829;0;Via Solari, 40;SOLARI;7796270960;20144;15146;MILANO;-;15;MI;MILANO;30;LOMBARDIA;01/07/2017;-;Ordinaria;1;45.4302256865;9.1170491829;1
2830;0;Largo Murani, 2;CITTA' STUDI;8472290157;20133;15146;MILANO;-;15;MI;MILANO;30;LOMBARDIA;01/01/2005;-;Ordinaria;1;45.4654542;9.186516;1
2831;0;Viale Monza, 126;SOCIALE - DR. BERRA;8397670152;20127;15146;MILANO;-;15;MI;MILANO;30;LOMBARDIA;01/01/2005;-;Ordinaria;1;45.4976955255;9.2201620643;1
2832;0;Via Natta, 20;LAMPUGNANO;8299490154;20151;15146;MILANO;-;15;MI;MILANO;30;LOMBARDIA;01/01/2005;-;Ordinaria;1;45.1352035736;8.4534566492;1
2834;0;Via Bovisasca, 173;BOVISASCA;8404340153;20161;15146;MILANO;-;15;MI;MILANO;30;LOMBARDIA;01/01/2005;-;Ordinaria;1;45.5094512;9.159557;1
2835;0;Via Mercato, 1;DEL CARMINE;4394790879;20121;15146;MILANO;-;15;MI;MILANO;30;LOMBARDIA;01/04/2007;-;Ordinaria;1;45.4700626252;9.1848525269;1
2836;0;Via Zanoli, 3;AFFORI DI DOTT. SPAGGIARI LUIGI WAIFER & C  SAS;5513770965;20161;15146;MILANO;-;15;MI;MILANO;30;LOMBARDIA;01/01/2013;-;Ordinaria;1;45.4666212;9.1906166;1
2837;0;Via Giorgio Chavez, 19;PAVESIO SAS;5528980963;20131;15146;MILANO;-;15;MI;MILANO;30;LOMBARDIA;01/03/2013;-;Ordinaria;1;45.4966968169;9.2307758207;1
2838;0;C.so Europa, 12;S. CARLO DI SALDUTTI RAFFAELE & C. SAS;5610470964;20122;15146;MILANO;-;15;MI;MILANO;30;LOMBARDIA;01/05/2016;-;Ordinaria;1;45.4666212;9.1906166;1
2839;0;Via Torino ang. Stampa, 14;CARROBBIO DR.SSA BIGATTI SILVIA;2434220998;20123;15146;MILANO;-;15;MI;MILANO;30;LOMBARDIA;01/07/2017;-;Ordinaria;1;45.4666212;9.1906166;1
2840;0;Via De Pretis, 1;MUNICIPALE N.84;1199250158;20142;15146;MILANO;-;15;MI;MILANO;30;LOMBARDIA;01/01/2005;-;Ordinaria;1;45.4666212;9.1906166;1
2841;0;Via Bassano Porrone, 4;CENTRO MILANO SAS;6769500965;20121;15146;MILANO;-;15;MI;MILANO;30;LOMBARDIA;01/03/2010;-;Ordinaria;1;45.46627105;9.1876771;1
2842;0;Via Giambellino, 131/5;BIAZZI;8839640151;20147;15146;MILANO;-;15;MI;MILANO;30;LOMBARDIA;01/01/2005;-;Ordinaria;1;45.4446495341;9.1290643172;1
2843;0;Via Pavia, 1;S. GOTTARDO;9006400155;20136;15146;MILANO;-;15;MI;MILANO;30;LOMBARDIA;01/01/2005;-;Ordinaria;1;45.4988386;9.42997205;1
2844;0;Via Giambellino ,64;GIAMBELLINO;9013310157;20146;15146;MILANO;-;15;MI;MILANO;30;LOMBARDIA;01/01/2005;-;Ordinaria;1;45.4446495341;9.1290643172;1
2845;0;Largo Augusto, 8;LARGO AUGUSTO;8965820155;20122;15146;MILANO;-;15;MI;MILANO;30;LOMBARDIA;01/01/2005;-;Ordinaria;1;45.4633247897;9.1972952862;1
2846;0;Largo La Foppa, 1;RAIMONDI SNC;5752140961;20121;15146;MILANO;-;15;MI;MILANO;30;LOMBARDIA;01/12/2014;-;Ordinaria;1;45.4781642245;9.1847601881;1
2847;0;Via Sem Benelli, 11 - Ang. Via Uruguay;ZULIANI;667400964;20151;15146;MILANO;-;15;MI;MILANO;30;LOMBARDIA;01/01/2005;-;Ordinaria;1;45.4666212;9.1906166;1
2848;0;Via C. Matteucci, 4;INTERNAZIONALE;7144180960;20129;15146;MILANO;-;15;MI;MILANO;30;LOMBARDIA;01/01/2011;-;Ordinaria;1;45.4666212;9.1906166;1
2849;0;Via Predabissi, 2;MALUGANI SAS DR. GASTALDI GIANCARLO & C.;5528970964;20131;15146;MILANO;-;15;MI;MILANO;30;LOMBARDIA;01/12/2014;-;Ordinaria;1;45.4911701453;9.2189224016;1
2850;0;Viale Rimembranze M Lambrate, 18;S. MARTINO;9352810155;20134;15146;MILANO;-;15;MI;MILANO;30;LOMBARDIA;01/01/2005;-;Ordinaria;1;45.4666212;9.1906166;1
2851;0;Viale delle Rimembranze di Greco, 40;GRECO DI PICCARDI DOTT.NICOLA;9180910961;20125;15146;MILANO;-;15;MI;MILANO;30;LOMBARDIA;01/07/2017;-;Ordinaria;1;45.5679156626;9.0271822678;1
2852;0;Viale Tibaldi, 50;MONTAGNA;476120969;20136;15146;MILANO;-;15;MI;MILANO;30;LOMBARDIA;01/01/2005;-;Ordinaria;1;45.4441232418;9.181745512;1
2853;0;Corso Garibaldi, 83;DEL GARIBALDI;8958070156;20121;15146;MILANO;-;15;MI;MILANO;30;LOMBARDIA;01/01/2005;-;Ordinaria;1;45.466601316;8.9202501732;1
2854;0;Viale Zara, 38;CADDEO;9290410159;20124;15146;MILANO;-;15;MI;MILANO;30;LOMBARDIA;01/01/2005;-;Ordinaria;1;45.5045103;9.19933685;1
2855;0;Via Cassiodoro, 12;Farmacia Cassiodoro U.o. Della Societ√† F.cia Bonola Sas Di Pozzi Aurora & C.;5262890960;20145;15146;MILANO;-;15;MI;MILANO;30;LOMBARDIA;01/07/2017;-;Ordinaria;1;45.4753796446;9.159802982;1
2856;0;Via Litta Modignami, 5;F.LLI RAGNI SNC DI RAGNI DOTT. ANDREA;8441520965;20161;15146;MILANO;-;15;MI;MILANO;30;LOMBARDIA;01/07/2017;-;Ordinaria;1;45.4666212;9.1906166;1
2857;0;Via Carnevali, 70;S. LUCA - DR.SSA LIVRAGHI;9510150155;20158;15146;MILANO;-;15;MI;MILANO;30;LOMBARDIA;01/01/2005;-;Ordinaria;1;45.5030663;9.1705379;1
2858;0;Via Tibaldi, 15;TIBALDI SNC DI LAVAGNI PAOLA E DA RIVA LUCA CESARE;9089540968;20136;15146;MILANO;-;15;MI;MILANO;30;LOMBARDIA;01/07/2017;-;Ordinaria;1;45.4441232418;9.181745512;1
2859;0;Piazza Tricolore, 2;TADINI;9549510155;20142;15146;MILANO;-;15;MI;MILANO;30;LOMBARDIA;01/01/2005;-;Ordinaria;1;45.4679881272;9.2064252568;1
2860;0;Corso Lodi, 5;LODI SNC;7765250969;20135;15146;MILANO;-;15;MI;MILANO;30;LOMBARDIA;01/07/2017;-;Ordinaria;1;45.4497836181;9.2057463607;1
2861;0;Piazza S. Maria Beltrade, 1;BELTRADE DI SCOTTI MARIANGELA;7228520966;20123;15146;MILANO;-;15;MI;MILANO;30;LOMBARDIA;01/07/2017;-;Ordinaria;1;45.4666212;9.1906166;1
2862;0;Piazza Guardi, 15;BEATO ANGELICO- DR.SSA ROMANI;9817810154;20133;15146;MILANO;-;15;MI;MILANO;30;LOMBARDIA;01/01/2005;-;Ordinaria;1;45.4666212;9.1906166;1
2863;0;Via dell'Orso, 1;DELL'ORSO Giannoni Maria Rita;4939150969;20121;15146;MILANO;-;15;MI;MILANO;30;LOMBARDIA;01/01/2005;-;Ordinaria;1;45.4690722637;9.1868026205;1
2864;0;Corso P.ta Ticinese, 98;S. EUSTORGIO;9991730152;20123;15146;MILANO;-;15;MI;MILANO;30;LOMBARDIA;01/01/2005;-;Ordinaria;1;45.4666212;9.1906166;1
2865;0;Viale Forlanini, 50/5;FORLANINI;9833270151;20138;15146;MILANO;-;15;MI;MILANO;30;LOMBARDIA;01/01/2005;-;Ordinaria;1;45.4619521605;9.2764931686;1
2866;0;Piazzale Martesana, 4 -  Angolo V.le Monza;MONZA SNC DEL DOTTOR ALBERTO MISSAGLIA  E C.;9160770963;20126;15146;MILANO;-;15;MI;MILANO;30;LOMBARDIA;01/07/2017;-;Ordinaria;1;45.4976955255;9.2201620643;1
2867;0;Corso Genova, 27;GENOVA SAS;7210180969;20123;15146;MILANO;-;15;MI;MILANO;30;LOMBARDIA;01/09/2011;-;Ordinaria;1;45.1393615983;8.4600896002;1
2868;0;Piazza Morbegno, 3;MONTI;10095570155;20127;15146;MILANO;-;15;MI;MILANO;30;LOMBARDIA;01/03/2013;-;Ordinaria;1;45.4666212;9.1906166;1
2869;0;Via De Angeli, 1;DELLA ROGGIA;6401190969;20141;15146;MILANO;-;15;MI;MILANO;30;LOMBARDIA;01/04/2015;-;Ordinaria;1;45.4865317;8.8705705;1
2870;0;Via Stradella, 1;EUSTACHI SNC;7229380964;20129;15146;MILANO;-;15;MI;MILANO;30;LOMBARDIA;01/05/2011;-;Ordinaria;1;45.4666212;9.1906166;1
2871;0;Via Civitali, 41;S. MATTEO;10108970152;20148;15146;MILANO;-;15;MI;MILANO;30;LOMBARDIA;01/01/2005;-;Ordinaria;1;45.4666212;9.1906166;1
2872;0;Via Bodoni, 19;FUSCO - DR. MONTAGNANI MARELLI;10220170152;20155;15146;MILANO;-;15;MI;MILANO;30;LOMBARDIA;01/01/2005;-;Ordinaria;1;45.4666212;9.1906166;1
2873;0;Viale Umbria, 109;UMBRIA S.A.S.;4622770966;20135;15146;MILANO;-;15;MI;MILANO;30;LOMBARDIA;01/07/2011;-;Ordinaria;1;45.5264122;9.27326575;1
2874;0;Viale Certosa, 282;LAGHI;10224840156;20156;15146;MILANO;-;15;MI;MILANO;30;LOMBARDIA;01/01/2005;-;Ordinaria;1;45.5020475;9.1257425;1
2875;0;Via Lodovico Il Moro, 163;VAI;10215160150;20143;15146;MILANO;-;15;MI;MILANO;30;LOMBARDIA;01/01/2005;-;Ordinaria;1;45.44327765;9.13888205;1
2876;0;Viale Monza, 325;S. SPIRITO SNC DI DONATI MARIA LUISA E ALBERTOCCHI ROBERTO;5989380968;20126;15146;MILANO;-;15;MI;MILANO;30;LOMBARDIA;01/05/2008;-;Ordinaria;1;45.4976955255;9.2201620643;1
2877;0;Via Cinque Maggio, 1;VERCESI SAS;7492520965;20157;15146;MILANO;-;15;MI;MILANO;30;LOMBARDIA;01/10/2011;-;Ordinaria;1;45.5097600289;9.1331885608;1
2878;0;Via Candiani, 122;CAVALLI;9629510158;20158;15146;MILANO;-;15;MI;MILANO;30;LOMBARDIA;01/01/2005;-;Ordinaria;1;45.4988424;9.42296745;1
2879;0;Corso Sempione, 5;SEMPIONE DI GHEZA & C. SNC;-;20145;15146;MILANO;-;15;MI;MILANO;30;LOMBARDIA;01/07/2017;-;Ordinaria;1;45.4848327268;9.159731684;1
2880;0;Via Primaticcio, 217;SEGRE DELLA DR.SSA DEBORAH SEGRE;7475020967;20147;15146;MILANO;-;15;MI;MILANO;30;LOMBARDIA;01/01/2016;-;Ordinaria;1;45.4666212;9.1906166;1
2881;0;Via Primaticcio, 96;PRIMATICCIO 96;6327200967;20147;15146;MILANO;-;15;MI;MILANO;30;LOMBARDIA;01/07/2017;-;Ordinaria;1;45.4666212;9.1906166;1
2882;0;Via Marghera, 18;RAVIZZA SAS DELLA DR.SSA ALESSANDRA PEVIANI E C.;6578900968;20149;15146;MILANO;-;15;MI;MILANO;30;LOMBARDIA;01/02/2017;-;Ordinaria;1;45.4674731243;9.154139978;1
2883;0;Via della Spiga, 2;S. BABILA SNC DELLA DOTT.SSA SASSONE MARIA TERESA & C.;5757580963;20121;15146;MILANO;-;15;MI;MILANO;30;LOMBARDIA;01/10/2007;-;Ordinaria;1;45.4697987906;9.197269654;1
2884;0;Via E. Lussu, 4;ITALO INGLESE SNC;9617280152;20128;15146;MILANO;-;15;MI;MILANO;30;LOMBARDIA;01/01/2005;-;Ordinaria;1;45.4666212;9.1906166;1
2885;0;Corso Lodi, 62;SAN LUIGI SNC;4546580962;20139;15146;MILANO;-;15;MI;MILANO;30;LOMBARDIA;01/01/2008;-;Ordinaria;1;45.4497836181;9.2057463607;1
2886;0;Via Mario Pichi, 9;ALZAIA PAVESE SAS DR. CRUPI NICOLA & C.;4130990965;20149;15146;MILANO;-;15;MI;MILANO;30;LOMBARDIA;01/11/2014;-;Ordinaria;1;45.44745965;9.1751399;1
2887;0;Piazzale Loreto, 7;LORETO SNC DEL DR. GRECO ANTONIO MARIA & C.;10703870153;20131;15146;MILANO;-;15;MI;MILANO;30;LOMBARDIA;01/01/2005;-;Ordinaria;1;45.4862451651;9.2166698021;1
2888;0;Via Meda, 37;MEDA SNC;8119590969;20141;15146;MILANO;-;15;MI;MILANO;30;LOMBARDIA;01/07/2017;-;Ordinaria;1;45.5317552;8.9922384;1
2889;0;V.le Caterina Da Forli', 7;S. CATERINA;10702360156;20146;15146;MILANO;-;15;MI;MILANO;30;LOMBARDIA;01/03/2013;-;Ordinaria;1;45.4602568503;9.1422048897;1
2890;0;Piazza Costantino, 1;AL PONTE;2561690138;20128;15146;MILANO;-;15;MI;MILANO;30;LOMBARDIA;01/09/2008;-;Ordinaria;1;45.4666212;9.1906166;1
2891;0;Viale Certosa, 121;Farmacia Certosa S.a.s.;10704850154;20151;15146;MILANO;-;15;MI;MILANO;30;LOMBARDIA;01/09/2017;-;Ordinaria;1;45.4953970919;9.1398361622;1
2892;0;Via C. Dolci, 6;GRILLI SNC;10739420155;20149;15146;MILANO;-;15;MI;MILANO;30;LOMBARDIA;01/01/2005;-;Ordinaria;1;45.4666212;9.1906166;1
2893;0;Via Etna, 2;WASHINGTON SNC;6393130965;20146;15146;MILANO;-;15;MI;MILANO;30;LOMBARDIA;01/03/2013;-;Ordinaria;1;45.5470923;8.78375065;1
2894;0;Piazzale Martini, 3;S. CAMILLO SNC;10767360158;20137;15146;MILANO;-;15;MI;MILANO;30;LOMBARDIA;01/01/2005;-;Ordinaria;1;45.4666212;9.1906166;1
2895;0;Piazza Caiazzo, 2;Farmacia Fiduciaria Milano 1907 S.r.l.;10142390961;20124;15146;MILANO;-;15;MI;MILANO;30;LOMBARDIA;01/03/2018;-;Ordinaria;1;45.4850967246;9.2097659978;1
2896;0;Via G.A. Amadeo, 40;AMEDEO SAS;8906970960;20133;15146;MILANO;-;15;MI;MILANO;30;LOMBARDIA;01/07/2017;-;Ordinaria;1;45.4666212;9.1906166;1
2897;0;Piazza Stuparich, 4 ang. Via F. Albani;MODIANO;10843480152;20148;15146;MILANO;-;15;MI;MILANO;30;LOMBARDIA;01/01/2005;-;Ordinaria;1;45.4666212;9.1906166;1
2898;0;Via Edmondo De Amicis, 51;ARIBERTO SAS;10811240158;20123;15146;MILANO;-;15;MI;MILANO;30;LOMBARDIA;01/06/2016;-;Ordinaria;1;45.45755705;9.1713502;1
2899;0;Via G. Quarenghi, 40/1;VENTO Andreulli;4727500961;20151;15146;MILANO;-;15;MI;MILANO;30;LOMBARDIA;01/01/2013;-;Ordinaria;1;45.4666212;9.1906166;1
2900;0;VIA TRIVULZIO, 28;FONTANA DR MARCO FORESTI;10889380159;20147;15146;MILANO;-;15;MI;MILANO;30;LOMBARDIA;01/03/2013;-;Ordinaria;1;45.4635501954;9.1938794523;1
2901;0;Corso Porta Romana, 68;BORASI DI BORASI PAOLO & C. SAS;5115780156;20122;15146;MILANO;-;15;MI;MILANO;30;LOMBARDIA;01/01/2005;-;Ordinaria;1;45.4666212;9.1906166;1
2902;0;Via Crocefisso, 1;S. CELSO;10992670157;20122;15146;MILANO;-;15;MI;MILANO;30;LOMBARDIA;01/01/2005;-;Ordinaria;1;45.4572065472;9.1841870594;1
2903;0;Via Ugo Betti, 42/D;MADONNINA;6936580155;20151;15146;MILANO;-;15;MI;MILANO;30;LOMBARDIA;01/01/2005;-;Ordinaria;1;45.4961008183;9.1101939;1
2904;0;Piazza Bolivar, 11;INTERNAZIONALE BOLIVAR;11022640152;20146;15146;MILANO;-;15;MI;MILANO;30;LOMBARDIA;01/01/2005;-;Ordinaria;1;45.4654542;9.186516;1
2905;0;Viale Coni Zugna, 12;S. MICHELE;11006440157;20144;15146;MILANO;-;15;MI;MILANO;30;LOMBARDIA;01/03/2013;-;Ordinaria;1;45.4666212;9.1906166;1
2906;0;Corso 22 Marzo, 37;MOIZIO SNC;7355590964;20129;15146;MILANO;-;15;MI;MILANO;30;LOMBARDIA;01/07/2017;-;Ordinaria;1;45.4622771738;9.2125305766;1
2907;0;Via Rovereto, 14 Ang. Viale Monza;BANDI;5068190965;20127;15146;MILANO;-;15;MI;MILANO;30;LOMBARDIA;01/06/2006;-;Ordinaria;1;45.4666212;9.1906166;1
2908;0;Corso Indipendenza, 14;ITALIA SNC;10843300152;20129;15146;MILANO;-;15;MI;MILANO;30;LOMBARDIA;01/01/2005;-;Ordinaria;1;45.4682177134;9.21420495;1
2909;0;Via Falck, 19/A;G.DUE;2376000960;20151;15146;MILANO;-;15;MI;MILANO;30;LOMBARDIA;01/01/2005;-;Ordinaria;1;45.5000189;9.1036424;1
2910;0;Corso Monforte, 19;MONFORTE SNC;11016490150;20122;15146;MILANO;-;15;MI;MILANO;30;LOMBARDIA;01/01/2005;-;Ordinaria;1;45.4671623453;9.2018025373;1
2911;0;Galleria Felice Casati, 32;BRACCIO SNC;11015890152;20124;15146;MILANO;-;15;MI;MILANO;30;LOMBARDIA;01/03/2013;-;Ordinaria;1;45.4775505011;9.2018109826;1
2912;0;Viale Abruzzi, 23;ABRUZZI 23;6699680960;20131;15146;MILANO;-;15;MI;MILANO;30;LOMBARDIA;01/11/2009;-;Ordinaria;1;45.478755043;9.269658729;1
2913;0;Corso di Porta Romana,126 ang. Via Vaina;ALLA PORTA SNC DR. SARA MUSSETTA & C.;5353530966;20122;15146;MILANO;-;15;MI;MILANO;30;LOMBARDIA;01/04/2007;-;Ordinaria;1;45.4666212;9.1906166;1
2914;0;Viale Umbria, 19;METALLA SNC;11017670156;20135;15146;MILANO;-;15;MI;MILANO;30;LOMBARDIA;01/01/2005;-;Ordinaria;1;45.5264122;9.27326575;1
2915;0;Via Mac Mahon, 111;CARLETTI SAS;11017700151;20155;15146;MILANO;-;15;MI;MILANO;30;LOMBARDIA;01/01/2005;-;Ordinaria;1;45.4769974521;8.878328839;1
2916;0;Piazzale Archinto, 1;ARCHINTO;11174900156;20159;15146;MILANO;-;15;MI;MILANO;30;LOMBARDIA;01/01/2005;-;Ordinaria;1;45.4666212;9.1906166;1
2917;0;Via Ripamonti, 15;RIPAMONTI;12020110156;20136;15146;MILANO;-;15;MI;MILANO;30;LOMBARDIA;01/01/2005;-;Ordinaria;1;45.4193172021;9.2044512624;1
2918;0;Via Nino Bixio, 1;DE LUCA SNC;6759200964;20129;15146;MILANO;-;15;MI;MILANO;30;LOMBARDIA;01/01/2010;-;Ordinaria;1;45.5093252632;8.9077263195;1
2919;0;Piazza Gasparri, 9;COMASINA SAS;6579460962;20161;15146;MILANO;-;15;MI;MILANO;30;LOMBARDIA;01/09/2009;-;Ordinaria;1;45.4666212;9.1906166;1
2920;0;Via Medeghino, 27;CHIESA ROSSA - DR. LUMINI;11449900155;20141;15146;MILANO;-;15;MI;MILANO;30;LOMBARDIA;01/01/2005;-;Ordinaria;1;45.4316928719;9.1810495962;1
2921;0;Via Torino, 48;S. GIORGIO;11395060152;20123;15146;MILANO;-;15;MI;MILANO;30;LOMBARDIA;01/03/2013;-;Ordinaria;1;45.3863736419;9.1535170027;1
2922;0;Via Cordusio, 2;CORDUSIO SNC;8741670965;20123;15146;MILANO;-;15;MI;MILANO;30;LOMBARDIA;01/07/2017;-;Ordinaria;1;45.4646199628;9.1853718434;1
2923;0;Via Inganni, 81;NUOVA INGANNI SNC DI GALLARATI MANUELA & C.;3926990965;20147;15146;MILANO;-;15;MI;MILANO;30;LOMBARDIA;01/04/2017;-;Ordinaria;1;45.4666212;9.1906166;1
2924;0;Via Vitruvio, 11;GARINO DI PERRECA PATRIZIA & C. SAS;6922230963;20124;15146;MILANO;-;15;MI;MILANO;30;LOMBARDIA;01/08/2011;-;Ordinaria;1;45.4812358356;9.2088232991;1
2925;0;Viale Bligny, 23/A;BLIGNY;11507570155;20136;15146;MILANO;-;15;MI;MILANO;30;LOMBARDIA;01/01/2005;-;Ordinaria;1;45.4510979164;9.1916929843;1
2926;0;Via Thaon di Revel, 12;S. MARIA ALLA FONTANA;7617700153;20159;15146;MILANO;-;15;MI;MILANO;30;LOMBARDIA;01/03/2013;-;Ordinaria;1;45.4666212;9.1906166;1
2927;0;Via P. Boifava, 31/B;FARMACIA BOIFAVA DELLA DOTTORESSA MARCANTONIO CARLA E C.;10698600151;20142;15146;MILANO;-;15;MI;MILANO;30;LOMBARDIA;01/06/2016;-;Ordinaria;1;45.4666212;9.1906166;1
2928;0;Via Solferino, 25;SOLFERINO SAS DEL DOTT. TARALLO GIORGIO & C.;9085510965;20121;15146;MILANO;-;15;MI;MILANO;30;LOMBARDIA;01/07/2017;-;Ordinaria;1;45.135078;8.4575686;1
2929;0;Corso Lodi, 19;CORSICO;11650210153;20135;15146;MILANO;-;15;MI;MILANO;30;LOMBARDIA;01/01/2005;-;Ordinaria;1;45.4497836181;9.2057463607;1
2930;0;Via Viviani, 2;GALILEO SNC;11632930159;20124;15146;MILANO;-;15;MI;MILANO;30;LOMBARDIA;01/01/2005;-;Ordinaria;1;45.4666212;9.1906166;1
2931;0;Piazza della Repubblica, 32;STELLATO IDA;3966414061;20124;15146;MILANO;-;15;MI;MILANO;30;LOMBARDIA;01/07/2017;-;Ordinaria;1;44.2419752;12.36509885;1
2932;0;Via Lorenteggio, 22;PORTICI;11702960151;20146;15146;MILANO;-;15;MI;MILANO;30;LOMBARDIA;01/01/2005;-;Ordinaria;1;45.4445073518;9.1186432941;1
2933;0;Viale Monte Santo, 12;MONTE SANTO;1566990030;20124;15146;MILANO;-;15;MI;MILANO;30;LOMBARDIA;01/01/2005;-;Ordinaria;1;45.50219535;9.2899684869;1
2934;0;Piazzale G. Rosa, 11;S. RITA;11816820150;20139;15146;MILANO;-;15;MI;MILANO;30;LOMBARDIA;01/01/2005;-;Ordinaria;1;45.4654542;9.186516;1
2935;0;Via Sarpi, 53;ANGOLO DELLA SALUTE SNC - DR. FRANCESCO E LUCA SANTANGELO;6312070961;20154;15146;MILANO;-;15;MI;MILANO;30;LOMBARDIA;01/10/2015;-;Ordinaria;1;45.5685849695;9.0793848487;1
2936;0;Via Senato, 2;SENATO SAS DEL DOTT. STILO DOMENICO & C.;8801680961;20121;15146;MILANO;-;15;MI;MILANO;30;LOMBARDIA;01/07/2017;-;Ordinaria;1;45.5438222178;9.0826867876;1
2937;0;Via L. il Moro, 3;DALMAZIO;11835020154;20143;15146;MILANO;-;15;MI;MILANO;30;LOMBARDIA;01/01/2005;-;Ordinaria;1;45.4666212;9.1906166;1
2938;0;Via Grosotto, 5 - angolo via Traiano;AL PORTELLO SNC DI ALBERTO PAIANI E MICAELA CLEMENTE;5858450967;20149;15146;MILANO;-;15;MI;MILANO;30;LOMBARDIA;01/09/2016;-;Ordinaria;1;45.4657966125;9.1827416762;1
2939;0;Viale Coni Zugna, 43;OLONA SNC;7639340962;20144;15146;MILANO;-;15;MI;MILANO;30;LOMBARDIA;01/07/2017;-;Ordinaria;1;45.4551838233;9.1724102067;1
2940;0;Via Forze Armate, 4;MEAZZA DI FIORINI SILVIA & C.SNC;11978270152;20147;15146;MILANO;-;15;MI;MILANO;30;LOMBARDIA;01/01/2005;-;Ordinaria;1;45.4666212;9.1906166;1
2941;0;Via Nicol√≤ Barabino, 3;Omero;11963310153;20139;15146;MILANO;-;15;MI;MILANO;30;LOMBARDIA;01/07/2017;-;Ordinaria;1;45.4666212;9.1906166;1
2942;0;Via Padova, 109;TURRO;11963650152;20127;15146;MILANO;-;15;MI;MILANO;30;LOMBARDIA;01/01/2005;-;Ordinaria;1;45.4966968169;9.2307758207;1
2943;0;Piazza Vigili del Fuoco, 11;COSMOPOLITA DI INFERRERA DOTT. GIUSEPPE;2101400808;20134;15146;MILANO;-;15;MI;MILANO;30;LOMBARDIA;01/05/2016;-;Ordinaria;1;45.4666212;9.1906166;1
2944;0;Via Mascheroni, 16;TOMMASEO SAS;6384400963;20145;15146;MILANO;-;15;MI;MILANO;30;LOMBARDIA;01/04/2010;-;Ordinaria;1;45.4666212;9.1906166;1
2945;0;Viale Premuda, 10;REMOTTI;11988310154;20129;15146;MILANO;-;15;MI;MILANO;30;LOMBARDIA;01/01/2005;-;Ordinaria;1;45.4651030861;9.2074283692;1
2946;0;Via Piacenza, 24;ROMA SNC;4087880961;20135;15146;MILANO;-;15;MI;MILANO;30;LOMBARDIA;01/10/2010;-;Ordinaria;1;44.2505163;12.36470525;1
2947;0;Via P. Della Francesca, 38;CASTELVETRO SNC;11973480152;20154;15146;MILANO;-;15;MI;MILANO;30;LOMBARDIA;01/01/2005;-;Ordinaria;1;45.4666212;9.1906166;1
2948;0;Via Arnaldo da Brescia, 1;FARINI SAS DR.SSA TRAVIERSO ANTONIETTA & C.;5488940965;20159;15146;MILANO;-;15;MI;MILANO;30;LOMBARDIA;01/07/2007;-;Ordinaria;1;45.4903587087;9.1824009324;1
2949;0;Via Pacini, 70;LAMBRATE;12160380155;20131;15146;MILANO;-;15;MI;MILANO;30;LOMBARDIA;01/03/2013;-;Ordinaria;1;45.4666212;9.1906166;1
2950;0;Viale Coni Zugna, 56;CONI ZUGNA SAS;6670530960;20144;15146;MILANO;-;15;MI;MILANO;30;LOMBARDIA;01/11/2009;-;Ordinaria;1;45.4551838233;9.1724102067;1
2951;0;Piazza Miani, 3;BARONA SAS;9270110969;20143;15146;MILANO;-;15;MI;MILANO;30;LOMBARDIA;01/07/2017;-;Ordinaria;1;45.4666212;9.1906166;1
2952;0;Piazza Missori, 3;MISSORI SNC;12263860152;20123;15146;MILANO;-;15;MI;MILANO;30;LOMBARDIA;01/01/2005;-;Ordinaria;1;45.4654542;9.186516;1
2953;0;Via Pagliano, 1/A;MONTE ROSA SNC;7601070969;20149;15146;MILANO;-;15;MI;MILANO;30;LOMBARDIA;01/07/2017;-;Ordinaria;1;45.4757959;9.1480854;1
2954;0;Corso Buenos Aires, 4;FORMAGGIA SNC DR. TRAVIERSO NICOLA & C.;5525360961;20124;15146;MILANO;-;15;MI;MILANO;30;LOMBARDIA;01/07/2007;-;Ordinaria;1;45.4847156;9.21526455;1
2955;0;Viale Lombardia, 65;LOMBARDIA DR. CASTELLI ROBERTO;12535370154;20131;15146;MILANO;-;15;MI;MILANO;30;LOMBARDIA;01/04/2015;-;Ordinaria;1;45.5978572888;9.5215993303;1
2956;0;Largo Promessi Sposi, 4;DELLA TORRETTA SAS DI MONICA ROCCHI E C.;8985970964;20142;15146;MILANO;-;15;MI;MILANO;30;LOMBARDIA;01/07/2017;-;Ordinaria;1;45.4368552815;9.1726344356;1
2957;0;Via S. Calimero, 1-Ang. C.so P.ta Romana;GLORIA SAS - FARMACIA FOGLIA;4582870962;20122;15146;MILANO;-;15;MI;MILANO;30;LOMBARDIA;01/04/2015;-;Ordinaria;1;45.4654542;9.186516;1
2958;0;Piazzale Oberdan, 4;ANTICA FARMACIA DIANA;12522980155;20129;15146;MILANO;-;15;MI;MILANO;30;LOMBARDIA;01/10/2010;-;Ordinaria;1;45.4654542;9.186516;1
2959;0;Via F. Filzi, 10;HUMANITAS SNC;12588160155;20124;15146;MILANO;-;15;MI;MILANO;30;LOMBARDIA;01/01/2005;-;Ordinaria;1;45.5520257462;9.2161655008;1
2960;0;Viale Monza, 177;EUROPA SAS DEL DR. MARIO DE CONCA & C.;12507350150;20126;15146;MILANO;-;15;MI;MILANO;30;LOMBARDIA;01/07/2015;-;Ordinaria;1;45.4976955255;9.2201620643;1
2961;0;Via Vitruvio, 39;VITRUVIO SNC;7514450969;20124;15146;MILANO;-;15;MI;MILANO;30;LOMBARDIA;01/07/2017;-;Ordinaria;1;45.4812358356;9.2088232991;1
2962;0;Via Maiocchi, 14;UMANITARIA SAS;7980640960;20129;15146;MILANO;-;15;MI;MILANO;30;LOMBARDIA;01/07/2017;-;Ordinaria;1;45.4666212;9.1906166;1
2963;0;Piazza Lega Lombarda, 5;LEGA LOMBARDA SNC;12514310155;20154;15146;MILANO;-;15;MI;MILANO;30;LOMBARDIA;01/10/2010;-;Ordinaria;1;45.4776977;9.1798757;1
2964;0;Via Raffaello Sanzio, 2A;CARNEVALE;12670800155;20149;15146;MILANO;-;15;MI;MILANO;30;LOMBARDIA;01/01/2005;-;Ordinaria;1;45.5509078131;8.9748384308;1
2965;0;Via Ripa Ticinese, 99;EREDI CATALUCCI snc;12041830154;20143;15146;MILANO;-;15;MI;MILANO;30;LOMBARDIA;01/01/2005;-;Ordinaria;1;45.4491151;9.1631213;1
2966;0;Via G. Modena, 25;IGEA SAS DR. STILO DOMENICO & C.;7980390962;20129;15146;MILANO;-;15;MI;MILANO;30;LOMBARDIA;01/07/2017;-;Ordinaria;1;45.4666212;9.1906166;1
2967;0;Via Delle Betulle, 10;OLMI SNC;8716030963;20152;15146;MILANO;-;15;MI;MILANO;30;LOMBARDIA;01/07/2017;-;Ordinaria;1;45.523791255;9.3575787735;1
2968;0;Via Atene, 2 Ang. Via Padova;PADOVA;2241100151;20132;15146;MILANO;-;15;MI;MILANO;30;LOMBARDIA;01/01/2005;-;Ordinaria;1;45.4997661;9.2347446;1
2969;0;Via Carlo Troja, 11;DEL NAVIGLIO;1796220158;20144;15146;MILANO;-;15;MI;MILANO;30;LOMBARDIA;01/01/2005;-;Ordinaria;1;45.4666212;9.1906166;1
2970;0;Piazzale Susa, 6;SUSA SAS DR. LIBERO BUCCARELLI & C.;12376240151;20133;15146;MILANO;-;15;MI;MILANO;30;LOMBARDIA;01/01/2005;-;Ordinaria;1;45.4684094751;9.2232883965;1
2971;0;Via Crescenzago, 36;S. CHIARA;12898500157;20134;15146;MILANO;-;15;MI;MILANO;30;LOMBARDIA;01/06/2009;-;Ordinaria;1;45.4860463683;9.2430961933;1
2972;0;Via Varesina, 121;VARESINA;13056950150;20156;15146;MILANO;-;15;MI;MILANO;30;LOMBARDIA;01/01/2008;-;Ordinaria;1;45.5059437;9.13584235;1
2973;0;Via Grossich, 11/15;CALDARINI;626580153;20131;15146;MILANO;-;15;MI;MILANO;30;LOMBARDIA;01/01/2005;-;Ordinaria;1;45.4666212;9.1906166;1
2974;0;Via Ugo Betti, 159/B;GALLARATESE SAS;6721790969;20151;15146;MILANO;-;15;MI;MILANO;30;LOMBARDIA;01/01/2010;-;Ordinaria;1;45.4961008183;9.1101939;1
2975;0;Corso Genova, 23;DEL CORSO DI DE ANSERIS RAFFAELE;2888880644;20123;15146;MILANO;-;15;MI;MILANO;30;LOMBARDIA;01/07/2017;-;Ordinaria;1;45.1393615983;8.4600896002;1
2976;0;Viale Fulvio Testi, 90;FULVIO TESTI SAS DI CODELLA MARIA A. & C;7523470966;20126;15146;MILANO;-;15;MI;MILANO;30;LOMBARDIA;01/07/2017;-;Ordinaria;1;45.5426198;9.2213935;1
2977;0;Via Ignazio Ciaia, 3/a - 3/b;PESENTI SNC;13066510150;20158;15146;MILANO;-;15;MI;MILANO;30;LOMBARDIA;01/01/2005;-;Ordinaria;1;45.4666212;9.1906166;1
2978;0;Viale Monte Grappa, 7;SMERALDO SNC;13057020151;20124;15146;MILANO;-;15;MI;MILANO;30;LOMBARDIA;01/10/2010;-;Ordinaria;1;45.55021835;8.88843055;1
2979;0;Via La Spezia, 20;IMPERIA DR.SSA REBUFFINI LAURA;8271020961;20142;15146;MILANO;-;15;MI;MILANO;30;LOMBARDIA;01/07/2017;-;Ordinaria;1;45.4666212;9.1906166;1
2980;0;Via Toscolano, 1;OVIDIO SNC;10457820156;20138;15146;MILANO;-;15;MI;MILANO;30;LOMBARDIA;01/01/2005;-;Ordinaria;1;45.4666212;9.1906166;1
2981;0;Via Fiori Oscuri, 13;ANTICA FARMACIA DI BRERA SAS DEL DR. STEFANO DANIESI & C.;5824090962;20121;15146;MILANO;-;15;MI;MILANO;30;LOMBARDIA;01/01/2008;-;Ordinaria;1;45.4724479;9.18856485;1
2982;0;Piazza Principessa Clotilde, 1;NUOVA FARMACIA FATEBENEFRATELLI SS DEL DOTTOR ANDREA RIVA;8965060968;20121;15146;MILANO;-;15;MI;MILANO;30;LOMBARDIA;01/07/2017;-;Ordinaria;1;45.4666212;9.1906166;1
2983;0;Corso Di Porta Ticinese, 24;S. LORENZO;13136110155;20123;15146;MILANO;-;15;MI;MILANO;30;LOMBARDIA;01/03/2013;-;Ordinaria;1;45.4590645424;9.1815571494;1
2984;0;Via Pergine, 2;S. MARIA NASCENTE SNC;12827200150;20148;15146;MILANO;-;15;MI;MILANO;30;LOMBARDIA;01/01/2005;-;Ordinaria;1;45.4875979031;9.138295489;1
2985;0;Viale Lucania, 6;CORVETTO SAS;6627440966;20139;15146;MILANO;-;15;MI;MILANO;30;LOMBARDIA;01/11/2012;-;Ordinaria;1;45.5829243;8.9004016;1
2986;0;Piazza Pompeo Castelli, 14;CASTELLI;12420300159;20156;15146;MILANO;-;15;MI;MILANO;30;LOMBARDIA;01/09/2012;-;Ordinaria;1;45.4996677;9.151282;1
2987;0;Piazza Selinunte, 4;SELINUNTE SAS;8794770969;20148;15146;MILANO;-;15;MI;MILANO;30;LOMBARDIA;01/07/2017;-;Ordinaria;1;45.4654542;9.186516;1
2988;0;Via Poerio, 28/A;CADORE;12349690151;20135;15146;MILANO;-;15;MI;MILANO;30;LOMBARDIA;01/03/2016;-;Ordinaria;1;45.4556085343;9.2113921735;1
2989;0;Via C. Menotti, 18/21;SCIENTIFICA;1033180157;20129;15146;MILANO;-;15;MI;MILANO;30;LOMBARDIA;01/01/2005;-;Ordinaria;1;45.470802;9.2132764;1
2990;0;Via Giovanni Pezzotti, 61;BALBONI RENZO ANDREA FLORINDO;13259230152;20141;15146;MILANO;-;15;MI;MILANO;30;LOMBARDIA;01/01/2008;-;Ordinaria;1;45.4409712657;9.1831665566;1
2991;0;Via Parea, 13;MANCA SNC;13266660151;20138;15146;MILANO;-;15;MI;MILANO;30;LOMBARDIA;01/01/2005;-;Ordinaria;1;45.4430392;9.2631781;1
2992;0;Via Spadari, 13;CENTRALE SNC;13261480159;20123;15146;MILANO;-;15;MI;MILANO;30;LOMBARDIA;01/07/2012;-;Ordinaria;1;45.4635933103;9.1870714202;1
2993;0;Via Rasori, 2;LEGNANI DE ZANETTI ANREA;1679070167;20145;15146;MILANO;-;15;MI;MILANO;30;LOMBARDIA;01/01/2005;-;Ordinaria;1;45.4675982;9.1646451;1
2994;0;Via Lepontina, 13;MACCIONI SNC DI PATRIZIA MACCIONI E CATIA MACCIONI;13148090155;20159;15146;MILANO;-;15;MI;MILANO;30;LOMBARDIA;01/01/2008;-;Ordinaria;1;45.4933406559;9.1839814746;1
2995;0;Via Giambellino, 150;S. CRISTOFORO SAS DI NOBI ANDREA E C.;12772080151;20147;15146;MILANO;-;15;MI;MILANO;30;LOMBARDIA;01/03/2015;-;Ordinaria;1;45.4446495341;9.1290643172;1
2996;0;Largo Scalabrini, 6;EUROPEA DR.SSA BLASI SIMONA;9247230965;20146;15146;MILANO;-;15;MI;MILANO;30;LOMBARDIA;01/07/2017;-;Ordinaria;1;45.450033;9.1412892;1
2997;0;Via Pordenone, 1;S. PAOLO SAS;13367530154;20132;15146;MILANO;-;15;MI;MILANO;30;LOMBARDIA;01/01/2008;-;Ordinaria;1;45.56472525;8.9233154;1
2998;0;Via Larga, 16;REALE DI AGAPE ALBERTO;9517590965;20122;15146;MILANO;-;15;MI;MILANO;30;LOMBARDIA;01/07/2017;-;Ordinaria;1;45.46107805;9.1914934;1
2999;0;Via San Paolo, 7;LIBERTY DI MANGIMI;1682210032;20121;15146;MILANO;-;15;MI;MILANO;30;LOMBARDIA;01/10/2010;-;Ordinaria;1;45.4859773675;9.0017499894;1
3000;0;Via Sabatino Lopez, 3;LA PIAZZETTA DOTTORI VAZZANA FRANCESCA MANUELA & SALVATORE FOTI SNC;13475660158;20157;15146;MILANO;-;15;MI;MILANO;30;LOMBARDIA;01/04/2015;-;Ordinaria;1;45.514462392;9.1459456574;1
3001;0;Via Altamura, 20;RAVIOLA ELISA;3227950965;20148;15146;MILANO;-;15;MI;MILANO;30;LOMBARDIA;01/01/2005;-;Ordinaria;1;45.54590655;8.94310975;1
3002;0;Via Val di Sole, 22;VAL DI SOLE;10703890151;20141;15146;MILANO;-;15;MI;MILANO;30;LOMBARDIA;01/01/2005;-;Ordinaria;1;45.42942475;9.20298935;1
3003;0;Viale Ranzoni, 2;Farmacia Ranzoni;2489000998;20149;15146;MILANO;-;15;MI;MILANO;30;LOMBARDIA;01/03/2018;-;Ordinaria;1;45.4666212;9.1906166;1
3004;0;Via Lomazzo, 44-Ang. Via Procaccini, 28;FARMACIA PROCACCINI DEI DOTTORI KALIN META E FASSONE SNC;3207930961;20154;15146;MILANO;-;15;MI;MILANO;30;LOMBARDIA;01/12/2016;-;Ordinaria;1;45.4666212;9.1906166;1
3005;0;Via Rimini, 29;MONCUCCO SAS DEL DOTT. DAVIDE LUZZANI;5653610963;20142;15146;MILANO;-;15;MI;MILANO;30;LOMBARDIA;01/01/2008;-;Ordinaria;1;45.5826172025;8.893897854;1
3006;0;Via Gazzoletti, 3;LESSONA;4167230152;20157;15146;MILANO;-;15;MI;MILANO;30;LOMBARDIA;01/01/2008;-;Ordinaria;1;45.5181495;9.1369789;1
3007;0;Piazza Maciachini, 24;RONDO' FARINI - MORETTI BARBARA;3315190961;20159;15146;MILANO;-;15;MI;MILANO;30;LOMBARDIA;01/01/2005;-;Ordinaria;1;45.4666212;9.1906166;1
3008;0;Via Palmanova, 152;DEL PARCO SNC;3344490960;20132;15146;MILANO;-;15;MI;MILANO;30;LOMBARDIA;01/01/2005;-;Ordinaria;1;45.5024505308;9.2443870798;1
3009;0;Via M. De Angelis, 15;CA' GRANDA;2035930813;20162;15146;MILANO;-;15;MI;MILANO;30;LOMBARDIA;01/01/2008;-;Ordinaria;1;45.4666212;9.1906166;1
3010;0;Via Porpora, 148;PORPORA SAS DI MACCHI ANNALISA & C.;9151920965;20131;15146;MILANO;-;15;MI;MILANO;30;LOMBARDIA;01/07/2017;-;Ordinaria;1;45.5601424;8.9377549;1
3011;0;Piazzale Cadorna, 11;CADORNA SNC DR. TIEGHI GIORGIO & C.;107330151;20123;15146;MILANO;-;15;MI;MILANO;30;LOMBARDIA;01/01/2005;-;Ordinaria;1;45.4666212;9.1906166;1
3012;0;Via Sansovino, 1;SANSOVINO;3588240964;20133;15146;MILANO;-;15;MI;MILANO;30;LOMBARDIA;01/04/2013;-;Ordinaria;1;45.4791093225;9.219228404;1
3013;0;Via F.lli Fraschini, 8;QUAI DI QUAI ARDUINO GIOVANNI;3610970968;20142;15146;MILANO;-;15;MI;MILANO;30;LOMBARDIA;01/01/2008;-;Ordinaria;1;45.4654542;9.186516;1
3014;0;Via Pellegrino Rossi, 44;S. ANTONIO SNC;3861110157;20161;15146;MILANO;-;15;MI;MILANO;30;LOMBARDIA;01/01/2005;-;Ordinaria;1;45.50664935;9.17875895;1
3015;0;Via Anfossi, 9;SACCHI SNC DI SACCHI BERTRANDO & NOVARA ALESSANDRO;3614190969;20135;15146;MILANO;-;15;MI;MILANO;30;LOMBARDIA;01/01/2008;-;Ordinaria;1;45.4588540522;9.2154647248;1
3016;0;Viale Brianza, 23;BRIANZA SNC;5675450968;20127;15146;MILANO;-;15;MI;MILANO;30;LOMBARDIA;01/04/2013;-;Ordinaria;1;45.5370488821;9.2829752681;1
3017;0;Via Canonica, 32;CANONICA;9704330159;20154;15146;MILANO;-;15;MI;MILANO;30;LOMBARDIA;01/01/2005;-;Ordinaria;1;45.4781895063;9.1759955504;1
3018;0;Via Principe Eugenio, 19;MAC MAHON;3744870969;20155;15146;MILANO;-;15;MI;MILANO;30;LOMBARDIA;01/01/2008;-;Ordinaria;1;45.4892716732;9.1638519515;1
3019;0;Via Vigevano, 45;STAZIONE PORTA GENOVA SAS;3759300969;20144;15146;MILANO;-;15;MI;MILANO;30;LOMBARDIA;01/10/2010;-;Ordinaria;1;45.4528420557;9.1758930941;1
3020;0;Via Bergognone, 31;BERGOGNONE GARUFI;3787810963;20144;15146;MILANO;-;15;MI;MILANO;30;LOMBARDIA;01/10/2010;-;Ordinaria;1;45.55204445;8.98133115;1
16356;0;Viale Ungheria, 4;MUNICIPALE N.17;13195220150;20138;15146;MILANO;-;15;MI;MILANO;30;LOMBARDIA;01/01/2005;-;Ordinaria;1;45.4463258577;9.2532236777;1
16962;0;Via del Liri, 1/3;MUNICIPALE N.1;13195220150;20138;15146;MILANO;-;15;MI;MILANO;30;LOMBARDIA;01/01/2005;-;Ordinaria;1;45.4459290317;9.2487605465;1
17205;0;Via Porro Lambertenghi, 34;CASTOLDI SAS DR.SSA NATALE ROSALIA & C.;6197990960;20159;15146;MILANO;-;15;MI;MILANO;30;LOMBARDIA;01/01/2013;-;Ordinaria;1;45.4666212;9.1906166;1
18125;0;Via Bonfadini, 87;SANTA GIULIA;1662890670;20138;15146;MILANO;-;15;MI;MILANO;30;LOMBARDIA;01/10/2007;-;Ordinaria;1;45.4493092755;9.2268559857;1
18371;0;Via Calderini, 3;GIARDINO;774640155;20123;15146;MILANO;-;15;MI;MILANO;30;LOMBARDIA;01/07/2009;-;Ordinaria;1;45.4647729;9.1776623;1
18606;0;Via Bari, 11/a;Nostra Signora Di Montallegro;1269050157;20143;15146;MILANO;-;15;MI;MILANO;30;LOMBARDIA;01/07/2017;-;Ordinaria;1;45.4381312753;9.1475169942;1
18617;0;Via San Bernardo, 2;MUNICIPALE N.86;13195220150;20142;15146;MILANO;-;15;MI;MILANO;30;LOMBARDIA;01/05/2011;-;Ordinaria;1;45.3782635;9.21774715;1
18990;0;Via Vittor Pisani, 12;CONSORZIO FARMASUD;8874020962;20123;15146;MILANO;-;15;MI;MILANO;30;LOMBARDIA;01/09/2015;-;Ordinaria;1;45.4823041;9.2008636;1
