CODICEIDENTIFICATIVOFARMACIA;CODFARMACIAASSEGNATODAASL;INDIRIZZO;DESCRIZIONEFARMACIA;PARTITAIVA;CAP;CODICECOMUNEISTAT;DESCRIZIONECOMUNE;FRAZIONE;CODICEPROVINCIAISTAT;SIGLAPROVINCIA;DESCRIZIONEPROVINCIA;CODICEREGIONE;DESCRIZIONEREGIONE;DATAINIZIOVALIDITA;DATAFINEVALIDITA;DESCRIZIONETIPOLOGIA;CODICETIPOLOGIA;orig_lat;orig_long;LOCALIZE;indirizzo_query;arcGIS_response;Long;Lat
1;0;Via San Francesco Da Paola, 10;SAN FRANCESCO DA PAOLA;3603780010;10123;1272;TORINO;-;1;TO;TORINO;10;PIEMONTE;01/01/2005;-;Ordinaria;1;45.0652154357;7.6867171934;1;Via San Francesco Da Paola, 10, 10123, TORINO;Via San Francesco da Paola 10, 10123, Torino;7.688358686508202;45.06765224562872
2;0;Piazza Vittorio Veneto, 10;ALGOSTINO DEMICHELIS DI GALLO DOTT. MARIO;10170320013;10123;1272;TORINO;-;1;TO;TORINO;10;PIEMONTE;01/02/2015;-;Ordinaria;1;45.0033422056;7.6028495726;1;Piazza Vittorio Veneto, 10, 10123, TORINO;Piazza Vittorio Veneto 10, 10123, Torino;7.694033370102191;45.06506895253623
3;0;Via del Carmine, 1;FERRERO;10491430012;10122;1272;TORINO;-;1;TO;TORINO;10;PIEMONTE;01/05/2011;-;Ordinaria;1;45.0762083206;7.6739493843;1;Via del Carmine, 1, 10122, TORINO;Via del Carmine 1, 10122, Torino;7.676760038576964;45.0751732178718
4;0;Via Carlo Alberto, 24;INTERNAZIONALE;11090630010;10123;1272;TORINO;-;1;TO;TORINO;10;PIEMONTE;01/07/2017;-;Ordinaria;1;45.4575945727;7.9747596883;1;Via Carlo Alberto, 24, 10123, TORINO;Via Carlo Alberto 24, 10123, Torino;7.684060379681489;45.06546532944776
5;0;Via San Francesco D`Assisi, 14;COLLEGIATA SANTA MARIA SNC DEL DR. BALAGNA AGOSTINO E FIGLI;9485870019;10122;1272;TORINO;-;1;TO;TORINO;10;PIEMONTE;01/09/2010;-;Ordinaria;1;45.0716748545;7.6801767741;1;Via San Francesco D`Assisi, 14, 10122, TORINO;Via San Francesco d'Assisi 14, 10122, Torino;7.6797890574470795;45.071179857897164
6;0;Via Giuseppe Mazzini, 24;DEL CONSERVATORIO SNC DEI DR.I VECCO G., AMORETTI A. E CAPELLO C.;11104390015;10123;1272;TORINO;-;1;TO;TORINO;10;PIEMONTE;01/07/2017;-;Ordinaria;1;45.0768757;6.69700785;1;Via Giuseppe Mazzini, 24, 10123, TORINO;Via Giuseppe Mazzini 24, 10123, Torino;7.685589258670468;45.062321385509854
7;0;Piazza Vittorio Veneto, 11;OPERTI;768850018;10124;1272;TORINO;-;1;TO;TORINO;10;PIEMONTE;01/01/2005;-;Ordinaria;1;45.0033422056;7.6028495726;1;Piazza Vittorio Veneto, 11, 10124, TORINO;Piazza Vittorio Veneto 11, 10124, Torino;7.6952152975358805;45.065537989179965
8;0;Piazza C. Felice, 63;CARLO FELICE;9317390012;10123;1272;TORINO;-;1;TO;TORINO;10;PIEMONTE;01/09/2010;-;Ordinaria;1;45.0709201;7.6859719;1;Piazza C. Felice, 63, 10123, TORINO;Piazza Carlo Felice 63, 10123, Torino;7.67993411408613;45.06323029141906
9;0;Corso Vittorio Emanuele II, 84;DEL MONUMENTO;3746910011;10121;1272;TORINO;-;1;TO;TORINO;10;PIEMONTE;01/04/2013;-;Ordinaria;1;45.0600441248;7.6863693679;1;Corso Vittorio Emanuele II, 84, 10121, TORINO;Corso Vittorio Emanuele II 84, 10121, Torino;7.670769695250763;45.06614211019097
10;0;Via delle Orfane, 25;DELLA CONSOLATA;8872550010;10122;1272;TORINO;-;1;TO;TORINO;10;PIEMONTE;01/09/2010;-;Ordinaria;1;45.0755970708;7.6793623021;1;Via delle Orfane, 25, 10122, TORINO;Via delle Orfane 25, 10122, Torino;7.6802299576721165;45.07688565889549
11;0;Via Xx Settembre, 87;Regia Farmacia Di Monchiero Luca & C. S.a.s.;11804940010;10100;1272;TORINO;-;1;TO;TORINO;10;PIEMONTE;01/04/2018;-;Ordinaria;1;45.0692336847;7.6818790965;1;Via Xx Settembre, 87, 10100, TORINO;Via 20 Settembre 87, 10122, Torino;7.6844825728547645;45.0730614970858
12;0;Corso Vinzaglio, 31/E;MONTANARO DI GUERRINI DOTT. GIULIA;11038230014;10121;1272;TORINO;-;1;TO;TORINO;10;PIEMONTE;01/07/2017;-;Ordinaria;1;45.0681742274;7.6668512317;1;Corso Vinzaglio, 31/E, 10121, TORINO;Corso Vinzaglio 31E, 10121, Torino;7.667265708032716;45.06822367776562
13;0;Corso Vittorio Emanuele II, 66;BONISCONTRO;5230100017;10121;1272;TORINO;-;1;TO;TORINO;10;PIEMONTE;01/01/2005;-;Ordinaria;1;45.0600441248;7.6863693679;1;Corso Vittorio Emanuele II, 66, 10121, TORINO;Corso Vittorio Emanuele II 66, 10121, Torino;7.676138817935211;45.063926632812
14;0;Via Po, 14;UNIVERSITA' GIORDA;10041330019;10124;1272;TORINO;-;1;TO;TORINO;10;PIEMONTE;01/10/2009;-;Ordinaria;1;45.0647868152;7.695416317;1;Via Po, 14, 10124, TORINO;Via Po 14, 10123, Torino;7.688963819031747;45.06892298528483
15;0;Via Po, 31/B;DEGLI STEMMI DI MARANZANA DOTT.SSA CLAUDIA;11552520014;10124;1272;TORINO;-;1;TO;TORINO;10;PIEMONTE;01/07/2017;-;Ordinaria;1;45.0647868152;7.695416317;1;Via Po, 31/B, 10124, TORINO;Via Po 31B, 10124, Torino;7.690701729124531;45.06789412406944
16;0;Via Cernaia, 24;SANTA BARBARA;11553910016;10122;1272;TORINO;-;1;TO;TORINO;10;PIEMONTE;01/07/2017;-;Ordinaria;1;45.0707584154;7.6761481376;1;Via Cernaia, 24, 10122, TORINO;Via Cernaia 24, 10122, Torino;7.673298175832384;45.07186162559865
17;0;Galleria Umberto I, 54;ORDINE MAURIZIANO SAS DELLA DOTT.SSA CARBONCINI ALESSANDRA & C.;10285940010;10122;1272;TORINO;-;1;TO;TORINO;10;PIEMONTE;01/02/2015;-;Ordinaria;1;45.0709201;7.6859719;1;Galleria Umberto I, 54, 10122, TORINO;Galleria Umberto I 54, 10122, Torino;7.683757330400046;45.07495419983839
18;0;Via Cernaia, 14;PENSA;5901920016;10122;1272;TORINO;-;1;TO;TORINO;10;PIEMONTE;01/01/2005;-;Ordinaria;1;45.0707584154;7.6761481376;1;Via Cernaia, 14, 10122, TORINO;Via Cernaia 14, 10122, Torino;7.67566581502102;45.07104465834725
19;0;Via Roma, 24;CENTRALE DI IMPRESA SAS DELLA DR.SSA BRUZZONE PATRIZIA E C.;10050900017;10121;1272;TORINO;-;1;TO;TORINO;10;PIEMONTE;01/02/2015;-;Ordinaria;1;44.9304332448;7.5310634004;1;Via Roma, 24, 10121, TORINO;Via Roma 24, 10121, Torino;7.684270523717546;45.07010618595992
20;0;Via dei Mille, 48;DELLA ROCCA;6424140017;10123;1272;TORINO;-;1;TO;TORINO;10;PIEMONTE;01/01/2005;-;Ordinaria;1;45.0607553604;7.6924350539;1;Via dei Mille, 48, 10123, TORINO;Via dei Mille 48, 10123, Torino;7.690686951843735;45.06135838550987
21;0;Via Giovanni Giolitti, 2;SAN CARLO;6694230019;10123;1272;TORINO;-;1;TO;TORINO;10;PIEMONTE;01/01/2005;-;Ordinaria;1;45.0641990592;7.581826519;1;Via Giovanni Giolitti, 2, 10123, TORINO;Via Giovanni Giolitti 2, 10123, Torino;7.68280736802473;45.06681132722605
22;0;Via Maria Vittoria, 3;REGIA FARMACIA MASINO;6810590015;10123;1272;TORINO;-;1;TO;TORINO;10;PIEMONTE;01/01/2005;-;Ordinaria;1;45.0673862298;7.6857694516;1;Via Maria Vittoria, 3, 10123, TORINO;Via Maria Vittoria 3, 10123, Torino;7.6837877442437374;45.06812453067112
23;0;Via Giuseppe Garibaldi, 26;ANTICA FARMACIA BOSIO DI SPIRITO DR.SSA GIOVANNA;9722390011;10122;1272;TORINO;-;1;TO;TORINO;10;PIEMONTE;01/01/2011;-;Ordinaria;1;44.820621919;7.2219165815;1;Via Giuseppe Garibaldi, 26, 10122, TORINO;Via Giuseppe Garibaldi 26, 10122, Torino;7.677376941716202;45.073958563419694
24;0;Corso Vittorio Emanuele II, 34;ANEDDA DI CARACRISTI DR.SSA PAOLA;10501460017;10123;1272;TORINO;-;1;TO;TORINO;10;PIEMONTE;01/05/2011;-;Ordinaria;1;45.0600441248;7.6863693679;1;Corso Vittorio Emanuele II, 34, 10123, TORINO;Corso Vittorio Emanuele II 34, 10123, Torino;7.68457890605341;45.06087969830917
25;0;Via Milano, 11;ANGLESIO;7328630012;10122;1272;TORINO;-;1;TO;TORINO;10;PIEMONTE;01/01/2005;-;Ordinaria;1;45.1469238472;7.7841229076;1;Via Milano, 11, 10122, TORINO;Via Milano 11, 10122, Torino;7.682240727890642;45.07478569207719
26;0;Via Giovanni Giolitti, 7/C;MADONNA DEGLI ANGELI DI BOBBA PAOLA;10227830014;10123;1272;TORINO;-;1;TO;TORINO;10;PIEMONTE;01/09/2010;-;Ordinaria;1;45.0641990592;7.581826519;1;Via Giovanni Giolitti, 7/C, 10123, TORINO;Via Giovanni Giolitti 7C, 10123, Torino;7.684328215794319;45.066325588954925
27;0;Via S. Teresa, 21;SOLFERINO SNC DELLA DOTT.SSA RICOTTI ANNA E C.;11568670019;10121;1272;TORINO;-;1;TO;TORINO;10;PIEMONTE;01/07/2017;-;Ordinaria;1;45.0709201;7.6859719;1;Via S. Teresa, 21, 10121, TORINO;Via Santa Teresa 21, 10121, Torino;7.679066827151776;45.06967562117843
28;0;Via XX Settembre, 5;COMUNALE 42 - AFC;9971950010;10121;1272;TORINO;-;1;TO;TORINO;10;PIEMONTE;01/08/2010;-;Ordinaria;1;45.0692336847;7.6818790965;1;Via XX Settembre, 5, 10121, TORINO;Via 20 Settembre 5, 10121, Torino;7.678542740492818;45.06436855536961
29;0;Piazza Statuto, 4;COMUNALE 43 - AFC;9971950010;10122;1272;TORINO;-;1;TO;TORINO;10;PIEMONTE;01/11/2016;-;Ordinaria;1;45.0766933165;7.669035481;1;Piazza Statuto, 4, 10122, TORINO;Piazza Statuto 4, 10122, Torino;7.672436428674463;45.075978774914844
30;0;Via Po, 4;PO;7805510018;10123;1272;TORINO;-;1;TO;TORINO;10;PIEMONTE;01/01/2005;-;Ordinaria;1;45.0647868152;7.695416317;1;Via Po, 4, 10123, TORINO;Via Po 4, 10123, Torino;7.687789973628055;45.06968726227715
31;0;Via Bellini, 8;MAMONE SAS DELLA DOTT.SSA MAMONE LUCIANA E C.;11338690016;10121;1272;TORINO;-;1;TO;TORINO;10;PIEMONTE;01/07/2017;-;Ordinaria;1;45.0270196975;7.5127968518;1;Via Bellini, 8, 10121, TORINO;Via Vincenzo Bellini 8, 10121, Torino;7.672534093225541;45.065283305055296
32;0;Piazza Statuto, 3;ALMASIO SNC DEI DOTT.RI CHIASSA PAOLA E QUAINI FRANCESCO;8073470018;10122;1272;TORINO;-;1;TO;TORINO;10;PIEMONTE;01/03/2013;-;Ordinaria;1;45.0766933165;7.669035481;1;Piazza Statuto, 3, 10122, TORINO;Piazza Statuto 3, 10122, Torino;7.672047988891494;45.07546642547179
33;0;Via Giuseppe Mazzini, 40;EUROPEA DELLA DR.SSA AUDIBERTI EMANUELA;11482900013;10123;1272;TORINO;-;1;TO;TORINO;10;PIEMONTE;01/07/2017;-;Ordinaria;1;45.0768757;6.69700785;1;Via Giuseppe Mazzini, 40, 10123, TORINO;Via Giuseppe Mazzini 40, 10123, Torino;7.687907010127567;45.06149330169084
34;0;Via Po, 51;BERTA DI COLLEGIATA SNC DEI DR.I FEDERICA BIANCHI E GAIA BAGNASACCO;10396180019;10124;1272;TORINO;-;1;TO;TORINO;10;PIEMONTE;01/03/2011;-;Ordinaria;1;45.0647868152;7.695416317;1;Via Po, 51, 10124, TORINO;Via Po 51, 10124, Torino;7.692775490709164;45.06654696364475
35;0;Via San Tommaso, 2/A;SAN SIMONE DEL DOTT. PEDULLA' MAURO;11180860014;10122;1272;TORINO;-;1;TO;TORINO;10;PIEMONTE;01/07/2017;-;Ordinaria;1;45.0695426013;7.6807901635;1;Via San Tommaso, 2/A, 10122, TORINO;Via San Tommaso 2A, 10122, Torino;7.682498947544586;45.07200018872988
36;0;Via San Tommaso, 16;GRUNER S.A.S. DEL DR. TIMEUS MARCO & C.;9942490013;10121;1272;TORINO;-;1;TO;TORINO;10;PIEMONTE;01/09/2010;-;Ordinaria;1;45.0709201;7.6859719;1;Via San Tommaso, 16, 10121, TORINO;Via San Tommaso 16, 10121, Torino;7.681362056565763;45.07038758505125
37;0;Via Nizza, 15;I PORTICI DI A.L.M. SAS DEL DR. LORENZETTI PAOLO E C.;11181590016;10125;1272;TORINO;-;1;TO;TORINO;10;PIEMONTE;01/07/2017;-;Ordinaria;1;45.0180473403;7.6617317563;1;Via Nizza, 15, 10125, TORINO;Via Nizza 15, 10125, Torino;7.678684051503138;45.060297601159945
38;0;Via Madama Cristina, 14;SAN SALVARIO DELLA DOTT.SSA BOGLIETTI PIERA E C.;510870017;10125;1272;TORINO;-;1;TO;TORINO;10;PIEMONTE;01/03/2013;-;Ordinaria;1;45.0587092251;7.683591355;1;Via Madama Cristina, 14, 10125, TORINO;Via Madama Cristina 14, 10125, Torino;7.683216791181921;45.058287447415836
39;0;Via Madama Cristina, 78;SANTA MATILDE DI RICHIARDI DR.SSA CRISTINA;10194520010;10126;1272;TORINO;-;1;TO;TORINO;10;PIEMONTE;01/03/2010;-;Ordinaria;1;45.0523749032;7.6791328558;1;Via Madama Cristina, 78, 10126, TORINO;Via Madama Cristina 78, 10126, Torino;7.677561861359621;45.050173354982974
40;0;c/o FF. SS. - Porta Nuova;COMUNALE 25 - AFC;9971950010;10125;1272;TORINO;c/o FF. SS. - Porta Nuova;1;TO;TORINO;10;PIEMONTE;01/08/2010;-;Ordinaria;1;45.062683;7.67896;1;c/o FF. SS. - Porta Nuova, 10125, TORINO;Porta Nuova;7.6790000000000305;45.06137000000007
41;0;Via Nizza, 108;GANI SNC DI GANI GRAZIA E DALLOSTA ROBERTO;9368300019;10126;1272;TORINO;-;1;TO;TORINO;10;PIEMONTE;01/01/2008;-;Ordinaria;1;45.0180473403;7.6617317563;1;Via Nizza, 108, 10126, TORINO;Via Nizza 108, 10126, Torino;7.671555498326561;45.04357137829649
42;0;Via Nizza, 115;SACRO CUORE SNC DEI DOTT.RI FERRATO ADOLFO E CRAVINI STEFANIA MARIA;10005770010;10126;1272;TORINO;-;1;TO;TORINO;10;PIEMONTE;01/09/2009;-;Ordinaria;1;45.0180473403;7.6617317563;1;Via Nizza, 115, 10126, TORINO;Via Nizza 115, 10126, Torino;7.6733989821740565;45.04805606308559
43;0;Via Nizza, 65;NIZZA;6372790011;10125;1272;TORINO;-;1;TO;TORINO;10;PIEMONTE;01/01/2005;-;Ordinaria;1;45.0180473403;7.6617317563;1;Via Nizza, 65, 10125, TORINO;Via Nizza 65, 10125, Torino;7.675323599515159;45.05312740882338
44;0;Corso Massimo D`Azeglio, 100;TORINO ESPOSIZIONI DI ALBERTINI DOTT.SSA F. E ROBBA DOTT.SSA M. SNC;6424110010;10126;1272;TORINO;-;1;TO;TORINO;10;PIEMONTE;01/01/2008;-;Ordinaria;1;45.049345352;7.6807195531;1;Corso Massimo D`Azeglio, 100, 10126, TORINO;Corso Massimo D'Azeglio 100, 10126, Torino;7.6775444115933364;45.04447062392521
45;0;Corso Vittorio Emanuele II, 4;DEL CORSO DELLA DOTT.SSA BARAKE KAREN;9542330015;10125;1272;TORINO;-;1;TO;TORINO;10;PIEMONTE;01/07/2017;-;Ordinaria;1;44.87723385;7.3326621;1;Corso Vittorio Emanuele II, 4, 10125, TORINO;Corso Vittorio Emanuele II, 10125, Torino;7.687427085978853;45.05965904820147
46;0;Via Nizza, 27;SAN SALVATORE;6757040016;10125;1272;TORINO;-;1;TO;TORINO;10;PIEMONTE;01/01/2005;-;Ordinaria;1;45.0180473403;7.6617317563;1;Via Nizza, 27, 10125, TORINO;Via Nizza 27, 10125, Torino;7.677597733712146;45.05873272217097
47;0;Corso Dante, 78;DANTE;7141030010;10126;1272;TORINO;-;1;TO;TORINO;10;PIEMONTE;01/01/2005;-;Ordinaria;1;45.0477524745;7.6708683763;1;Corso Dante, 78, 10126, TORINO;Corso Dante 78, 10126, Torino;7.677113233827738;45.04666179488149
48;0;Via Madama Cristina, 62;BORGARELLI DEI DOTT.RI G. E P. BORGARELLI SNC;7852990014;10125;1272;TORINO;-;1;TO;TORINO;10;PIEMONTE;01/01/2008;-;Ordinaria;1;45.0523749032;7.6791328558;1;Via Madama Cristina, 62, 10125, TORINO;Via Madama Cristina 62, 10125, Torino;7.67932030307581;45.05268435498297
49;0;Via Claudio Luigi Berthollet, 10;CAVALLO SNC DEI DR.I GUZZINATI MAURO E CAVALLO SILVIA;11434650013;10125;1272;TORINO;-;1;TO;TORINO;10;PIEMONTE;01/07/2017;-;Ordinaria;1;45.0586002564;7.682427031;1;Via Claudio Luigi Berthollet, 10, 10125, TORINO;Via Claudio Luigi Berthollet 10, 10125, Torino;7.680576426308512;45.05927135997462
50;0;Via Madama Cristina, 37;PORTIS;551200017;10125;1272;TORINO;-;1;TO;TORINO;10;PIEMONTE;01/01/2005;-;Ordinaria;1;45.0523749032;7.6791328558;1;Via Madama Cristina, 37, 10125, TORINO;Via Madama Cristina 37, 10125, Torino;7.681733664175607;45.056000703300846
51;0;Corso Filippo Turati, 38/c;MAURIZIANA DI GSG DI IELO STEFANIA E C.;10285940010;10128;1272;TORINO;-;1;TO;TORINO;10;PIEMONTE;01/03/2013;-;Ordinaria;1;45.0528170351;7.6696809412;1;Corso Filippo Turati, 38/c, 10128, TORINO;Corso Filippo Turati 38C, 10128, Torino;7.668137336661125;45.05238229447747
52;0;Corso Alcide De Gasperi, 6;BORGO CROCETTA;4750620017;10129;1272;TORINO;-;1;TO;TORINO;10;PIEMONTE;01/01/2005;-;Ordinaria;1;45.0558554225;7.6598371318;1;Corso Alcide De Gasperi, 6, 10129, TORINO;Corso Alcide De Gasperi 6, 10129, Torino;7.6628309408794815;45.058453774078146
53;0;Via Paolo Sacchi, 46;PICCO TAVANO;2138360066;10128;1272;TORINO;-;1;TO;TORINO;10;PIEMONTE;01/09/2010;-;Ordinaria;1;45.0629788237;7.6776095775;1;Via Paolo Sacchi, 46, 10128, TORINO;Via Paolo Sacchi 46, 10128, Torino;7.673381985140591;45.057209406053424
54;0;Corso Vittorio Emanuele, 121;SANT'ANTONIO;4838730010;10128;1272;TORINO;-;1;TO;TORINO;10;PIEMONTE;01/01/2005;-;Ordinaria;1;45.0353435421;7.8751332658;1;Corso Vittorio Emanuele, 121, 10128, TORINO;Corso Vittorio Emanuele II 121, 10128, Torino;7.663847375238089;45.06796836718799
55;0;Corso Alcide De Gasperi, 69;MARIA CRISTINA SAS DEL DR. PAUTASSO RENATO E C;10313740010;10129;1272;TORINO;-;1;TO;TORINO;10;PIEMONTE;01/08/2010;-;Ordinaria;1;45.0558554225;7.6598371318;1;Corso Alcide De Gasperi, 69, 10129, TORINO;Corso Alcide De Gasperi 69, 10129, Torino;7.656838936032058;45.05336001526346
56;0;Corso Germano Sommelier, 31;SANT'ANNA SNC DI FERRATO ADOLFO, BECUCCI ALESSANDRA E FERRATO PAOLA;11050450011;10128;1272;TORINO;-;1;TO;TORINO;10;PIEMONTE;01/07/2017;-;Ordinaria;1;45.0564781;7.6697114;1;Corso Germano Sommelier, 31, 10128, TORINO;Corso Germano Sommeiller 31, 10128, Torino;7.669876422413383;45.05635221703507
57;0;Corso Stati Uniti, 5;LEVA SNC DI CALLIERO PAOLO E FORMIGLIA MAURO;9858330013;10128;1272;TORINO;-;1;TO;TORINO;10;PIEMONTE;01/02/2016;-;Ordinaria;1;45.0653156005;7.6636047824;1;Corso Stati Uniti, 5, 10128, TORINO;Corso Stati Uniti 5, 10128, Torino;7.674838897680799;45.0612283246806
58;0;Corso Duca degli Abruzzi, 66;DANIELE;5810710011;10129;1272;TORINO;-;1;TO;TORINO;10;PIEMONTE;01/01/2005;-;Ordinaria;1;45.0565606977;7.6586607152;1;Corso Duca degli Abruzzi, 66, 10129, TORINO;Corso Duca degli Abruzzi 66, 10129, Torino;7.658451854146257;45.05688841326679
59;0;Via San Secondo, 9;SAN SECONDO;1167810058;10128;1272;TORINO;-;1;TO;TORINO;10;PIEMONTE;01/01/2008;-;Ordinaria;1;45.1606312797;7.4943340079;1;Via San Secondo, 9, 10128, TORINO;Via San Secondo 9, 10128, Torino;7.675313526371939;45.06200222592187
60;0;Corso Re Umberto, 38;RE UMBERTO SNC DELLE DOTT.SSE PAGLIERO P. E ROSA M. V.;7493500016;10128;1272;TORINO;-;1;TO;TORINO;10;PIEMONTE;01/01/2008;-;Ordinaria;1;45.0624034255;7.6722137937;1;Corso Re Umberto, 38, 10128, TORINO;Corso Re Umberto 38, 10128, Torino;7.670758631138574;45.06041658090484
61;0;Largo Umberto 114/A;GALILEO FARMABIVI SNC DI BIGLIANI L. E VICO M.;5167390011;10128;1272;TORINO;-;1;TO;TORINO;10;PIEMONTE;01/04/2007;-;Ordinaria;1;45.0709201;7.6859719;1;Largo Umberto 114/A, 10128, TORINO;Largo Re Umberto 114A, 10128, Torino;7.663820437965293;45.05284741326679
62;0;Via Paolo Sacchi, 4;PORTA NUOVA;8210640010;10128;1272;TORINO;-;1;TO;TORINO;10;PIEMONTE;01/01/2005;-;Ordinaria;1;45.0629788237;7.6776095775;1;Via Paolo Sacchi, 4, 10128, TORINO;Via Paolo Sacchi 4, 10128, Torino;7.67723333054426;45.06256401832186
63;0;Via San Secondo, 46;DEL LEONE;8334970012;10128;1272;TORINO;-;1;TO;TORINO;10;PIEMONTE;01/01/2005;-;Ordinaria;1;45.1606312797;7.4943340079;1;Via San Secondo, 46, 10128, TORINO;Via San Secondo 46, 10128, Torino;7.672782237578647;45.058634329447756
64;0;Via Cristoforo Colombo, 42;MAGNO FRANCONE ROBERTA;8337030012;10129;1272;TORINO;-;1;TO;TORINO;10;PIEMONTE;01/01/2005;-;Ordinaria;1;45.0691175395;7.5845848168;1;Via Cristoforo Colombo, 42, 10129, TORINO;Via Cristoforo Colombo 42, 10129, Torino;7.658908805441736;45.058639421316855
65;0;Via Nizza, 183;DELLE MOLINETTE;9687190018;10126;1272;TORINO;-;1;TO;TORINO;10;PIEMONTE;01/09/2010;-;Ordinaria;1;45.0180473403;7.6617317563;1;Via Nizza, 183, 10126, TORINO;Via Nizza 183, 10126, Torino;7.670660897599299;45.04067831334758
66;0;Via Nizza, 354;LINGOTTO COCIRIO DAVIDE;7813090011;10127;1272;TORINO;-;1;TO;TORINO;10;PIEMONTE;01/01/2005;-;Ordinaria;1;45.0180473403;7.6617317563;1;Via Nizza, 354, 10127, TORINO;Via Nizza 354, 10127, Torino;7.663104802239098;45.02167239800334
67;0;Via Genova, 89/H;SANTA GEMMA DI FARMAPIU' TORINO SAS DELLA DR.SSA CALATRONI DANIELA;10123670019;10126;1272;TORINO;-;1;TO;TORINO;10;PIEMONTE;01/03/2013;-;Ordinaria;1;45.0028040374;7.5418966981;1;Via Genova, 89/H, 10126, TORINO;Via Genova 89H, 10126, Torino;7.66880056953653;45.030489003606675
68;0;Piazza Camillo Bozzolo, 11;COMUNALE 46 AFC;529840019;10126;1272;TORINO;-;1;TO;TORINO;10;PIEMONTE;01/04/2007;-;Ordinaria;1;45.03738245;7.67126065;1;Piazza Camillo Bozzolo, 11, 10126, TORINO;Piazza Camillo Bozzolo 11, 10126, Torino;7.672144688181634;45.037115360811356
69;0;Via Genova, 122;SAN GIACOMO SAS DEL DR. BONINO FILIPPO E C.;10193850012;10126;1272;TORINO;-;1;TO;TORINO;10;PIEMONTE;01/03/2010;-;Ordinaria;1;45.0264607173;7.4417185923;1;Via Genova, 122, 10126, TORINO;Via Genova 122, 10126, Torino;7.66763507063306;45.027939048848765
70;0;Via Nizza 249;Farmacia Millefonti S.n.c.;11758040015;10126;1272;TORINO;-;1;TO;TORINO;10;PIEMONTE;01/04/2018;-;Ordinaria;1;45.0028040374;7.5418966981;1;Via Nizza 249, 10126, TORINO;Via Nizza 249, 10126, Torino;7.668031519995309;45.0343245961683
71;0;Via Nizza, 214;TETTI FRE';7266060016;10126;1272;TORINO;-;1;TO;TORINO;10;PIEMONTE;01/01/2005;-;Ordinaria;1;45.0180473403;7.6617317563;1;Via Nizza, 214, 10126, TORINO;Via Nizza 214, 10126, Torino;7.668735423250118;45.036237080212345
72;0;Via Genova, 179/F;SAN DARIO;7646770011;10127;1272;TORINO;-;1;TO;TORINO;10;PIEMONTE;01/01/2005;-;Ordinaria;1;45.0709201;7.6859719;1;Via Genova, 179/F, 10127, TORINO;Via Genova 179F, 10127, Torino;7.665813826822019;45.02331637024642
73;0;Corso Maroncelli, 28;SANTA ROSALIA;8194730019;10127;1272;TORINO;-;1;TO;TORINO;10;PIEMONTE;01/01/2005;-;Ordinaria;1;45.0197463279;7.6566116221;1;Corso Maroncelli, 28, 10127, TORINO;Corso Piero Maroncelli 28, 10127, Torino;7.6624248244560995;45.018607263402316
74;0;Corso Traiano, 22/E;COMUNALE 8 - AFC;9971950010;10135;1272;TORINO;-;1;TO;TORINO;10;PIEMONTE;01/09/2010;-;Ordinaria;1;45.0234154165;7.6460560613;1;Corso Traiano, 22/E, 10135, TORINO;Corso Traiano 22E, 10135, Torino;7.641276517340927;45.02500334165278
75;0;Corso Traiano, 86;COMUNALE 15 - AFC;7535100015;10135;1272;TORINO;-;1;TO;TORINO;10;PIEMONTE;01/04/2007;-;Ordinaria;1;45.0234154165;7.6460560613;1;Corso Traiano, 86, 10135, TORINO;Corso Traiano 86, 10135, Torino;7.647699447948611;45.02272538882807
76;0;Corso Corsica, 9;COMUNALE 28 - AFC;7034700018;10134;1272;TORINO;-;1;TO;TORINO;10;PIEMONTE;01/04/2007;-;Ordinaria;1;45.03098655;7.65184905;1;Corso Corsica, 9, 10134, TORINO;Corso Corsica 9, 10134, Torino;7.65282586317728;45.032177567026366
77;0;Via Pio VII, 164/c;MDR S.N.C. DI MANENTI A. E ARIETTI V.;11531900014;10127;1272;TORINO;-;1;TO;TORINO;10;PIEMONTE;01/07/2017;-;Ordinaria;1;45.0181037;7.6483492;1;Via Pio VII, 164/c, 10127, TORINO;Via Pio VII 164C, 10127, Torino;7.6485096896821805;45.01843319401
78;0;Via Passo Buole, 59/H;GHEZZO;9253670013;10127;1272;TORINO;-;1;TO;TORINO;10;PIEMONTE;01/01/2008;-;Ordinaria;1;45.0234245786;7.6567004396;1;Via Passo Buole, 59/H, 10127, TORINO;Via Passo Buole 59H, 10127, Torino;7.6546108555312316;45.024113232298525
79;0;Corso Traiano, 73;BAGGIO ROBA;581160017;10135;1272;TORINO;-;1;TO;TORINO;10;PIEMONTE;01/01/2005;-;Ordinaria;1;45.0234154165;7.6460560613;1;Corso Traiano, 73, 10135, TORINO;Corso Traiano 73, 10135, Torino;7.646157617548577;45.02357565113389
80;0;Corso Unione Sovietica, 85;GUALDI;546000019;10134;1272;TORINO;-;1;TO;TORINO;10;PIEMONTE;01/01/2005;-;Ordinaria;1;45.0171061918;7.6287269803;1;Corso Unione Sovietica, 85, 10134, TORINO;Corso Unione Sovietica 85, 10134, Torino;7.660914075509156;45.04535269747246
81;0;Corso Unione Sovietica, 397;STEFFANONE;510850019;10135;1272;TORINO;-;1;TO;TORINO;10;PIEMONTE;01/01/2005;-;Ordinaria;1;45.0171061918;7.6287269803;1;Corso Unione Sovietica, 397, 10135, TORINO;Corso Unione Sovietica 397, 10135, Torino;7.637530320445377;45.024486810981664
82;0;Piazza Tancredi Galimberti, 7;MDR S.N.C. DI MANENTI A. E ARIETTI V.;11531900014;10134;1272;TORINO;-;1;TO;TORINO;10;PIEMONTE;01/07/2017;-;Ordinaria;1;45.0339286;7.653858;1;Piazza Tancredi Galimberti, 7, 10134, TORINO;Piazza Tancredi Galimberti 7, 10134, Torino;7.653994841941246;45.03397585873388
83;0;Corso Eusebio Giambone, 19;MONVISO;4747790014;10134;1272;TORINO;-;1;TO;TORINO;10;PIEMONTE;01/01/2005;-;Ordinaria;1;45.0709201;7.6859719;1;Corso Eusebio Giambone, 19, 10134, TORINO;Corso Eusebio Giambone 19, 10134, Torino;7.648663955594651;45.032285891482466
84;0;Via Tunisi, 99;GAY;5905250014;10134;1272;TORINO;-;1;TO;TORINO;10;PIEMONTE;01/01/2005;-;Ordinaria;1;45.037361397;7.6558834604;1;Via Tunisi, 99, 10134, TORINO;Via Tunisi 99, 10134, Torino;7.655926881499141;45.03747159977497
85;0;Corso Traiano, 158;MONARI SNC DI FRANCESCA E MARIA GIOVANNA MONARI;3106620010;10127;1272;TORINO;-;1;TO;TORINO;10;PIEMONTE;01/02/2015;-;Ordinaria;1;45.0234154165;7.6460560613;1;Corso Traiano, 158, 10127, TORINO;Corso Traiano 158, 10127, Torino;7.654920166657115;45.02018535607948
86;0;Via Tunisi, 51;GUSSONI;7342040016;10134;1272;TORINO;-;1;TO;TORINO;10;PIEMONTE;01/01/2005;-;Ordinaria;1;45.037361397;7.6558834604;1;Via Tunisi, 51, 10134, TORINO;Via Tunisi 51, 10134, Torino;7.658386637255411;45.04126837385309
87;0;Via Passo Buole, 160/A;GUARINO;7472010011;10135;1272;TORINO;-;1;TO;TORINO;10;PIEMONTE;01/01/2005;-;Ordinaria;1;45.0234245786;7.6567004396;1;Via Passo Buole, 160/A, 10135, TORINO;Via Passo Buole 160A, 10135, Torino;7.644187629061089;45.02773269830919
88;0;Via Arnaldo Da Brescia, 25;SANT'ERALDO SNC DI MIGLIARI CRISTINA E SAVIO MATTIA;9817810014;10134;1272;TORINO;-;1;TO;TORINO;10;PIEMONTE;01/06/2008;-;Ordinaria;1;45.0359659524;7.6516532664;1;Via Arnaldo Da Brescia, 25, 10134, TORINO;Via Arnaldo da Brescia 25, 10134, Torino;7.652335294765919;45.036931096860776
89;0;Via Onorato Vigliani, 55/G;GIARDINI GUALA SAS DI TUNINETTI DOTT. MICHELE;9729590019;10135;1272;TORINO;-;1;TO;TORINO;10;PIEMONTE;01/05/2016;-;Ordinaria;1;45.0709201;7.6859719;1;Via Onorato Vigliani, 55/G, 10135, TORINO;Via Onorato Vigliani 55G, 10135, Torino;7.641354298661076;45.02038429698763
90;0;Via Arnaldo Da Brescia, 38;FARM DEL GIGLIO DI DR.SSA COGGI PAOLA MARIA;11567180010;10134;1272;TORINO;-;1;TO;TORINO;10;PIEMONTE;01/07/2017;-;Ordinaria;1;45.0359659524;7.6516532664;1;Via Arnaldo Da Brescia, 38, 10134, TORINO;Via Arnaldo da Brescia 38, 10134, Torino;7.650381190807352;45.03418885206878
91;0;Corso Fiume, 4;BORGO CRIMEA;552630014;10133;1272;TORINO;-;1;TO;TORINO;10;PIEMONTE;01/01/2005;-;Ordinaria;1;45.0572578429;7.6945583587;1;Corso Fiume, 4, 10133, TORINO;Corso Fiume 4, 10133, Torino;7.6937880910323955;45.05715538550985
92;0;Piazza Gran Madre di Dio, 1;GRAN MADRE;9578480015;10131;1272;TORINO;-;1;TO;TORINO;10;PIEMONTE;01/09/2010;-;Ordinaria;1;45.062410155;7.6986041669;1;Piazza Gran Madre di Dio, 1, 10131, TORINO;Piazza Gran Madre di Dio 1, 10131, Torino;7.69901787327739;45.06287530626437
93;0;Corso Moncalieri, 59;ANTONIOTTI;-;10133;1272;TORINO;-;1;TO;TORINO;10;PIEMONTE;01/09/2011;-;Ordinaria;1;45.0620521149;7.697716935;1;Corso Moncalieri, 59, 10133, TORINO;Corso Moncalieri 59, 10133, Torino;7.6909889274336924;45.053850499855784
94;0;Via Monferrato 22E;BORGO PO DELLA DOTT.SSA BOASSO LORENA;3582290049;10131;1272;TORINO;-;1;TO;TORINO;10;PIEMONTE;01/07/2017;-;Ordinaria;1;45.0629180386;7.7036144314;1;Via Monferrato 22E, 10131, TORINO;Via Monferrato 22E, 10131, Torino;7.701616749379629;45.064104171244736
95;0;Corso Moncalieri, 257;PILONETTO SAS DEL DOTT. BELLARDONE ALBERTO E C.;11224200011;10133;1272;TORINO;-;1;TO;TORINO;10;PIEMONTE;01/07/2017;-;Ordinaria;1;45.0620521149;7.697716935;1;Corso Moncalieri, 257, 10133, TORINO;Corso Moncalieri 257, 10133, Torino;7.681359734260412;45.03721158451151
96;0;Piazza Freguglia, 6;CAVORETTO SNC DELLE DR.SSE CARLA E PAOLA GIOVANNA MARIA PIACENTINO;11520010015;10133;1272;TORINO;-;1;TO;TORINO;10;PIEMONTE;01/07/2017;-;Ordinaria;1;45.0709201;7.6859719;1;Piazza Freguglia, 6, 10133, TORINO;Piazza Carlo Freguglia 6, 10133, Torino;7.687579903687502;45.02917099056494
97;0;Via Celeste Negarville, 8/10;Comunale 13 - Afc;246650014;10135;1272;TORINO;-;1;TO;TORINO;10;PIEMONTE;01/07/2017;-;Ordinaria;1;45.02008925;7.6120918;1;Via Celeste Negarville, 8/10, 10135, TORINO;Via Celeste Negarville 8, 10135, Torino;7.611225942120227;45.02097764807546
98;0;Via Arturo Farinelli, 36/9;COMUNALE 40 - AFC;7019070015;10135;1272;TORINO;-;1;TO;TORINO;10;PIEMONTE;01/04/2007;-;Ordinaria;1;45.0709201;7.6859719;1;Via Arturo Farinelli, 36/9, 10135, TORINO;Via Arturo Farinelli 36, 10135, Torino;7.633407255179353;45.01484649371028
99;0;Corso Unione Sovietica, 585;SAN DOMENICO;3015430014;10135;1272;TORINO;-;1;TO;TORINO;10;PIEMONTE;01/12/2016;-;Ordinaria;1;45.0709201;7.6859719;1;Corso Unione Sovietica, 585, 10135, TORINO;Corso Unione Sovietica 585, 10135, Torino;7.626408710110165;45.01438993144442
100;0;Corso Unione Sovietica, 491;OTTONE;5455020015;10135;1272;TORINO;-;1;TO;TORINO;10;PIEMONTE;01/01/2005;-;Ordinaria;1;45.0171061918;7.6287269803;1;Corso Unione Sovietica, 491, 10135, TORINO;Corso Unione Sovietica 491, 10135, Torino;7.631617174447404;45.01908168720068
101;0;Via Pramollo, 6;ROATIS;6031100016;10135;1272;TORINO;-;1;TO;TORINO;10;PIEMONTE;01/07/2017;-;Ordinaria;1;45.0216854871;7.6250676199;1;Via Pramollo, 6, 10135, TORINO;Via Pramollo 6, 10135, Torino;7.624211894108205;45.021335322234386
102;0;Via Candiolo, 31;SENNACHERIBBO DI SENNACHERIBBO LUISA E CLAUDIA SNC;6377940017;10127;1272;TORINO;-;1;TO;TORINO;10;PIEMONTE;01/01/2005;-;Ordinaria;1;45.01576245;7.6491634;1;Via Candiolo, 31, 10127, TORINO;Via Candiolo 31, 10127, Torino;7.654932743002975;45.0145323702464
103;0;Via Onorato Vigliani, 160;VIGLIANI;7933620010;10127;1272;TORINO;-;1;TO;TORINO;10;PIEMONTE;01/01/2005;-;Ordinaria;1;45.0180524022;7.6458330964;1;Via Onorato Vigliani, 160, 10127, TORINO;Via Onorato Vigliani 160, 10127, Torino;7.651606500000014;45.017282474032086
104;0;Via Monginevro, 57;BUSATTI BORGO SAN PAOLO SAS DI GARRONE DOTT.SSA LUISA & C.;8268160010;10141;1272;TORINO;-;1;TO;TORINO;10;PIEMONTE;01/09/2010;-;Ordinaria;1;45.0642348;7.62850395;1;Via Monginevro, 57, 10141, TORINO;Via Monginevro 57, 10141, Torino;7.646433658203019;45.06458068942238
105;0;Corso Rosselli, 106/D;MAZZOLI;2099440014;10129;1272;TORINO;-;1;TO;TORINO;10;PIEMONTE;01/03/2013;-;Ordinaria;1;45.0521721463;7.6556577061;1;Corso Rosselli, 106/D, 10129, TORINO;Corso Carlo e Nello Rosselli 106D, 10129, Torino;7.6536744723873005;45.053749110190964
106;0;Via Rivalta, 56/d;DELLE ERBE DI FARMAPIU' TORINO SAS DELLA DR.SSA CALATRONI DANIELA;10123670019;10141;1272;TORINO;-;1;TO;TORINO;10;PIEMONTE;01/03/2013;-;Ordinaria;1;45.0364458827;7.5232879172;1;Via Rivalta, 56/d, 10141, TORINO;Via Rivalta 56D, 10141, Torino;7.649077400225046;45.05719683319867
107;0;Corso Racconigi, 186;BULLIO DRANZON;4778500019;10141;1272;TORINO;-;1;TO;TORINO;10;PIEMONTE;01/02/2015;-;Ordinaria;1;45.0685845049;7.6456889948;1;Corso Racconigi, 186, 10141, TORINO;Corso Racconigi 186, 10141, Torino;7.647028734580478;45.05761139184417
108;0;Via Monginevro, 105;GILLONE;6663770011;10141;1272;TORINO;-;1;TO;TORINO;10;PIEMONTE;01/01/2005;-;Ordinaria;1;45.0642348;7.62850395;1;Via Monginevro, 105, 10141, TORINO;Via Monginevro 105, 10141, Torino;7.639798248542917;45.06451152899767
109;0;Via Vincenzo Lancia, 11/D;SANT'EMILIO DI BRUNA ROSSO D. E VALLENZASCA L. SNC;545960015;10141;1272;TORINO;-;1;TO;TORINO;10;PIEMONTE;01/04/2007;-;Ordinaria;1;45.06181775;7.63535975;1;Via Vincenzo Lancia, 11/D, 10141, TORINO;Via Vincenzo Lancia 11D, 10141, Torino;7.643446596168278;45.060836605603335
110;0;Via Paolo Braccini, 101;SAN BERNARDINO SNC DEL DOTT. PASCHETTA S. & C.;7393720011;10141;1272;TORINO;-;1;TO;TORINO;10;PIEMONTE;01/09/2010;-;Ordinaria;1;45.0602350515;7.6492296981;1;Via Paolo Braccini, 101, 10141, TORINO;Via Paolo Braccini 101, 10141, Torino;7.645966763806346;45.060577638351944
111;0;Via San Paolo, 49/A;BORGO SAN PAOLO;5819520015;10141;1272;TORINO;-;1;TO;TORINO;10;PIEMONTE;01/04/2007;-;Ordinaria;1;45.1042633734;7.5614374498;1;Via San Paolo, 49/A, 10141, TORINO;Via San Paolo 49A, 10141, Torino;7.650329950602994;45.06280134026779
112;0;Corso Francia, 35;FREJUS DEL DOTT. RAVAZZINI RENTO;10628080011;10138;1272;TORINO;-;1;TO;TORINO;10;PIEMONTE;01/07/2017;-;Ordinaria;1;45.07469625;7.6221131;1;Corso Francia, 35, 10138, TORINO;Corso Francia 35, 10138, Torino;7.6590095867332195;45.07600054731953
113;0;Corso Vittorio Emanuele II, 182/bis/C;COMUNALE 17 - AFC;7019070015;10138;1272;TORINO;-;1;TO;TORINO;10;PIEMONTE;01/01/2005;-;Ordinaria;1;45.0709201;7.6859719;1;Corso Vittorio Emanuele II, 182/bis/C, 10138, TORINO;Corso Vittorio Emanuele II 182, 10138, Torino;7.655844439738086;45.071273061952056
114;0;Via Duchessa Jolanda, 15/bis/E;BERNARDI;4315880015;10138;1272;TORINO;-;1;TO;TORINO;10;PIEMONTE;01/01/2005;-;Ordinaria;1;45.0709201;7.6859719;1;Via Duchessa Jolanda, 15/bis/E, 10138, TORINO;Via Duchessa Jolanda 15, 10138, Torino;7.662967203300842;45.07364330169083
115;0;Via Di Nanni, 79/E;DELL'ERICA SAS DEL DOTT. FACHINETTI ALBINO E C.;10561820019;10138;1272;TORINO;-;1;TO;TORINO;10;PIEMONTE;01/07/2017;-;Ordinaria;1;45.0800915734;7.5125811406;1;Via Di Nanni, 79/E, 10138, TORINO;Via Dante di Nanni 79E, 10138, Torino;7.650524220381957;45.065945472935574
116;0;Via Almese, 2D;BRACCIO SNC DELLA DR.SSA FASSIO CLAUDIA E C.;9595260010;10138;1272;TORINO;-;1;TO;TORINO;10;PIEMONTE;01/03/2013;-;Ordinaria;1;45.07469625;7.6221131;1;Via Almese, 2D, 10138, TORINO;Via Almese 2D, 10138, Torino;7.652598008742586;45.07555910713256
117;0;Corso Francia, 1/bis;PORTA SUSA SNC DI E. E L. PLATTER;6351660011;10138;1272;TORINO;-;1;TO;TORINO;10;PIEMONTE;01/01/2005;-;Ordinaria;1;45.07469625;7.6221131;1;Corso Francia, 1/bis, 10138, TORINO;Corso Francia 1BIS, 10138, Torino;7.667306863725541;45.07627848903573
118;0;Corso Peschiera, 244/A;MADONNA DEI FIORI DI PRANDI M.G. E I. SNC;6574440019;10139;1272;TORINO;-;1;TO;TORINO;10;PIEMONTE;01/01/2005;-;Ordinaria;1;45.0693340228;7.6374653372;1;Corso Peschiera, 244/A, 10139, TORINO;Corso Peschiera 244, 10139, Torino;7.639467328062771;45.06870855620635
119;0;Corso Peschiera, 142/F;BALOCCO;6588510013;10138;1272;TORINO;-;1;TO;TORINO;10;PIEMONTE;01/01/2005;-;Ordinaria;1;45.0709201;7.6859719;1;Corso Peschiera, 142/F, 10138, TORINO;Corso Peschiera 142, 10138, Torino;7.653349744243734;45.06336149792255
120;0;Via Frejus, 41;CENISIA DI VENTURA ANGELO E C. SAS;6645590016;10139;1272;TORINO;-;1;TO;TORINO;10;PIEMONTE;01/01/2005;-;Ordinaria;1;45.0702946466;7.6427897001;1;Via Frejus, 41, 10139, TORINO;Via Frejus 41, 10139, Torino;7.647220875382315;45.07061854731953
121;0;Piazza Adriano, 12;DEL BENESSERE DI FEDELI SAS DEL DOTT. MARINELLO STEFANO & C.;6915420019;10138;1272;TORINO;-;1;TO;TORINO;10;PIEMONTE;01/01/2005;-;Ordinaria;1;45.0715391652;7.6538033649;1;Piazza Adriano, 12, 10138, TORINO;Piazza Adriano 12, 10138, Torino;7.654419503462452;45.07207601194523
122;0;Via Monginevro, 29;COMUNALE 45 - AFC;9971950010;10138;1272;TORINO;-;1;TO;TORINO;10;PIEMONTE;01/08/2010;-;Ordinaria;1;45.0642348;7.62850395;1;Via Monginevro, 29, 10138, TORINO;Via Monginevro 29, 10138, Torino;7.650780123925214;45.06500254731953
123;0;Via Di Nanni, 42;SANTA ROSA;7860820013;10139;1272;TORINO;-;1;TO;TORINO;10;PIEMONTE;01/09/2010;-;Ordinaria;1;45.0800915734;7.5125811406;1;Via Di Nanni, 42, 10139, TORINO;Via Dante di Nanni 42, 10139, Torino;7.652373056610366;45.068155669167275
124;0;Corso Sebastopoli, 143;SANTA RITA SNC;9247120018;10137;1272;TORINO;-;1;TO;TORINO;10;PIEMONTE;01/01/2008;-;Ordinaria;1;45.0402671;7.6594485;1;Corso Sebastopoli, 143, 10137, TORINO;Corso Sebastopoli 143, 10137, Torino;7.648827213428388;45.04378519954993
125;0;Corso Orbassano, 249;COMUNALE 1 - AFC;9971950010;10137;1272;TORINO;-;1;TO;TORINO;10;PIEMONTE;01/09/2010;-;Ordinaria;1;45.0306399356;7.6043937061;1;Corso Orbassano, 249, 10137, TORINO;Corso Orbassano 249, 10137, Torino;7.636353422153591;45.04108417262973
126;0;Corso Sebastopoli, 272;COMUNALE 9 - AFC;9971950010;10136;1272;TORINO;-;1;TO;TORINO;10;PIEMONTE;01/09/2010;-;Ordinaria;1;45.0402671;7.6594485;1;Corso Sebastopoli, 272, 10136, TORINO;Corso Sebastopoli 272, 10136, Torino;7.6356949869582635;45.04858472384441
127;0;Via Filadelfia, 142;COMUNALE 36 - AFC;1131720011;10137;1272;TORINO;-;1;TO;TORINO;10;PIEMONTE;01/03/2013;-;Ordinaria;1;45.0417476537;7.6458902765;1;Via Filadelfia, 142, 10137, TORINO;Via Filadelfia 142, 10137, Torino;7.643136960038066;45.04275060727677
128;0;Via Buenos Aires, 77;DELL'ORSO;9967530016;10137;1272;TORINO;-;1;TO;TORINO;10;PIEMONTE;01/03/2013;-;Ordinaria;1;45.0378349724;7.6396811754;1;Via Buenos Aires, 77, 10137, TORINO;Via Buenos Aires 77, 10137, Torino;7.640436091032406;45.037500443793654
129;0;Via San Marino, 37;AMICI SNC DI AMICI PAOLA E LUCA;936010016;10134;1272;TORINO;-;1;TO;TORINO;10;PIEMONTE;01/01/2005;-;Ordinaria;1;45.0394030269;7.6404025089;1;Via San Marino, 37, 10134, TORINO;Via San Marino 37, 10134, Torino;7.646092381758948;45.037223424086825
130;0;Corso Agnelli, 56;COMUNALE 37 - AFC;7019070015;10137;1272;TORINO;-;1;TO;TORINO;10;PIEMONTE;01/01/2005;-;Ordinaria;1;45.0709201;7.6859719;1;Corso Agnelli, 56, 10137, TORINO;Corso Giovanni Agnelli 56, 10137, Torino;7.64633924770619;45.03987760644006
131;0;Corso Orbassano, 216;ROGNONE;414760017;10137;1272;TORINO;-;1;TO;TORINO;10;PIEMONTE;01/01/2005;-;Ordinaria;1;45.0306399356;7.6043937061;1;Corso Orbassano, 216, 10137, TORINO;Corso Orbassano 216, 10137, Torino;7.63712551136831;45.04163789676259
132;0;Via Tripoli, 15/A;MADONNA DELL'AIUTO;2584250019;10136;1272;TORINO;-;1;TO;TORINO;10;PIEMONTE;01/01/2005;-;Ordinaria;1;45.05228865;7.65024715;1;Via Tripoli, 15/A, 10136, TORINO;Via Tripoli 15A, 10136, Torino;7.649406527497129;45.05103769080735
133;0;Corso Siracusa, 87;SAN PIETRO SNC DI BONELLO DOTT. STEFANO E CORNELIO DOTT. FILIPPO;10831600019;10137;1272;TORINO;-;1;TO;TORINO;10;PIEMONTE;01/07/2017;-;Ordinaria;1;45.0573063186;7.634998423;1;Corso Siracusa, 87, 10137, TORINO;Corso Siracusa 87, 10137, Torino;7.634647728287817;45.046923653067125
134;0;Via Barletta, 84/f;DEL BORGO DI U.W.S. SAS DI GIACCONE MARIO;10289910019;10136;1272;TORINO;-;1;TO;TORINO;10;PIEMONTE;01/10/2010;-;Ordinaria;1;45.0466044609;7.6469528773;1;Via Barletta, 84/f, 10136, TORINO;Via Barletta 84F, 10136, Torino;7.6419478703906405;45.048285774914845
136;0;Via Gorizia, 133;ALTHEA SNC DELLA DR.SSA BRUSSINO DANIELA;11289780014;10137;1272;TORINO;-;1;TO;TORINO;10;PIEMONTE;01/07/2017;-;Ordinaria;1;45.0767188882;7.5124412206;1;Via Gorizia, 133, 10137, TORINO;Via Gorizia 133, 10137, Torino;7.640097342922185;45.0423396880374
137;0;Corso Sebastopoli, 202/B;MINATI;7393730010;10136;1272;TORINO;-;1;TO;TORINO;10;PIEMONTE;01/01/2005;-;Ordinaria;1;45.0402671;7.6594485;1;Corso Sebastopoli, 202/B, 10136, TORINO;Corso Sebastopoli 202B, 10136, Torino;7.642749205666763;45.04617069109581
138;0;Via Barletta, 93;GIACCONE DI BRACCIO SNC DELLA DR.SSA FASSIO CLAUDIA E C.;9595260010;10136;1272;TORINO;-;1;TO;TORINO;10;PIEMONTE;01/03/2013;-;Ordinaria;1;45.0466044609;7.6469528773;1;Via Barletta, 93, 10136, TORINO;Via Barletta 93, 10136, Torino;7.63952856841136;45.04903933443942
139;0;Corso Agnelli, 117;ROAGNA SNC DELLE DOTT.SSE SURIA M. E ROAGNA M. C.;7707620014;10134;1272;TORINO;-;1;TO;TORINO;10;PIEMONTE;01/07/2008;-;Ordinaria;1;45.0349796;7.6435972;1;Corso Agnelli, 117, 10134, TORINO;Corso Giovanni Agnelli 117, 10134, Torino;7.643583471002344;45.03505656119799
140;0;Via Tripoli, 58;MODERNA DI EUROFARMACIA SAS DEL DOTT. TORGANI ROBERTO;9559770012;10136;1272;TORINO;-;1;TO;TORINO;10;PIEMONTE;01/09/2010;-;Ordinaria;1;45.05228865;7.65024715;1;Via Tripoli, 58, 10136, TORINO;Via Tripoli 58, 10136, Torino;7.647600122396005;45.048338381903164
141;0;Via San Marino, 69;BEATO ANGELICO DEL GRUPPO F.CIE POPOLARI  SUBALPINE SAS DI CREPALDI E.;3170560019;10137;1272;TORINO;-;1;TO;TORINO;10;PIEMONTE;01/01/2005;-;Ordinaria;1;45.0394030269;7.6404025089;1;Via San Marino, 69, 10137, TORINO;Via San Marino 69, 10137, Torino;7.642480013041741;45.03862527615559
142;0;Via Guido Reni, 155/157;COMUNALE 23 - AFC;582490017;10137;1272;TORINO;-;1;TO;TORINO;10;PIEMONTE;01/04/2007;-;Ordinaria;1;45.0488844;7.6273312;1;Via Guido Reni, 155/157, 10137, TORINO;Via Guido Reni 155, 10137, Torino;7.629296170003994;45.04409689869584
143;0;Via Cimabue, 8;COMUNALE 35 - AFC;1131200014;10137;1272;TORINO;-;1;TO;TORINO;10;PIEMONTE;01/04/2007;-;Ordinaria;1;45.0392878536;7.6190089238;1;Via Cimabue, 8, 10137, TORINO;Via Cimabue 8, 10137, Torino;7.6181994995959865;45.04010940440864
144;0;Piazza Omero, 16;SANTI COSMA E DAMIANO DI ROSENKRANTZ FEDERICA MARIA;11286230013;10137;1272;TORINO;-;1;TO;TORINO;10;PIEMONTE;01/07/2017;-;Ordinaria;1;45.0709201;7.6859719;1;Piazza Omero, 16, 10137, TORINO;Piazza Omero 16, 10137, Torino;7.629005252293827;45.038359026371936
145;0;Corso Sebastopoli, 298;SANTA SILVIA SNC DEI DOTTORI LUISELLA E PAOLO CAGNO;9964280011;10136;1272;TORINO;-;1;TO;TORINO;10;PIEMONTE;01/09/2010;-;Ordinaria;1;45.0402671;7.6594485;1;Corso Sebastopoli, 298, 10136, TORINO;Corso Sebastopoli 298, 10136, Torino;7.6323261319753;45.049774672773964
146;0;Via Guido Reni 109/A;FILADELFIA DOTT.SANTOMARTINO;10053630017;10137;1272;TORINO;-;1;TO;TORINO;10;PIEMONTE;01/03/2013;-;Ordinaria;1;45.0709201;7.6859719;1;Via Guido Reni 109/A, 10137, TORINO;Via Guido Reni 109, 10137, Torino;7.6295614272886505;45.04736984352307
147;0;Piazza Dante Livio Bianco, 10;SAN GIORGIO;5467360011;10137;1272;TORINO;-;1;TO;TORINO;10;PIEMONTE;01/01/2005;-;Ordinaria;1;45.0709201;7.6859719;1;Piazza Dante Livio Bianco, 10, 10137, TORINO;Piazza Dante Livio Bianco 10, 10137, Torino;7.635347109354254;45.0361315634197
148;0;Corso Orbassano, 302;EUROPA DI MONDINO DOTT.SSA PAOLA;11623330013;10125;1272;TORINO;-;1;TO;TORINO;10;PIEMONTE;01/07/2017;-;Ordinaria;1;45.0306399356;7.6043937061;1;Corso Orbassano, 302, 10125, TORINO;Corso Orbassano 302, 10137, Torino;7.626414369265458;45.03645487122737
149;0;Via Sanremo, 37;MIRAFIORI SNC DI CELLURA DOTT. G. & C.;7444800010;10137;1272;TORINO;-;1;TO;TORINO;10;PIEMONTE;01/01/2008;-;Ordinaria;1;45.0352929384;7.6379470039;1;Via Sanremo, 37, 10137, TORINO;10137;7.631170239000028;45.03908500000006
150;0;Corso Cosenza, 39;COSENZA DI SARNICO SARA SIMONA LUISA;10753940013;10137;1272;TORINO;-;1;TO;TORINO;10;PIEMONTE;01/07/2017;-;Ordinaria;1;45.0410068231;7.6325699614;1;Corso Cosenza, 39, 10137, TORINO;Corso Cosenza 39, 10137, Torino;7.640494791130588;45.03608952954593
151;0;Piazza Pitagora, 9;PITAGORA SNC DELLE DOTT.SSE D. BONICELLI E L. RAMASSOTTO;7813090011;10137;1272;TORINO;-;1;TO;TORINO;10;PIEMONTE;01/04/2007;-;Ordinaria;1;45.0396853;7.6345498;1;Piazza Pitagora, 9, 10137, TORINO;Piazza Pitagora 9, 10137, Torino;7.634403659732204;45.0390928359686
152;0;Corso Siracusa, 98;CORSO SIRACUSA;8053820018;10137;1272;TORINO;-;1;TO;TORINO;10;PIEMONTE;01/01/2008;-;Ordinaria;1;45.0573063186;7.634998423;1;Corso Siracusa, 98, 10137, TORINO;Corso Siracusa 98, 10137, Torino;7.633977837209382;45.0452811268394
153;0;Via Rieti, 55;COMUNALE 5 - AFC;9971950010;10142;1272;TORINO;-;1;TO;TORINO;10;PIEMONTE;01/09/2010;-;Ordinaria;1;45.07095845;7.60947095;1;Via Rieti, 55, 10142, TORINO;Via Rieti 55, 10142, Torino;7.609548199434371;45.069976707744246
154;0;Corso Trapani, 150;COMUNALE 7 - AFC;9971950010;10141;1272;TORINO;-;1;TO;TORINO;10;PIEMONTE;01/09/2010;-;Ordinaria;1;45.0552784824;7.6350799479;1;Corso Trapani, 150, 10141, TORINO;Corso Trapani 150, 10141, Torino;7.636386552311209;45.064793074383964
155;0;Piazza Rivoli, 11;BAIMA DI BAIMA POMA ELENA MARIA & C. SNC;9950530015;10139;1272;TORINO;-;1;TO;TORINO;10;PIEMONTE;01/05/2015;-;Ordinaria;1;45.0753908959;7.6443493188;1;Piazza Rivoli, 11, 10139, TORINO;Piazza Rivoli 11, 10139, Torino;7.642577022476797;45.07522911434592
156;0;Via Vandalino, 9/11;COMUNALE 38 - AFC;529840019;10141;1272;TORINO;-;1;TO;TORINO;10;PIEMONTE;01/04/2007;-;Ordinaria;1;45.07147905;7.5923284;1;Via Vandalino, 9/11, 10141, TORINO;Via Vandalino 9, 10141, Torino;7.6219201990016625;45.07179949624908
157;0;Corso Peschiera, 295;PESCHIERA DI VALORI GIUSEPPE;8763380014;10141;1272;TORINO;-;1;TO;TORINO;10;PIEMONTE;01/07/2016;-;Ordinaria;1;45.0693340228;7.6374653372;1;Corso Peschiera, 295, 10141, TORINO;Corso Peschiera 295, 10141, Torino;7.630785943101164;45.07168066250216
158;0;Via Monginevro, 126;SBURLATI EMANUELA;8753390015;10141;1272;TORINO;-;1;TO;TORINO;10;PIEMONTE;01/09/2010;-;Ordinaria;1;45.0642348;7.62850395;1;Via Monginevro, 126, 10141, TORINO;Via Monginevro 126, 10141, Torino;7.63526607799065;45.064573522072784
159;0;Via Monginevro, 245;BORGATA LESNA SAS DELLA DR.SSA VISCONTI MANUELA E C.;10841570012;10142;1272;TORINO;-;1;TO;TORINO;10;PIEMONTE;01/07/2017;-;Ordinaria;1;45.0642348;7.62850395;1;Via Monginevro, 245, 10142, TORINO;Via Monginevro 245, 10142, Torino;7.621104378988976;45.064476587281476
160;0;Via Monginevro, 178;MONGINEVRO;4974530018;10141;1272;TORINO;-;1;TO;TORINO;10;PIEMONTE;01/01/2005;-;Ordinaria;1;45.0642348;7.62850395;1;Via Monginevro, 178, 10141, TORINO;Via Monginevro 178, 10141, Torino;7.628866826533567;45.06427150375091
161;0;Via S. M. Mazzarello, 18/D;VILLA GIUSTI DI ALLINI EREDI;6715200017;10142;1272;TORINO;-;1;TO;TORINO;10;PIEMONTE;01/09/2010;-;Ordinaria;1;45.0709201;7.6859719;1;Via S. M. Mazzarello, 18/D, 10142, TORINO;Via Santa Maria Mazzarello 18D, 10142, Torino;7.624190766576323;45.06315402692022
162;0;Corso Francia, 175;CORSO FRANCIA;5917190018;10139;1272;TORINO;-;1;TO;TORINO;10;PIEMONTE;01/01/2005;-;Ordinaria;1;45.07469625;7.6221131;1;Corso Francia, 175, 10139, TORINO;Corso Francia 175, 10139, Torino;7.639510782820706;45.07517449624908
163;0;Via Asiago, 35;GANCIA DIMITRI;10843570010;10142;1272;TORINO;-;1;TO;TORINO;10;PIEMONTE;01/07/2017;-;Ordinaria;1;44.8770387489;7.3220965176;1;Via Asiago, 35, 10142, TORINO;Via Asiago 35, 10142, Torino;7.614000199001678;45.0699904962491
164;0;Corso Francia, 385;DONATO DI DONATO GIULIA E C. SNC;6575730012;10142;1272;TORINO;-;1;TO;TORINO;10;PIEMONTE;01/01/2005;-;Ordinaria;1;45.07469625;7.6221131;1;Corso Francia, 385, 10142, TORINO;Corso Francia 385, 10142, Torino;7.6087485313636005;45.073950496249104
165;0;Via Bardonecchia, 114;SAN BENEDETTO DI DALMASSO DOTT. LUCA;11567230013;10139;1272;TORINO;-;1;TO;TORINO;10;PIEMONTE;01/07/2017;-;Ordinaria;1;45.074390924;7.5632671111;1;Via Bardonecchia, 114, 10139, TORINO;Via Bardonecchia 114, 10139, Torino;7.63502732653356;45.0723004782157
166;0;Corso Francia, 273;POZZO STRADA SNC DELLE DOTT.SSE GOZZELINO GRAZIA MARIA E BIANCO LOREDA;9007200018;10139;1272;TORINO;-;1;TO;TORINO;10;PIEMONTE;01/09/2010;-;Ordinaria;1;45.07469625;7.6221131;1;Corso Francia, 273, 10139, TORINO;Corso Francia 273, 10139, Torino;7.6278872828206925;45.07468451457095
167;0;Piazza Massaua, 1;Piazza Massaua Snc;8760910011;10141;1272;TORINO;-;1;TO;TORINO;10;PIEMONTE;01/09/2017;-;Ordinaria;1;45.07461385;7.6186181;1;Piazza Massaua, 1, 10141, TORINO;Piazza Massaua 1, 10141, Torino;7.620385682497473;45.0743336194818
168;0;Corso Brunelleschi, 75/c;BRUNELLESCHI;7387670016;10141;1272;TORINO;-;1;TO;TORINO;10;PIEMONTE;01/01/2005;-;Ordinaria;1;45.0632955506;7.626572153;1;Corso Brunelleschi, 75/c, 10141, TORINO;Corso Filippo Brunelleschi 75C, 10141, Torino;7.624397765479797;45.068575840412024
169;0;Via Franceso De Sanctis, 60;PARINI SNC;7873340017;10142;1272;TORINO;-;1;TO;TORINO;10;PIEMONTE;01/09/2010;-;Ordinaria;1;45.0709201;7.6859719;1;Via Franceso De Sanctis, 60, 10142, TORINO;Via Francesco De Sanctis 60, 10142, Torino;7.6187547141208976;45.06968752400602
170;0;Via Frejus, 97/A;SAN GIOVANNI SAS DELLA DR.SSA MARIA EDVIGE MAI & C.;8476620011;10139;1272;TORINO;-;1;TO;TORINO;10;PIEMONTE;01/03/2013;-;Ordinaria;1;45.0702946466;7.6427897001;1;Via Frejus, 97/A, 10139, TORINO;Via Frejus 97, 10139, Torino;7.643277953372971;45.070296580068124
171;0;Via San Donato, 9;F.CIA BORELLI DI RINAUDO E.;510810013;10144;1272;TORINO;-;1;TO;TORINO;10;PIEMONTE;01/02/2017;-;Ordinaria;1;45.0827329941;7.6583260274;1;Via San Donato, 9, 10144, TORINO;Via San Donato 9, 10144, Torino;7.667637883980644;45.078442648623714
172;0;Corso R. Margherita, 218/bis;MONGE;510950017;10144;1272;TORINO;-;1;TO;TORINO;10;PIEMONTE;01/01/2005;-;Ordinaria;1;45.0709201;7.6859719;1;Corso R. Margherita, 218/bis, 10144, TORINO;Corso Regina Margherita 218BIS, 10144, Torino;7.666944349154588;45.08247378934158
173;0;Via Luigi Cibrario, 33/bis;SANTA ZITA SACCHI;8608970011;10143;1272;TORINO;-;1;TO;TORINO;10;PIEMONTE;01/09/2010;-;Ordinaria;1;45.0814213;7.65606425;1;Via Luigi Cibrario, 33/bis, 10143, TORINO;Via Luigi Cibrario 33BIS, 10143, Torino;7.662449017340904;45.07914734165276
174;0;Corso Regina Margherita, 256;BONANNO;10153910012;10144;1272;TORINO;-;1;TO;TORINO;10;PIEMONTE;01/11/2011;-;Ordinaria;1;45.0805626458;7.6725330111;1;Corso Regina Margherita, 256, 10144, TORINO;Corso Regina Margherita 256, 10144, Torino;7.660838268249759;45.084470814876795
175;0;Via Luigi Cibrario, 88;CRIDA DI FERRO DR.SSA MARIA GEMMA;10465660016;10143;1272;TORINO;-;1;TO;TORINO;10;PIEMONTE;01/03/2011;-;Ordinaria;1;45.0814213;7.65606425;1;Via Luigi Cibrario, 88, 10143, TORINO;Via Luigi Cibrario 88, 10143, Torino;7.653869124761928;45.082206607276774
176;0;Via Nicola Fabrizi, 11;SCOTTI SAS DEL DR. SCOTTI LUCA & C.;10372060011;10143;1272;TORINO;-;1;TO;TORINO;10;PIEMONTE;01/01/2011;-;Ordinaria;1;45.0792207911;7.6562194358;1;Via Nicola Fabrizi, 11, 10143, TORINO;Via Nicola Fabrizi 11, 10143, Torino;7.6541894291383334;45.079355998345754
177;0;Via Cibrario, 72;COMUNALE 44 - AFC;529840019;10144;1272;TORINO;-;1;TO;TORINO;10;PIEMONTE;01/04/2007;-;Ordinaria;1;45.08380735;7.6495844;1;Via Cibrario, 72, 10144, TORINO;Via Luigi Cibrario 72, 10144, Torino;7.65624895420969;45.08139580045007
178;0;Corso Alessandro Tassoni, 66/D;SANT'ALFONSO DI GAMBINO DOTT. FRANCESCA;10841110017;10144;1272;TORINO;-;1;TO;TORINO;10;PIEMONTE;01/07/2017;-;Ordinaria;1;45.0709201;7.6859719;1;Corso Alessandro Tassoni, 66/D, 10144, TORINO;Corso Alessandro Tassoni 66D, 10144, Torino;7.656036730653736;45.084485986121535
179;0;Corso Svizzera, 42;STROPPIANA DELLE DOTT.SSE VELCA E CARLA SNC;6672810014;10143;1272;TORINO;-;1;TO;TORINO;10;PIEMONTE;01/01/2005;-;Ordinaria;1;45.07572155;7.6487287;1;Corso Svizzera, 42, 10143, TORINO;Corso Svizzera 42, 10143, Torino;7.650423408275135;45.07993665889549
180;0;Via Pietro Piffetti, 31/bis;MANENTI;7208500012;10143;1272;TORINO;-;1;TO;TORINO;10;PIEMONTE;01/01/2005;-;Ordinaria;1;45.0709201;7.6859719;1;Via Pietro Piffetti, 31/bis, 10143, TORINO;Via Pietro Piffetti 31, 10143, Torino;7.660588527381529;45.07708965295569
181;0;Via San Donato, 55;SAN DONATO;2810710018;10144;1272;TORINO;-;1;TO;TORINO;10;PIEMONTE;01/01/2005;-;Ordinaria;1;45.0827329941;7.6583260274;1;Via San Donato, 55, 10144, TORINO;Via San Donato 55, 10144, Torino;7.661818414651754;45.08144672078598
182;0;Via Nicola Fabrizi, 102;FARMACIA SANTA MARTA SAS DELLA DR.SSA MORIGI ADRIANA E C.;11623340012;10145;1272;TORINO;-;1;TO;TORINO;10;PIEMONTE;01/07/2017;-;Ordinaria;1;45.0792207911;7.6562194358;1;Via Nicola Fabrizi, 102, 10145, TORINO;Via Nicola Fabrizi 102, 10145, Torino;7.643260005828381;45.081159485429055
183;0;Via Asinari Vittorio Di Bernezzo, 134;COMUNALE 10 - AFC;1117100014;10146;1272;TORINO;-;1;TO;TORINO;10;PIEMONTE;01/04/2007;-;Ordinaria;1;45.0709201;7.6859719;1;Via Asinari Vittorio Di Bernezzo, 134, 10146, TORINO;Via Vittorio Asinari di Bernezzo 134, 10146, Torino;7.624799674995665;45.0803290022217
184;0;Corso Lecce, 31;RINETTI;8440620014;10145;1272;TORINO;-;1;TO;TORINO;10;PIEMONTE;01/01/2005;-;Ordinaria;1;45.0794216122;7.6458477491;1;Corso Lecce, 31, 10145, TORINO;Corso Lecce 31, 10145, Torino;7.646298548704534;45.080025852068786
185;0;Piazza Tommaso Campanella, 9;CASTALDI;10248430018;10146;1272;TORINO;-;1;TO;TORINO;10;PIEMONTE;01/02/2015;-;Ordinaria;1;45.0826962;7.63268615;1;Piazza Tommaso Campanella, 9, 10146, TORINO;Piazza Tommaso Campanella 9, 10146, Torino;7.632309609902521;45.08228322814358
186;0;Via Capelli, 47;COMUNALE 22 - AFC;5331560010;10146;1272;TORINO;-;1;TO;TORINO;10;PIEMONTE;01/04/2007;-;Ordinaria;1;45.0709201;7.6859719;1;Via Capelli, 47, 10146, TORINO;Via Carlo Capelli 47, 10146, Torino;7.63389201165677;45.07920489286744
187;0;Via Bellardi, 3;COMUNALE 24 - AFC;6687440013;10146;1272;TORINO;-;1;TO;TORINO;10;PIEMONTE;01/04/2007;-;Ordinaria;1;45.0709201;7.6859719;1;Via Bellardi, 3, 10146, TORINO;Via Ludovico Bellardi 3, 10146, Torino;7.6222557857038655;45.07494395453883
188;0;Via Valentino Carrera, 88;LUCENTE;547110015;10146;1272;TORINO;-;1;TO;TORINO;10;PIEMONTE;01/01/2005;-;Ordinaria;1;45.0799901422;7.6326808894;1;Via Valentino Carrera, 88, 10146, TORINO;Via Valentino Carrera 88, 10146, Torino;7.628040115182641;45.08014151096427
189;0;Corso Francia, 212;TESORIERA;1830720015;10146;1272;TORINO;-;1;TO;TORINO;10;PIEMONTE;01/01/2005;-;Ordinaria;1;45.0702884382;7.5199600816;1;Corso Francia, 212, 10146, TORINO;Corso Francia 212, 10146, Torino;7.635288326533555;45.07537151096429
190;0;Via Michele Lessona, 29;SERRAVALLE EREDI;11493020017;10145;1272;TORINO;-;1;TO;TORINO;10;PIEMONTE;01/05/2016;-;Ordinaria;1;45.0834319849;7.6392170012;1;Via Michele Lessona, 29, 10145, TORINO;Via Michele Lessona 29, 10145, Torino;7.647015494171626;45.08313447792724
191;0;Via Carlo Capelli, 67/c;Farmacia Parella Srl;10465250016;10146;1272;TORINO;-;1;TO;TORINO;10;PIEMONTE;01/02/2018;-;Ordinaria;1;45.0800001695;7.6340766531;1;Via Carlo Capelli, 67/c, 10146, TORINO;Via Carlo Capelli 67C, 10146, Torino;7.634219422557623;45.0810603491546
192;0;Corso Monte Grappa, 55;MONTEGRAPPA SNC DEI DR.I PANIZZA FRANCO E CACCAMO GIULIA;10455750017;10146;1272;TORINO;-;1;TO;TORINO;10;PIEMONTE;01/05/2016;-;Ordinaria;1;45.0804014;7.6375677;1;Corso Monte Grappa, 55, 10146, TORINO;Corso Monte Grappa 55, 10146, Torino;7.637686009983319;45.08034569248081
193;0;Via Pietro Cossa, 106;PIETRO COSSA SNC DI VERZINI LAURA E C.;9360430012;10146;1272;TORINO;-;1;TO;TORINO;10;PIEMONTE;01/09/2010;-;Ordinaria;1;45.08809925;7.62873365;1;Via Pietro Cossa, 106, 10146, TORINO;Via Pietro Cossa 106, 10146, Torino;7.624553143776279;45.082788705522546
194;0;Via Slaaper, 25 bis;COMUNALE 2 - AFC;9971950010;10149;1272;TORINO;-;1;TO;TORINO;10;PIEMONTE;01/05/2009;-;Ordinaria;1;45.0709201;7.6859719;1;Via Slaaper, 25 bis, 10149, TORINO;Via Scipio Slataper 25, 10149, Torino;7.656109638351934;45.09993452262103
195;0;Via Isernia, 13/B;COMUNALE 33 - AFC;9971950010;10151;1272;TORINO;-;1;TO;TORINO;10;PIEMONTE;01/08/2010;-;Ordinaria;1;45.1055379386;7.656467525;1;Via Isernia, 13/B, 10151, TORINO;Via Isernia 13B, 10151, Torino;7.656735164579643;45.10495700499167
196;0;Via delle Verbene, 11;PICCARDO;5985080018;10151;1272;TORINO;-;1;TO;TORINO;10;PIEMONTE;01/01/2005;-;Ordinaria;1;45.1053701804;7.6318964124;1;Via delle Verbene, 11, 10151, TORINO;Via delle Verbene 11, 10151, Torino;7.630987096860771;45.104427000000015
197;0;Viale dei Mughetti, 9/f;DELLE VALLETTE SNC;9148460018;10151;1272;TORINO;-;1;TO;TORINO;10;PIEMONTE;01/09/2010;-;Ordinaria;1;45.1031636;7.6331517;1;Viale dei Mughetti, 9/f, 10151, TORINO;Viale dei Mughetti 9F, 10151, Torino;7.633147500000007;45.10319450346246
198;0;Largo Toscana, 50;IGEA DI GOZENI M. E C. SNC;6374520010;10149;1272;TORINO;-;1;TO;TORINO;10;PIEMONTE;01/01/2005;-;Ordinaria;1;45.0709201;7.6859719;1;Largo Toscana, 50, 10149, TORINO;Largo Toscana 50, 10149, Torino;7.657668053003694;45.097302760488134
199;0;Corso Toscana, 107;PIEMONTE SAS DI CERRATO ANNA MARIA & C.;6571150017;10149;1272;TORINO;-;1;TO;TORINO;10;PIEMONTE;01/03/2013;-;Ordinaria;1;45.0961286385;7.6595655189;1;Corso Toscana, 107, 10149, TORINO;Corso Toscana 107, 10149, Torino;7.658860452864859;45.0963670140946
200;0;Via Oglianico, 4;LUCENTO DI OPERTI DOTT. G. & C. SNC;6575400012;10149;1272;TORINO;-;1;TO;TORINO;10;PIEMONTE;01/01/2008;-;Ordinaria;1;45.0946616;7.65038015;1;Via Oglianico, 4, 10149, TORINO;Via Oglianico 4, 10149, Torino;7.650425498066772;45.094673567026376
201;0;Via Giosue` Borsi, 114;SANTA TERESA SNC DEI DOTT. CLAUDIO E SILVIA GAGLIASSO;11573610018;10149;1272;TORINO;-;1;TO;TORINO;10;PIEMONTE;01/07/2017;-;Ordinaria;1;45.0976511943;7.653204885;1;Via Giosue` Borsi, 114, 10149, TORINO;Via Giosu Borsi 114, 10149, Torino;7.654428884413335;45.09957096058631
202;0;Viale dei Mughetti, 1;MINERVA SAS DEL DR. TEALDI MARCO  & C.;7513330014;10151;1272;TORINO;-;1;TO;TORINO;10;PIEMONTE;01/04/2013;-;Ordinaria;1;45.0709201;7.6859719;1;Viale dei Mughetti, 1, 10151, TORINO;Viale dei Mughetti 1, 10151, Torino;7.637560172323972;45.102374706218974
203;0;Corso Toscana, 185/A;SANSOVINO DI NICOSIA DOTT. ALESSANDRO;11036760012;10151;1272;TORINO;-;1;TO;TORINO;10;PIEMONTE;01/07/2017;-;Ordinaria;1;45.0961286385;7.6595655189;1;Corso Toscana, 185/A, 10151, TORINO;Corso Toscana 185A, 10151, Torino;7.640970626839389;45.101422068555586
204;0;Via Foligno, 69;Farmacia Piazza Villari;9253640016;10149;1272;TORINO;-;1;TO;TORINO;10;PIEMONTE;01/12/2017;-;Ordinaria;1;45.0972092349;7.6699251521;1;Via Foligno, 69, 10149, TORINO;Via Foligno 69, 10149, Torino;7.662540426308517;45.099582359974626
205;0;Piazza Stampalia, 7;COMUNALE 11 - AFC;9971950010;10148;1272;TORINO;-;1;TO;TORINO;10;PIEMONTE;01/09/2010;-;Ordinaria;1;45.0709201;7.6859719;1;Piazza Stampalia, 7, 10148, TORINO;Piazza Stampalia 7, 10148, Torino;7.659229500000009;45.11176152899769
206;0;Via Borgaro, 58;SARDI;1760230019;10149;1272;TORINO;-;1;TO;TORINO;10;PIEMONTE;01/01/2005;-;Ordinaria;1;45.1488446915;7.7000200924;1;Via Borgaro, 58, 10149, TORINO;Via Borgaro 58, 10149, Torino;7.663037232182935;45.09674748542906
207;0;Corso Grosseto, 221;CORSO GROSSETO;4339700017;10147;1272;TORINO;-;1;TO;TORINO;10;PIEMONTE;01/01/2005;-;Ordinaria;1;45.1056184555;7.6612569429;1;Corso Grosseto, 221, 10147, TORINO;Corso Grosseto 221, 10147, Torino;7.669718298084151;45.10477850346244
208;0;Via Stradella, 198;ANNUNZIATA DI GILLONE MARIA GIACINTA;10950650019;10147;1272;TORINO;-;1;TO;TORINO;10;PIEMONTE;01/07/2017;-;Ordinaria;1;45.090863067;7.6790770508;1;Via Stradella, 198, 10147, TORINO;Via Stradella 198, 10147, Torino;7.666791736337882;45.10187863780367
209;0;Via Bernardino Luini, 34;CALVO;5026610013;10149;1272;TORINO;-;1;TO;TORINO;10;PIEMONTE;01/04/2013;-;Ordinaria;1;45.0959863053;7.6703922899;1;Via Bernardino Luini, 34, 10149, TORINO;Via Bernardino Luini 34, 10149, Torino;7.667181984736569;45.0971204454671
210;0;Corso Toscana, 20;TOSCANA SNC DELLE DOTT.SSE FISCHI LUISA, ARAGNO BARBARA E C.;11300560015;10149;1272;TORINO;-;1;TO;TORINO;10;PIEMONTE;01/07/2017;-;Ordinaria;1;45.0961286385;7.6595655189;1;Corso Toscana, 20, 10149, TORINO;Corso Toscana 20, 10149, Torino;7.660837359861643;45.09608602998852
211;0;Corso Grosseto, 256;MADONNA DI CAMPAGNA DI FERRARIS LORENZO E C. SNC;6573590012;10148;1272;TORINO;-;1;TO;TORINO;10;PIEMONTE;01/04/2013;-;Ordinaria;1;45.1056184555;7.6612569429;1;Corso Grosseto, 256, 10148, TORINO;Corso Grosseto 256, 10148, Torino;7.66377100582838;45.1055104782157
212;0;Corso Grosseto, 216/C;DEL MERCATO DI BOSIO GIOVANNI E C. SNC;6948210015;10148;1272;TORINO;-;1;TO;TORINO;10;PIEMONTE;01/01/2005;-;Ordinaria;1;45.1052871;7.6671689;1;Corso Grosseto, 216/C, 10148, TORINO;Corso Grosseto 216C, 10148, Torino;7.667573883288165;45.105765539529266
213;0;Corso Potenza, 92;VELA SAS DI ROSSETTI GIOVANNI & C.;9974200017;10149;1272;TORINO;-;1;TO;TORINO;10;PIEMONTE;01/09/2010;-;Ordinaria;1;45.09091245;7.65383925;1;Corso Potenza, 92, 10149, TORINO;Corso Potenza 92, 10149, Torino;7.657005860263108;45.09507020621505
214;0;Via Cardinale Guglielmo Massaia, 45;GARELLI SNC DEI DOTT.RI GARELLI FEDERICO, FIAMMETTA, MARIO E MICHELA G;7906530014;10147;1272;TORINO;-;1;TO;TORINO;10;PIEMONTE;01/04/2013;-;Ordinaria;1;45.1015302698;7.6692528727;1;Via Cardinale Guglielmo Massaia, 45, 10147, TORINO;Via Cardinale Guglielmo Massaia 45, 10147, Torino;7.671424411593355;45.09867766610885
215;0;Via Michele Berrino, 6;FARMACIA SAN PAOLO SAS DI FEDERICA BERTOTTI & C.;10179830012;10148;1272;TORINO;-;1;TO;TORINO;10;PIEMONTE;01/05/2017;-;Ordinaria;1;45.0709201;7.6859719;1;Via Michele Berrino, 6, 10148, TORINO;Via Michele Berrino 6, 10148, Torino;7.655627066385782;45.11858508984337
216;0;Via Gaetano Mosca, 1;FARMACIA PROF. CAVANNA S.N.C. DELLE DOTTORESSE FRANCONE NADA E PATRIZIA E C.;10190610013;10147;1272;TORINO;-;1;TO;TORINO;10;PIEMONTE;01/07/2017;-;Ordinaria;1;45.1019074475;7.677760585;1;Via Gaetano Mosca, 1, 10147, TORINO;Via Gaetano Mosca 1, 10147, Torino;7.677358569940568;45.10117503497028
217;0;Via Vibo`, 17/B;COMUNALE 19 - AFC;5424800018;10147;1272;TORINO;-;1;TO;TORINO;10;PIEMONTE;01/04/2007;-;Ordinaria;1;45.0943153;7.6788495;1;Via Vibo`, 17/B, 10147, TORINO;Via Vib 17B, 10147, Torino;7.678966903687505;45.09423725062039
218;0;Via Orvieto, 10/A;COMUNALE 29 - AFC;1933140012;10149;1272;TORINO;-;1;TO;TORINO;10;PIEMONTE;01/04/2013;-;Ordinaria;1;45.0709201;7.6859719;1;Via Orvieto, 10/A, 10149, TORINO;Via Orvieto 10A, 10149, Torino;7.670726077442407;45.09160367638063
219;0;Piazza della Vittoria, 29;MADONNA DELLA SALUTE DI VITTORIA SNC DELLE DR.E FRANZE' R. E FRANCO C.;10236870019;10147;1272;TORINO;-;1;TO;TORINO;10;PIEMONTE;01/02/2015;-;Ordinaria;1;45.0954182692;7.6769075161;1;Piazza della Vittoria, 29, 10147, TORINO;Piazza della Vittoria 29, 10147, Torino;7.676819041491148;45.095650742714525
220;0;Via Stradella, 36;LORENZETTI SAS DEL DOTT. LORENZETTI PAOLO E C.;11338650010;10147;1272;TORINO;-;1;TO;TORINO;10;PIEMONTE;01/07/2017;-;Ordinaria;1;45.090863067;7.6790770508;1;Via Stradella, 36, 10147, TORINO;Via Stradella 36, 10147, Torino;7.676863140025367;45.09239691257429
221;0;Via Chiesa della Salute, 105;CHIERICI SNC DEI DR.I CHIERICI SILVIA E GIAN MARIO;10589530012;10147;1272;TORINO;-;1;TO;TORINO;10;PIEMONTE;01/07/2017;-;Ordinaria;1;45.1024852925;7.6811303981;1;Via Chiesa della Salute, 105, 10147, TORINO;Via Chiesa della Salute 105, 10147, Torino;7.680959544405345;45.10185003497028
222;0;Corso Grosseto, 66;Farmacia Santa Elisabetta;11681090012;10148;1272;TORINO;-;1;TO;TORINO;10;PIEMONTE;01/09/2017;-;Ordinaria;1;45.1093055299;7.6851220108;1;Corso Grosseto, 66, 10148, TORINO;Corso Grosseto 66, 10148, Torino;7.683260201915855;45.10440542714525
223;0;Via Chiesa della Salute, 64;BORGO VITTORIA SNC DEI DOTT.RI GIULIA E LUIGI STANO;8056600011;10147;1272;TORINO;-;1;TO;TORINO;10;PIEMONTE;01/01/2008;-;Ordinaria;1;45.1024852925;7.6811303981;1;Via Chiesa della Salute, 64, 10147, TORINO;Via Chiesa della Salute 64, 10147, Torino;7.680002295458426;45.09767417124473
224;0;Corso Grosseto, 165;SAN ROCCO DR. ARESE GIANPIERO;11324150017;10147;1272;TORINO;-;1;TO;TORINO;10;PIEMONTE;01/07/2017;-;Ordinaria;1;45.1056184555;7.6612569429;1;Corso Grosseto, 165, 10147, TORINO;Corso Grosseto 165, 10147, Torino;7.675595214265117;45.10442555453291
225;0;Via Pietro Cossa, 280;REGINA MARGHERITA;5346970014;10151;1272;TORINO;-;1;TO;TORINO;10;PIEMONTE;01/01/2005;-;Ordinaria;1;45.08809925;7.62873365;1;Via Pietro Cossa, 280, 10151, TORINO;Via Pietro Cossa 280, 10151, Torino;7.634079450458755;45.094866496249104
226;0;Via Breglio, 16;BREGLIO DI BARONE OMAR;9932400014;10147;1272;TORINO;-;1;TO;TORINO;10;PIEMONTE;01/09/2010;-;Ordinaria;1;45.0709201;7.6859719;1;Via Breglio, 16, 10147, TORINO;Via Breglio 16, 10147, Torino;7.68374212101102;45.09863447821569
227;0;Via Borgaro, 103;SANTA CHIARA;11565600019;10147;1272;TORINO;-;1;TO;TORINO;10;PIEMONTE;01/07/2017;-;Ordinaria;1;45.1488446915;7.7000200924;1;Via Borgaro, 103, 10147, TORINO;Via Borgaro 103, 10149, Torino;7.663130227278196;45.102051481822365
228;0;Via Bologna, 21;DE ANGELI;9826310014;10152;1272;TORINO;-;1;TO;TORINO;10;PIEMONTE;01/12/2014;-;Ordinaria;1;45.081233167;7.6928693571;1;Via Bologna, 21, 10152, TORINO;Via Bologna 21, 10152, Torino;7.691884779762273;45.08087524646543
229;0;Corso Regina Margherita, 134;PALATINA DEL DOTT. MEDA MAURILIO;9639940015;10153;1272;TORINO;-;1;TO;TORINO;10;PIEMONTE;01/07/2017;-;Ordinaria;1;45.0805626458;7.6725330111;1;Corso Regina Margherita, 134, 10153, TORINO;Corso Regina Margherita 134, 10153, Torino;7.690227589421328;45.07476217844546
230;0;Via Reggio, 1;BORGO ROSSINI DI BALBI ALDO TOGNACCA;7875100013;10153;1272;TORINO;-;1;TO;TORINO;10;PIEMONTE;01/01/2008;-;Ordinaria;1;45.0709201;7.6859719;1;Via Reggio, 1, 10153, TORINO;Via Reggio 1, 10153, Torino;7.6945423535693225;45.074376366091464
231;0;Via Cigna, 118;FARMACIA DORA DI RATTO ALESSANDRO;11623320014;10155;1272;TORINO;-;1;TO;TORINO;10;PIEMONTE;01/07/2017;-;Ordinaria;1;44.9885229;7.6603768;1;Via Cigna, 118, 10155, TORINO;Via Francesco Cigna 118, 10155, Torino;7.685915436868757;45.09264920621502
232;0;Piazza della Repubblica, 21;PORTA PALAZZO SAS DEL DR. ILLENGO CARLO E C.;10534590012;10152;1272;TORINO;-;1;TO;TORINO;10;PIEMONTE;01/09/2011;-;Ordinaria;1;45.0766666432;7.6835340691;1;Piazza della Repubblica, 21, 10152, TORINO;Piazza della Repubblica 21, 10152, Torino;7.684141997230044;45.07802607077729
233;0;Corso Regina Margherita, 114;SANTA GIUSTINA;7266050017;10152;1272;TORINO;-;1;TO;TORINO;10;PIEMONTE;01/09/2010;-;Ordinaria;1;45.0805626458;7.6725330111;1;Corso Regina Margherita, 114, 10152, TORINO;Corso Regina Margherita 114, 10152, Torino;7.687805709965938;45.075531782128216
234;0;Corso Giulio Cesare, 48;DUTTO SNC DEL DOTT. MICHELE ROAGNA E C.;7729110010;10152;1272;TORINO;-;1;TO;TORINO;10;PIEMONTE;01/05/2009;-;Ordinaria;1;45.0709201;7.6859719;1;Corso Giulio Cesare, 48, 10152, TORINO;Corso Giulio Cesare 48, 10152, Torino;7.6895850220727855;45.085745535662774
235;0;Corso Regio Parco, 38;DEI FIORI SNC DEI DOTT.RI LANTELME FAISAN, BONELLO E GIORI;7970900010;10153;1272;TORINO;-;1;TO;TORINO;10;PIEMONTE;01/04/2013;-;Ordinaria;1;45.0709201;7.6859719;1;Corso Regio Parco, 38, 10153, TORINO;Corso Regio Parco 38, 10153, Torino;7.696040720237721;45.07745275353458
236;0;Via Francesco Cigna, 53;CIGNA SAS DELA DR.SSA BELLONE GIADA & C.;9373120014;10152;1272;TORINO;-;1;TO;TORINO;10;PIEMONTE;01/09/2010;-;Ordinaria;1;45.0709201;7.6859719;1;Via Francesco Cigna, 53, 10152, TORINO;Via Francesco Cigna 53, 10152, Torino;7.680980163887152;45.08577752262104
237;0;Corso Principe Oddone, 28;DELL'AUSILIATRICE DI MARCO AMBROIS E C. SAS;8379260014;10152;1272;TORINO;-;1;TO;TORINO;10;PIEMONTE;01/01/2008;-;Ordinaria;1;45.0790743781;7.6699317274;1;Corso Principe Oddone, 28, 10152, TORINO;Corso Principe Oddone 28, 10152, Torino;7.671839208529234;45.08098772892879
238;0;Corso Giulio Cesare, 24;AURORA SNC DELLE DOTT.SSE PAOLA BEVILACQUA ED ELENA FARALDI;8407390015;10152;1272;TORINO;-;1;TO;TORINO;10;PIEMONTE;01/10/2010;-;Ordinaria;1;45.0982430048;7.6975388066;1;Corso Giulio Cesare, 24, 10152, TORINO;Corso Giulio Cesare 24, 10152, Torino;7.687696530815354;45.082677625310204
239;0;Via Francesco Cigna, 44;DON BOSCO;5266490019;10152;1272;TORINO;-;1;TO;TORINO;10;PIEMONTE;01/01/2005;-;Ordinaria;1;45.0709201;7.6859719;1;Via Francesco Cigna, 44, 10152, TORINO;Via Francesco Cigna 44, 10152, Torino;7.679486602977628;45.08360230974091
240;0;Via Oropa, 69;COMUNALE 4 - AFC;9971950010;10153;1272;TORINO;-;1;TO;TORINO;10;PIEMONTE;01/09/2010;-;Ordinaria;1;45.0729150166;7.7207653782;1;Via Oropa, 69, 10153, TORINO;Via Oropa 69, 10153, Torino;7.716972033441075;45.072381247850416
241;0;Corso Brianza, 22;MARINELLO DI MAGISTRA SAS DEL DR. MARINELLO STEFANO & C.;9731670015;10153;1272;TORINO;-;1;TO;TORINO;10;PIEMONTE;01/02/2015;-;Ordinaria;1;45.0725968814;7.7189992644;1;Corso Brianza, 22, 10153, TORINO;Corso Brianza 22, 10153, Torino;7.718733765191342;45.07310406633388
242;0;Corso Belgio, 151/B;COMUNALE 21- AFC;7151360018;10153;1272;TORINO;-;1;TO;TORINO;10;PIEMONTE;01/04/2007;-;Ordinaria;1;45.0743177002;7.7212190497;1;Corso Belgio, 151/B, 10153, TORINO;Corso Belgio 151B, 10153, Torino;7.722855367736261;45.07460227508774
243;0;Corso Regina Margherita, 66/bis;CORSO REGINA DI FARMACIA SANTA MARIA SNC DI GARELLI MICHELA G. E MARIO;9413940017;10153;1272;TORINO;-;1;TO;TORINO;10;PIEMONTE;01/07/2017;-;Ordinaria;1;45.0805626458;7.6725330111;1;Corso Regina Margherita, 66/bis, 10153, TORINO;Corso Regina Margherita 66, 10153, Torino;7.697257396165951;45.07245483059654
244;0;Via Vanchiglia, 29/A;NAZIONALE DEI DOTT.RI BARBARA E ALBERTO TRUFFELLI SNC;7478190015;10124;1272;TORINO;-;1;TO;TORINO;10;PIEMONTE;01/09/2007;-;Ordinaria;1;45.0687099563;7.699573401;1;Via Vanchiglia, 29/A, 10124, TORINO;Via Vanchiglia 29A, 10124, Torino;7.699899206215042;45.06899713266779
245;0;Corso San Maurizio, 35;DELLA MOLE DI FARMACIA MARIA CRISTINA SAS DEL DR. PAUTASSO RENATO E C.;10313740010;10124;1272;TORINO;-;1;TO;TORINO;10;PIEMONTE;01/07/2017;-;Ordinaria;1;45.0741703658;7.6901313425;1;Corso San Maurizio, 35, 10124, TORINO;Corso San Maurizio 35, 10124, Torino;7.693678806970939;45.07095754010618
246;0;Corso Belgio, 41;SQUILLARIO;11221480012;10153;1272;TORINO;-;1;TO;TORINO;10;PIEMONTE;01/07/2017;-;Ordinaria;1;45.0743177002;7.7212190497;1;Corso Belgio, 41, 10153, TORINO;Corso Belgio 41, 10153, Torino;7.7079920137342235;45.07208534722136
247;0;Via Santa Giulia, 38;SANTA GIULIA DI SERRA DOTT. G. E C. SNC;7288040012;10124;1272;TORINO;-;1;TO;TORINO;10;PIEMONTE;01/04/2007;-;Ordinaria;1;45.0675501;7.70197735;1;Via Santa Giulia, 38, 10124, TORINO;Via Santa Giulia 38, 10124, Torino;7.697843004991665;45.07018791978766
248;0;Corso Belgio, 180;CARUSO DI MARINELLI ALFREDO;6960440011;10153;1272;TORINO;-;1;TO;TORINO;10;PIEMONTE;01/02/2015;-;Ordinaria;1;45.0743177002;7.7212190497;1;Corso Belgio, 180, 10153, TORINO;Corso Belgio 180, 10153, Torino;7.725955379842427;45.07502992451338
249;0;Corso S. Maurizio, 67;PORINELLI;8100460016;10124;1272;TORINO;-;1;TO;TORINO;10;PIEMONTE;01/01/2005;-;Ordinaria;1;45.0741703658;7.6901313425;1;Corso S. Maurizio, 67, 10124, TORINO;Corso San Maurizio 67, 10124, Torino;7.697068951987964;45.067537204830046
250;0;Corso Giulio Cesare, 158;MONTEROSA SNC DI EMALDI VISTOLI ANTONIA E ZANINI ELISA;9286970018;10154;1272;TORINO;-;1;TO;TORINO;10;PIEMONTE;01/01/2008;-;Ordinaria;1;45.0982430048;7.6975388066;1;Corso Giulio Cesare, 158, 10154, TORINO;Corso Giulio Cesare 158, 10154, Torino;7.6963873091926445;45.09611314793122
251;0;Piazza Ottorino Respighi, 3;DELLE MADDALENE SNC DI SERGIO, EMANUELA E GIANLUCA PETTAZZI;9249690018;10154;1272;TORINO;-;1;TO;TORINO;10;PIEMONTE;01/10/2010;-;Ordinaria;1;45.0925361595;7.7035060915;1;Piazza Ottorino Respighi, 3, 10154, TORINO;Piazza Ottorino Respighi 3, 10154, Torino;7.703802460182292;45.09305844907379
252;0;Via Brandizzo, 90;GRANERO SNC DEI DR.I GRANERO LUCIANO, LAURA E PAOLA;8759940011;10154;1272;TORINO;-;1;TO;TORINO;10;PIEMONTE;01/01/2008;-;Ordinaria;1;45.0911939348;7.6986902966;1;Via Brandizzo, 90, 10154, TORINO;Via Brandizzo 90, 10154, Torino;7.7025301085175295;45.09024091534426
253;0;Corso Vercelli, 111;CERVINO;246650014;10155;1272;TORINO;-;1;TO;TORINO;10;PIEMONTE;01/01/2005;-;Ordinaria;1;45.4684373329;7.8949522505;1;Corso Vercelli, 111, 10155, TORINO;Corso Vercelli 111, 10155, Torino;7.691197893415721;45.09499849930751
254;0;Largo Sempione, 186/C;GOTTARDO SAS;10289920018;10155;1272;TORINO;-;1;TO;TORINO;10;PIEMONTE;01/08/2010;-;Ordinaria;1;45.0709201;7.6859719;1;Largo Sempione, 186/C, 10155, TORINO;Largo Sempione 186C, 10154, Torino;7.701559292804025;45.09492654203941
255;0;Via Pier Luigi Palestrina, 49;ROBINO;5483990015;10155;1272;TORINO;-;1;TO;TORINO;10;PIEMONTE;01/01/2005;-;Ordinaria;1;45.0709201;7.6859719;1;Via Pier Luigi Palestrina, 49, 10155, TORINO;Via Pier Luigi Palestrina 49, 10155, Torino;7.688048710514193;45.0945623089042
256;0;Corso Vercelli, 74;VAGNINO DI FEDELI SAS DEL DOT. MARINELLO STEFANO & C.;9582410016;10155;1272;TORINO;-;1;TO;TORINO;10;PIEMONTE;01/09/2010;-;Ordinaria;1;45.4684373329;7.8949522505;1;Corso Vercelli, 74, 10155, TORINO;Corso Vercelli 74, 10155, Torino;7.689343796222472;45.090941532241445
257;0;Corso Palermo, 119;MADONNA DELLA PACE S.A.S. DEL DR. BOLLO VITTORIO & C.;10421300012;10154;1272;TORINO;-;1;TO;TORINO;10;PIEMONTE;01/03/2011;-;Ordinaria;1;45.0787589812;7.6926638835;1;Corso Palermo, 119, 10154, TORINO;Corso Palermo 119, 10154, Torino;7.6933902789255555;45.09022679156328
258;0;Via Bologna, 91/D;OMEOPATICA DABBENE DI DABBENE DOTT. PAOLO & C. - S.A.S.;6575380016;10154;1272;TORINO;-;1;TO;TORINO;10;PIEMONTE;01/09/2016;-;Ordinaria;1;45.0864568278;7.704729942;1;Via Bologna, 91/D, 10154, TORINO;Via Bologna 91, 10154, Torino;7.69957731251087;45.084356213716845
259;0;Via Crescentino, 34;CALANDRA SNC DEI DR.I GIORGIO E MARIO CALANDRA;9489870015;10154;1272;TORINO;-;1;TO;TORINO;10;PIEMONTE;01/09/2010;-;Ordinaria;1;45.0901478863;7.6973482633;1;Via Crescentino, 34, 10154, TORINO;Via Crescentino 34, 10154, Torino;7.697936618933556;45.0911533411045
260;0;Via Sempione, 112;Farmacia Policlinico Del Dott. Giani Paolo & C. S.a.s.;8256660013;10155;1272;TORINO;-;1;TO;TORINO;10;PIEMONTE;01/11/2017;-;Ordinaria;1;45.0920824486;7.7096187596;1;Via Sempione, 112, 10155, TORINO;Via Sempione 112, 10155, Torino;7.693808312510855;45.098640786283156
261;0;Corso Vercelli, 236;COMUNALE 12 - AFC;301990016;10155;1272;TORINO;-;1;TO;TORINO;10;PIEMONTE;01/04/2007;-;Ordinaria;1;45.4684373329;7.8949522505;1;Corso Vercelli, 236, 10155, TORINO;Corso Vercelli 236, 10155, Torino;7.697293804345226;45.107974980293164
262;0;Corso Romania, 460;COMUNALE 20 - AFC;2010170013;10156;1272;TORINO;-;1;TO;TORINO;10;PIEMONTE;01/04/2013;-;Ordinaria;1;45.1151095268;7.705883927;1;Corso Romania, 460, 10156, TORINO;Corso Romania 460, 10156, Torino;7.713845208032694;45.11986603523009
263;0;Corso Vercelli, 195;FARMACIA SANTI ANGELI CUSTODI S.N.C. DEI DOTTORI CHIERICI CRISTINA MARIA E GIAN MARIO;10589550010;10155;1272;TORINO;-;1;TO;TORINO;10;PIEMONTE;01/07/2017;-;Ordinaria;1;45.4684373329;7.8949522505;1;Corso Vercelli, 195, 10155, TORINO;Corso Vercelli 195, 10155, Torino;7.694405189133909;45.101692382739905
264;0;Via degli Abeti, 10;COMUNALE 41 - AFC;1131200014;10156;1272;TORINO;-;1;TO;TORINO;10;PIEMONTE;01/04/2007;-;Ordinaria;1;45.1308014727;7.7103982958;1;Via degli Abeti, 10, 10156, TORINO;Via degli Abeti 10, 10156, Torino;7.711349310444851;45.13018536267091
265;0;Piazza Solferino, 5;FRANCO DI RIZZATO MARA & C. SAS;10833940017;10155;1272;TORINO;-;1;TO;TORINO;10;PIEMONTE;01/07/2017;-;Ordinaria;1;45.1053921482;7.6991605361;1;Piazza Solferino, 5, 10155, TORINO;Piazza Solferino 5, 10121, Torino;7.677636479196647;45.06899814931621
266;0;Via Nicola Porpora, 27;PORPORA SNC DEI DOTT.RI ARGANO G. E VISENTIN R. & C.;7377320010;10155;1272;TORINO;-;1;TO;TORINO;10;PIEMONTE;01/04/2013;-;Ordinaria;1;45.1005917851;7.696369316;1;Via Nicola Porpora, 27, 10155, TORINO;Via Nicola Porpora 27, 10155, Torino;7.696921368313162;45.100347830976965
267;0;Viale Falchera, 70/B;DELLA STURA SAS DI DR. GIOVANNI AVRAMO & C;9483270014;10156;1272;TORINO;-;1;TO;TORINO;10;PIEMONTE;01/03/2016;-;Ordinaria;1;45.1267148;7.708719;1;Viale Falchera, 70/B, 10156, TORINO;Viale Falchera 70, 10156, Torino;7.7087923418992785;45.126889719700756
268;0;Strada San Mauro, 35;SANT'AGNESE DI GUIDETTI DOTT. ROBERTA;10841110017;10156;1272;TORINO;-;1;TO;TORINO;10;PIEMONTE;01/07/2017;-;Ordinaria;1;45.1006978659;7.7335437064;1;Strada San Mauro, 35, 10156, TORINO;Strada San Mauro 35, 10156, Torino;7.727214515263459;45.09996444546711
269;0;Corso Taranto, 15;SAN MICHELE;1716290018;10154;1272;TORINO;-;1;TO;TORINO;10;PIEMONTE;01/01/2005;-;Ordinaria;1;45.1023704974;7.6975362678;1;Corso Taranto, 15, 10154, TORINO;Corso Taranto 15, 10154, Torino;7.701820669167284;45.1008942536788
270;0;Strada San Mauro, 172;Balossino;2603320025;10156;1272;TORINO;-;1;TO;TORINO;10;PIEMONTE;01/09/2017;-;Ordinaria;1;45.1006978659;7.7335437064;1;Strada San Mauro, 172, 10156, TORINO;Strada San Mauro 172, 10156, Torino;7.7437908286110355;45.10155812683939
271;0;Corso Taranto , 183/c;REGIO PARCO;10957120016;10154;1272;TORINO;-;1;TO;TORINO;10;PIEMONTE;01/07/2017;-;Ordinaria;1;45.0709201;7.6859719;1;Corso Taranto , 183/c, 10154, TORINO;Corso Taranto 183C, 10154, Torino;7.715341115326864;45.09461774355125
272;0;Via Bologna, 250/A;CESANO DI CESANO DOTT.SSA CHIARA;9880660015;10154;1272;TORINO;-;1;TO;TORINO;10;PIEMONTE;01/09/2008;-;Ordinaria;1;45.0864568278;7.704729942;1;Via Bologna, 250/A, 10154, TORINO;Via Bologna 250A, 10154, Torino;7.713637060793986;45.09205385483874
273;0;Corso Giulio Cesare, 118;SEMPIONE;8553640015;10154;1272;TORINO;-;1;TO;TORINO;10;PIEMONTE;01/01/2008;-;Ordinaria;1;45.0982430048;7.6975388066;1;Corso Giulio Cesare, 118, 10154, TORINO;Corso Giulio Cesare 118, 10154, Torino;7.694314972531551;45.0929916253102
274;0;Via Ancina, 43/g;Novara Di Novara Silvia;7382020019;10154;1272;TORINO;-;1;TO;TORINO;10;PIEMONTE;01/07/2017;-;Ordinaria;1;45.0709201;7.6859719;1;Via Ancina, 43/g, 10154, TORINO;Via Giovenale Ancina 43G, 10154, Torino;7.712064126002681;45.09554372745108
275;0;Corso Casale, 204;SANTA CROCE;1336830011;10132;1272;TORINO;-;1;TO;TORINO;10;PIEMONTE;01/01/2005;-;Ordinaria;1;45.0822686327;7.7299289469;1;Corso Casale, 204, 10132, TORINO;Corso Casale 204, 10132, Torino;7.7254108112701045;45.07010556895963
276;0;Corso Casale, 316;SASSI;10627520017;10132;1272;TORINO;-;1;TO;TORINO;10;PIEMONTE;01/07/2017;-;Ordinaria;1;45.0822686327;7.7299289469;1;Corso Casale, 316, 10132, TORINO;Corso Casale 316, 10132, Torino;7.731676812106841;45.07953854232789
277;0;Via Castelnuovo, 5;SUBALPINA;6101690011;10132;1272;TORINO;-;1;TO;TORINO;10;PIEMONTE;01/01/2005;-;Ordinaria;1;45.0664302646;7.7107903828;1;Via Castelnuovo, 5, 10132, TORINO;Via Castelnuovo 5, 10132, Torino;7.710614349991305;45.06672586372554
278;0;Corso Casale, 110;MADONNA DEL PILONE SNC DI GUGLIELMO GABRIELLA E PATRIZIA E GIACHELLO G;8617960011;10132;1272;TORINO;-;1;TO;TORINO;10;PIEMONTE;01/05/2016;-;Ordinaria;1;45.0822686327;7.7299289469;1;Corso Casale, 110, 10132, TORINO;Corso Casale 110, 10132, Torino;7.713681062863883;45.06800076303466
279;0;Via Giovanni Boccaccio, 16;BOCCACCIO;7477130012;10132;1272;TORINO;-;1;TO;TORINO;10;PIEMONTE;01/01/2005;-;Ordinaria;1;45.0696097077;7.7260110268;1;Via Giovanni Boccaccio, 16, 10132, TORINO;Via Giovanni Boccaccio 16, 10132, Torino;7.721133605747576;45.06860572217097
16578;0;Corso Filippo Turati, 74;ALCHEMICA SAS DEL DOTT. BELLARDONE ALBERTO E C.;11206960012;10134;1272;TORINO;-;1;TO;TORINO;10;PIEMONTE;01/07/2017;-;Ordinaria;1;45.0528170351;7.6696809412;1;Corso Filippo Turati, 74, 10134, TORINO;Corso Filippo Turati 74, 10134, Torino;7.6633670852040225;45.048089210658446
