codiceIsil;denominazioni.ufficiale;ente;indirizzo.via-piazza;tipologia-amministrativa;tipologia-funzionale;accesso.portatori-handicap;accesso.riservato;comune;position_label;Lat;Long
IT-TO0176;Biblioteca civica Emilio Garrou;Comune di Prali;Piazza Perro 10;Comune;Pubblica;;False;Torino;0;44,8892191;7,0488073
IT-TO0403;Biblioteca civica Lelio Basso;Comune di Trofarello;Via C. Battisti;Comune;Pubblica;;False;Torino;1;44,9814949;7,7411556
IT-TO0405;Biblioteca civica;Comune di Usseglio;Via Roma 7;Comune;Pubblica;;False;Torino;2;45,2326647;7,2178919
IT-TO0407;Biblioteca civica Renato Bertolotto;Comune di Val della Torre;Via Mulino 115;Comune;Pubblica;;False;Torino;3;45,159458;7,4364643
IT-TO0409;Biblioteca civica;Comune di Valperga;Via G. Matteotti 19;Comune;Pubblica;;False;Torino;4;45,3697154;7,6563096
IT-TO0412;Biblioteca civica;Comune di Varisella;Via don G. Cabodi 4;Comune;Pubblica;;False;Torino;5;45,2102334;7,489395
IT-TO0413;Biblioteca comunale Tancredi Milone;Comune di Venaria;Via Verdi, 18;Comune;Pubblica;;False;Torino;6;45,130781;7,62753
IT-TO0414;Biblioteca civica;Comune di Verolengo;Via C. Battisti 5;Comune;Pubblica;;False;Torino;7;45,1892409;7,9670633
IT-TO0419;Biblioteca civica;Comune di Vico Canavese;Via Costituzione;Comune;Pubblica;;False;Torino;8;45,4942099;7,7818802
IT-TO0421;Biblioteca civica Giuseppe Luisia;Comune di Vigone;Via Umberto I  9;Comune;Pubblica;;False;Torino;9;44,843135;7,494017
IT-TO0422;Biblioteca civica;Comune di Villafranca Piemonte;Via Valzania 10;Comune;Pubblica;;False;Torino;10;44,7804805;7,5018082
IT-TO0424;Biblioteca civica;Comune di Villardora;Via Pelissere 1;Comune;Pubblica;;False;Torino;11;45,1154408;7,384223
IT-TO0425;Biblioteca civica;Comune di Villar Focchiardo;Via Conte Carroccio 30;Comune;Pubblica;;False;Torino;12;45,1095523;7,2267709
IT-TO0427;Biblioteca civica;Comune di Villar Perosa;Viale primo maggio 37 ;Comune;Pubblica;;False;Torino;13;44,9014996;7,2323227
IT-TO0428;Biblioteca civica Luciano Tamburini;Comune di Villarbasse;Via Fratelli Vitrani 9;Comune;Pubblica;;False;Torino;14;45,04398;7,465657
IT-TO0430;Biblioteca civica;Comune di Villareggia;Via della Piazza 14;Comune;Pubblica;;False;Torino;15;45,3111059;7,9781739
IT-TO0432;Biblioteca civica Giacolin Avataneo;Comune di Villastellone;Via Artemisia Gentileschi 1;Comune;Pubblica;;False;Torino;16;44,9239475;7,75000899999998
IT-TO0433;Biblioteca civica;Comune di Vinovo;Via San Bartolomeo n. 40;Comune;Pubblica;True;False;Torino;17;44,9482582;7,63353480000001
IT-TO0435;Biblioteca civica;Comune di Vische;Piazza colonnello Amione;Comune;Pubblica;;False;Torino;18;45,3329774;7,9505611
IT-TO0437;Biblioteca civica;Comune di Viu';Via Rimembranza;Comune;Pubblica;;False;Torino;19;45,2375546;7,3760312
IT-TO0438;Biblioteca civica;Comune di Volvera;Via San Michele, 14;Comune;Pubblica;;False;Torino;20;44,9569942;7,5117562
IT-TO0439;Biblioteca Comunale;Comune di Borgone di Susa;Via G. Bobba 33;Comune;Pubblica;;False;Torino;21;45,1202522;7,2406746
IT-TO0444;Biblioteca civica;Comune di Rivarolo Canavese;Via Palma di Cesnola 20;Comune;Pubblica;;False;Torino;22;45,3332195;7,7246143
IT-TO0445;Biblioteca Ginatta;Ginatta Spa;Via Brofferio 3;Accademie, associazioni, fondazioni, istituti, societa' (privati);Specializzata;;True;Torino;23;45,0676218;7,6751643
IT-TO0447;Biblioteca del Centro studi del Teatro stabile di Torino;Teatro stabile di Torino;Piazza San Carlo 161;Aziende ed amministrazioni dello stato ad ordinamento autonomo;Specializzata;;False;Torino;24;45,0678927;7,6832018
IT-TO0449;Biblioteca civica Cascina Marchesa;Comune di Torino;Corso Vercelli 141/7;Comune;Pubblica;True;False;Torino;25;45,0973757;7,69231349999996
IT-TO0451;Biblioteca civica Francesco Cognasso;Comune di Torino;Corso Cincinnato 115;Comune;Pubblica;True;False;Torino;26;45,0975139;7,6389061
IT-TO0452;Biblioteca dell'Istituto universitario di studi europei;Istituto universitario di studi europei;Lungo Dora Siena 100;Accademie, associazioni, fondazioni, istituti (pubblici);Specializzata;;False;Torino;27;45,0739747;7,69965509999997
IT-TO0453;Biblioteca del Centro studi e laboratori telecomunicazioni;Centro studi e laboratori telecomunicazioni - CSELT;Via G. Reiss Romoli 274;Accademie, associazioni, fondazioni, istituti, societa' (privati);Specializzata;;True;Torino;28;45,1111762;7,6702249
IT-TO0456;Biblioteca della Casa madre Opere don Bosco;Salesiani. Casa madre Opere don Bosco di Torino;Via Maria Ausiliatrice 32;Enti ecclesiastici;Specializzata;;True;Torino;29;45,0804605;7,6764898
IT-TO0457;Biblioteca del centro di documentazione della Fondazione Giovanni Agnelli;Fondazione Giovanni Agnelli;Via Giacosa 38;Accademie, associazioni, fondazioni, istituti (pubblici);Specializzata;;True;Torino;30;45,0542676;7,6835036
IT-TO0458;Biblioteca del Centro studi sul giornalismo Gino Pestelli;Centro studi Gino Pestelli;Corso Stati Uniti, 27;Accademie, associazioni, fondazioni, istituti, societa' (privati);Specializzata;;False;Torino;31;45,0628245;7,6695745
IT-TO0459;Bibliothek des Goethe-Instituts Turin;Goethe-Institut Turin;Piazza San Carlo 206;Istituzioni straniere;Specializzata;;False;Torino;32;45,0674173;7,681911
IT-TO0461;Biblioteca del Collegio universitario Renato Einaudi;Collegio universitario Renato Einaudi;Via Maria Vittoria 39;Accademie, associazioni, fondazioni, istituti, societa' (privati);Specializzata;;False;Torino;33;45,0650645;7,6924022
IT-TO0462;Biblioteca e archivio delle tradizioni e del costume ebraici Benvenuto e Alessandro Terracini;Archivio delle tradizioni e del costume ebraici Benvenuto e Alessandro Terracini;Via San Pio V  12;Accademie, associazioni, fondazioni, istituti, societa' (privati);Specializzata;;True;Torino;34;45,0600669;7,6835243
IT-TO0463;Biblioteca dell'Istituto ricerche economico-sociali del Piemonte;Istituto ricerche economico-sociali del Piemonte - IRES;Via Bogino 21;Aziende ed amministrazioni dello stato ad ordinamento autonomo;Specializzata;;False;Torino;35;45,0669888;7,686554
IT-TO0464;Biblioteca dell'Istituto piemontese Antonio Gramsci;Fondazione Istituto piemontese Antonio Gramsci;Via del carmine, 14;Accademie, associazioni, fondazioni, istituti (pubblici);Specializzata;;False;Torino;36;45,0761456;7,67420679999998
IT-TO0466;Biblioteca Piero Martinetti;Fondazione Piero Martinetti per gli studi di storia filosofica e religiosa;Via Po 19;Accademie, associazioni, fondazioni, istituti (pubblici);Specializzata;;False;Torino;37;45,0688932;7,6890922
IT-TO0468;Biblioteca del CSI Piemonte - Consorzio per il sistema informativo;Consorzio per il sistema informativo;Corso Unione Sovietica 216;Accademie, associazioni, fondazioni, istituti, societa' (privati);Specializzata;;True;Torino;38;45,0386949;7,6528017
IT-TO0469;Biblioteca della Fondazione Luigi Firpo. Centro di Studi sul Pensiero Politico Onlus;Fondazione Luigi Firpo - Centro di Studi sul Pensiero Politico Onlus;Piazza Carlo Alberto 3;Accademie, associazioni, fondazioni, istituti, societa' (privati);Specializzata;;False;Torino;39;45,0698873246648;7,68717997141107
IT-TO0472;Biblioteca dell'Istituto internazionale don Bosco;Circoscrizione speciale Piemonte e Valle d'Aosta - ICP Maria Ausiliatrice;Via Caboto, 27;Enti ecclesiastici;Istituto di insegnamento superiore;True;False;Torino;40;45,0553041;7,661381
IT-TO0473;Biblioteca dell'Istituto piemontese per la storia della Resistenza e della società contemporanea Giorgio Agosti;Istituto piemontese per la storia della Resistenza e della società contemporanea Giorgio Agosti;Via del Carmine 13;Accademie, associazioni, fondazioni, istituti (pubblici);Specializzata;;False;Torino;41;45,0759112717563;7,67455595092622
IT-TO0474;Bibliothèque Centre culturel français de Turin;Centre culturel français de Turin;Via Pomba 23;Istituzioni straniere;Specializzata;;False;Torino;42;45,0651658;7,6852608
IT-TO0475;Biblioteca del centro di documentazione del Consorzio per lo sviluppo dell'elettronica e dell'automazione;Consorzio per lo sviluppo dell'elettronica e dell'automazione - CSEA;Via Ventimiglia 201;Accademie, associazioni, fondazioni, istituti, societa' (privati);Pubblica;;True;Torino;43;45,0203092;7,6673271
IT-TO0476;Biblioteca del Circolo ricreativo aziendale lavoratori della Sip;Sip. Sezione di Torino;Via Cavalli 6;Accademie, associazioni, fondazioni, istituti, societa' (privati);Pubblica;;True;Torino;44;45,0705569;7,6627554
IT-TO0477;Biblioteca civica;Comune di Vallo Torinese;Via Fiano 2;Comune;Pubblica;;False;Torino;45;45,224568;7,4957676
IT-TO0480;Biblioteca civica;Comune di Bollengo;Piazza Statuto 1;Comune;Pubblica;;False;Torino;46;45,473301;7,944872
IT-TO0481;Biblioteca civica;Comune di Cambiano;via Lagrange, 1;Comune;Pubblica;;False;Torino;47;44,9719319;7,7803778
IT-TO0484;Biblioteca civica;Comune di Caselle Torinese;Viale Bona 33;Comune;Pubblica;;False;Torino;48;45,1787921;7,6453432
IT-TO0485;Biblioteca civica;Comune di Cinzano;Via Colla 15;Comune;Pubblica;;False;Torino;49;45,0939711;7,9207056
IT-TO0486;Biblioteca civica;Comune di Corio;Piazza Municipio 5;Comune;Pubblica;;False;Torino;50;45,312463;7,532641
IT-TO0487;Biblioteca europea di cultura Victor del Litto di storia della civiltà comparata e cultura del viaggio;Centro interuniversitario di ricerche sul viaggio in Italia. CIRVI;Via Revigliasco 4;Accademie, associazioni, fondazioni, istituti (pubblici);Specializzata;;False;Torino;51;45,0008637;7,6975211
IT-TO0488;Biblioteca civica Gianni Rodari;Comune di Borgaro Torinese;Piazza Europa 2;Comune;Pubblica;;False;Torino;52;45,152641;7,657474
IT-TO0492;Biblioteca del Centro ricerche e studi Alto Canavese;Associazione centro ricerche e studi Alto Canavese - CORSAC;Piazza Municipio;Accademie, associazioni, fondazioni, istituti (pubblici);Specializzata;;False;Torino;53;45,4134578;7,5443673
IT-TO0494;Biblioteca Comunale;Comune di Frossasco;Via S. De Vitis 10;Comune;Pubblica;;False;Torino;54;44,9334342;7,3511063
IT-TO0495;Biblioteca civica;Comune di Giaveno;Via Francesco Marchini 2;Comune;Pubblica;;False;Torino;55;45,0454749;7,34974579999994
IT-TO0496;Biblioteca civica;Comune di Givoletto;Via Sandro Pertini 2;Comune;Pubblica;;False;Torino;56;45,1582560285976;7,49804019927979
IT-TO0497;"Biblioteca civica ""Emilio Salgari""";Comune di Leinì;Via Volpiano 8;Comune;Pubblica;;False;Torino;57;45,1848549;7,71852890000002
IT-TO0498;Biblioteca civica;Comune di Mazze';Via Italia 110;Comune;Pubblica;;False;Torino;58;45,2995666;7,9364098
IT-TO0500;Biblioteca civica;Comune di Albiano d'Ivrea;Municipio;Comune;Pubblica;;False;Torino;59;45,4350515;7,9498718
IT-TO0504;Biblioteca del centro ricerche FIAT;Centro ricerche FIAT Scpa;Strada Torino 50;Accademie, associazioni, fondazioni, istituti, societa' (privati);Specializzata;;True;Torino;60;45,0084175;7,5478728
IT-TO0542;Biblioteca e archivio storico del Teatro Regio;Teatro Regio;Piazza Castello 215;Accademie, associazioni, fondazioni, istituti, societa' (privati);Specializzata;;;Torino;61;45,070618;7,6869774
IT-TO0543;Biblioteca del Centro studi e documentazione partecipazione sviluppo e pace Domenico Sereno Regis;Centro studi e documentazione partecipazione sviluppo e pace Domenico Sereno Regis;Via Garibaldi, 13;Accademie, associazioni, fondazioni, istituti (pubblici);Specializzata;;False;Torino;62;45,0629683;7,6731954
IT-TO0544;Biblioteca del Centro studi teatro ragazzi Gian Renzo Morteo;Comune di Torino. Assessorato per l'istruzione;Piazza A. Fontanesi 5;Comune;Specializzata;;False;Torino;63;45,0744497;7,7093504
IT-TO0546;Biblioteca del Centro studi cultura e societa';Centro studi cultura e societa';Via Cesana 56;Accademie, associazioni, fondazioni, istituti (pubblici);Specializzata;;True;Torino;64;45,0674502;7,6499369
IT-TO0547;Biblioteca del Centro studi piemontesi;Centro studi piemontesi;Via O. Thaon di Revel 15;Accademie, associazioni, fondazioni, istituti (pubblici);Specializzata;;False;Torino;65;45,0334279;7,6770713
IT-TO0555;Biblioteca del Circolo ricreativo aziendale lavoratori del Credito italiano;Credito italiano;Via Arsenale 23;Accademie, associazioni, fondazioni, istituti, societa' (privati);Pubblica;;True;Torino;66;45,0669042;7,6788576
IT-TO0556;Biblioteca del Centro di ricerca per l'economia, l'organizzazione e l'amministrazione della sanita';Centro di ricerca per l'economia, l'organizzazione e l'amministrazione della sanita' - CRESA;Corso M. d'Azeglio 42;Accademie, associazioni, fondazioni, istituti, societa' (privati);Specializzata;;True;Torino;67;45,0526151;7,6827469
IT-TO0558;Biblioteca Ufficio studi della Cassa di risparmio di Torino;Cassa di risparmio di Torino;Via XX Settembre 31;Accademie, associazioni, fondazioni, istituti, societa' (privati);Specializzata;;True;Torino;68;45,067203;7,680398
IT-TO0561;Biblioteca della Cooperativa teatrale Assemblea Teatro;Cooperativa teatrale Assemblea Teatro;Via Medail 36;Accademie, associazioni, fondazioni, istituti (pubblici);Specializzata;;True;Torino;69;45,0839582;7,6588273
IT-TO0562;Biblioteca dell'AGESCI - Piemonte;Associazione guide e scouts cattolici italiani;Via Beaulard 61;Accademie, associazioni, fondazioni, istituti, societa' (privati);Specializzata;;True;Torino;70;45,0705597;7,638077
IT-TO0564;Biblioteca del centro di documentazione dell'area di educazione sanitaria;USSL 1 Torino;Via Bertola 53;Aziende ed enti del servizio sanitario nazionale;Specializzata;;True;Torino;71;45,0735508;7,67119
IT-TO0565;Biblioteca civica Luigi Carluccio - Pozzo Strada;Comune di Torino;Via Monte Ortigara 95;Comune;Pubblica;;False;Torino;72;45,0685564;7,626638
IT-TO0566;Biblioteca civica Italo Calvino;Comune di Torino;Lungo Dora Agrigento, 94;Comune;Pubblica;True;False;Torino;73;45,0861877;7,67822109999997
IT-TO0567;Biblioteca civica Regio Parco;Comune di Torino;Via San Benigno 22;Comune;Pubblica;;False;Torino;74;45,0915518;7,7136167
IT-TO0568;Biblioteca civica Domenico Sereno Regis;Comune di Torino;Corso Ferrucci 65/b;Comune;Pubblica;;False;Torino;75;45,0692117;7,6562283
IT-TO0575;Biblioteca del centro di documentazione del Consorzio trasporti torinesi;Consorzio trasporti torinesi;Via Chisone 6;Aziende ed amministrazioni dello stato ad ordinamento autonomo;Specializzata;;False;Torino;76;45,0546459;7,6726295
IT-TO0576;Biblioteca del Centro estero camere di commercio piemontesi;Centro estero camere di commercio piemontesi;Via Ventimiglia 165;Accademie, associazioni, fondazioni, istituti, societa' (privati);Specializzata;;True;Torino;77;45,0220197;7,6672095
IT-TO0579;Biblioteca del centro di documentazione dell'Associazione Ires Lucia Morosini;Associazione Ires Lucia Morosini;Piazza Vittorio Veneto 1;Accademie, associazioni, fondazioni, istituti (pubblici);Specializzata;;False;Torino;78;45,0658244;7,6940071
IT-TO0580;Biblioteca Braille - Centro regionale di documentazione per non vedenti;Comune di Torino. Assessorato risorse culturali e comunicazione;Via Nizza 151;Comune;Importante non specializzata;;True;Torino;79;45,0439467;7,6717802
IT-TO0581;Biblioteca del Centro studi Giorgio Catti;Centro studi Giorgio Catti;Via Piazzi 33;NON SPECIFICATA;NON SPECIFICATA;;;Torino;80;45,0541353;7,6598461
IT-TO0587;Biblioteca dell'Esperanto centro Torino;Esperanto centro Torino;Corso Vittorio Emanuele 65;Accademie, associazioni, fondazioni, istituti (pubblici);Specializzata;;False;Torino;81;45,0637611;7,675461
IT-TO0590;Biblioteca del Dipartimento di Filosofia e Scienze dell'Educazione - sezione Filosofia, seconda sede Fondazione Luisa Guzzo ;Università degli Studi di Torino. Dipartimento di filosofia e scienze dell'educazione;Via Po 18;Universita' statali;Specializzata;;True;Torino;82;45,0683015;7,6899336
IT-TO0655;Biblioteca del Dipartimento di Psicologia Federico Kiesow dell'Universita' degli Studi di Torino;Universita' degli studi di Torino. Dipartimento di psicologia;Via Verdi, 10 ;Universita' statali;Istituto di insegnamento superiore;;False;Torino;83;45,0692165;7,6902228
IT-TO0660;Biblioteca R. Malaroda del Dipartimento di Scienze della Terra dell'Università degli Studi di Torino;Universita' degli studi di Torino. Dipartimento di scienze della terra;Via Valperga Caluso 35;Universita' statali;Istituto di insegnamento superiore;;False;Torino;84;45,0524509;7,681806
IT-TO0661;Biblioteca G. Tabacco del Dipartimento di Studi Storici dell'Università degli Studi di Torino;Universita' degli studi di Torino;Via Sant'Ottavio 20;Universita' statali;Istituto di insegnamento superiore;True;False;Torino;85;45,0680199;7,6940311
IT-TO0685;Biblioteca di Oculistica del Dipartimento di Fisiopatologia Clinica dell'Università degli Studi di Torino;Universita' degli studi di Torino. Facolta' di medicina e chirurgia. Istituto di clinica oculistica;Via Juvarra 19;Universita' statali;Istituto di insegnamento superiore;;True;Torino;86;45,074364;7,670771
IT-TO0695;Biblioteca dell'Istituto di scienze medico forensi della Facolta' di medicina e chirurgia dell'Universita' degli studi di Torino;Universita' degli studi di Torino. Facolta' di medicina e chirurgia. Istituto di scienze medico forensi;Corso G. Galilei 22;Universita' statali;Istituto di insegnamento superiore;;True;Torino;87;45,0434939;7,6791108
IT-TO0702;Biblioteca dell'Istituto di frutticoltura industriale della Facolta' di agraria dell'Universita' degli studi di Torino;Universita' degli studi di Torino. Facolta' di agraria. Istituto di frutticoltura industriale;Via Leonardo da Vinci 44;Universita' statali;Istituto di insegnamento superiore;;True;Torino;88;45,0612555;7,5876958
IT-TO0706;Biblioteca dell'Istituto di scienze medico forensi. Sezione esterna della Facoltà di medicina e chirurgia dell'Universita' degli studi di Torino;Universita' degli studi di Torino. Facolta' di medicina e chirurgia. Istituto di scienze medico forensi. Sezione esterna;Corso Montevecchio 38;Universita' statali;Istituto di insegnamento superiore;;True;Torino;89;45,0630032;7,6669199
IT-TO0714;Biblioteca dell'Istituto di fisica matematica Joseph Louis Lagrange della Facoltà di scienze matematiche, fisiche e naturali dell'Università degli studi di Torino;Università degli studi di Torino. Facoltà di scienze matematiche, fisiche e naturali. Istituto di fisica matematica Joseph Louis Lagrange;Via Carlo Alberto 10;Universita' statali;Istituto di insegnamento superiore;;True;Torino;90;45,0677144;7,6856246
IT-TO0736;Biblioteca centrale di ingegneria del Politecnico di Torino;Politecnico di Torino. Facolta' di ingegneria;Corso Duca degli Abruzzi 24;Universita' statali;Istituto di insegnamento superiore;;True;Torino;91;45,0624031;7,6624256
IT-TO0737;Biblioteca centrale di architettura del Politecnico di Torino;Politecnico di Torino. Facolta' di architettura;Viale P. A. Mattioli 39;Universita' statali;Istituto di insegnamento superiore;;True;Torino;92;45,053789;7,6848219
IT-TO0756;Biblioteca civica Nino Colombo. Sezione esterna di Fornaci;Comune di Beinasco;Via San Giacomo 30;Comune;Pubblica;;False;Torino;93;45,0290648;7,596617
IT-TO0758;Biblioteca della Soprintendenza Archeologia, belle arti e paesaggio per le province di Alessandria, Asti e Cuneo;Ministero dei beni e delle attività culturali e del turismo. Soprintendenza Archeologia, belle arti e paesaggio  per le province di Alessandria, Asti e Cuneo;Piazza S. Giovanni 2;Direzione generale archeologia, belle arti e paesaggio;Specializzata;;True;Torino;94;45,072973;7,684911
IT-TO0759;Biblioteca di Medicina del lavoro e ortopedia del Dipartimento di Scienze della Sanità pubblica e pediatriche;Universita' degli studi di Torino. Dipartimento di traumatologia, ortopedia e medicina del lavoro;Ospedale CTO - Via Zuretti 29;Universita' statali;Istituto di insegnamento superiore;;True;Torino;95;45,0330106;7,6733023
IT-TO0760;Biblioteca egittologica Silvio Curto della Fondazione Museo delle Antichità Egizie di Torino;Fondazione Museo delle Antichità Egizie di Torino;Via Accademia delle scienze 6;Accademie, associazioni, fondazioni, istituti (pubblici);Specializzata;;False;Torino;96;45,0683832;7,6844976
IT-TO0761;Biblioteca del Dipartimento di scienze antropologiche, archeologiche e storico territoriali. Sezione esterna di antropologia fisica dell'Università degli studi di Torino;Università degli studi di Torino. Dipartimento di scienze antropologiche, archeologiche e storico territoriali;Via Accademia Albertina 13;Universita' statali;Istituto di insegnamento superiore;;True;Torino;97;45,0651139;7,6881064
IT-TO0762;Biblioteca dell'Istituto di fitovirologia applicata - IFA;Consiglio nazionale delle ricerche. Istituto di fitovirologia applicata;Strada delle Cacce 73;Aziende ed amministrazioni dello stato ad ordinamento autonomo;Specializzata;;True;Torino;98;45,0159564;7,6382068
IT-TO0763;Biblioteca del Real Collegio Carlo Alberto;Barnabiti. Real Collegio Carlo Alberto;Via Real Collegio 30;Enti ecclesiastici;Specializzata;;True;Torino;99;44,999898;7,68433
IT-TO0764;Biblioteca medico-scientifica dell'Azienda sanitaria locale;Azienda sanitaria locale di Collegno;Via Martiri del XXX Aprile 30;Aziende ed enti del servizio sanitario nazionale;Specializzata;;False;Torino;100;45,082042;7,575016
IT-TO0765;Biblioteca civica centrale Pablo Neruda. Sezione esterna di Borgata Paradiso;Comune di Grugliasco;Viale Radich;Comune;Pubblica;;True;Torino;101;45,0671398;7,6084426
IT-TO0767;Biblioteca del Museo regionale di scienze naturali;Regione Piemonte;Via G. Giolitti 36;Regione;Specializzata;;False;Torino;102;45,0646934;7,6887078
IT-TO0768;Biblioteca dell'Archivio storico della Città di Torino;Comune di Torino;Via Barbaroux 32;Comune;Specializzata;;False;Torino;103;45,0725701;7,6787818
IT-TO0770;Biblioteca del Centro di ricerca e documentazione Luigi Einaudi;Associazione Luigi Einaudi;Corso Appio Claudio 7;Accademie, associazioni, fondazioni, istituti (pubblici);Specializzata;;True;Torino;104;45,0837723;7,6543696
IT-TO0771;Biblioteca Carilibri della Fondazione Alberto Colonnetti;Fondazione Alberto Colonnetti;Largo Re Umberto 102 bis;Accademie, associazioni, fondazioni, istituti (pubblici);Specializzata;;False;Torino;105;45,0537857;7,6645046
IT-TO0772;Biblioteca del Circolo ricreativo aziendale lavoratori della Cassa di risparmio di Torino;Cassa di risparmio di Torino;Via Nizza 150;Accademie, associazioni, fondazioni, istituti, societa' (privati);Pubblica;;True;Torino;106;45,039874;7,670169
IT-TO0773;Biblioteca del Museo civico di numismatica, etnografia ed arte orientale;Comune di Torino;Via Bricherasio 8;Comune;Specializzata;;False;Torino;107;45,065375;7,6669334
IT-TO0774;Biblioteca del Centro piemontese di studi sul Medio ed Estremo Oriente;Centro piemontese di studi sul Medio ed Estremo Oriente - CESMEO;Corso Trento 13;Accademie, associazioni, fondazioni, istituti (pubblici);Specializzata;;False;Torino;108;45,0605431;7,6640058
IT-TO0777;Biblioteca della Scuola di formazione per educatori professionali - SFEP;Comune di Torino. Assessorato per l'assistenza sociale;Via B. Cellini 14;Comune;Specializzata;;True;Torino;109;45,0685796;7,5870081
IT-TO0780;Biblioteca della Pro natura Torino;Pro natura Torino;Via Pastrengo 20;Accademie, associazioni, fondazioni, istituti (pubblici);Specializzata;;False;Torino;110;45,0598055;7,6701273
IT-TO0782;Biblioteca del Centro salesiano di orientamento scolastico e professionale;Salesiani. Centro salesiano di orientamento scolastico e professionale;Piazza Rebaudengo 22;Enti ecclesiastici;Specializzata;;True;Torino;111;45,104197;7,696167
IT-TO0784;Biblioteca del Convitto ecclesiastico della Consolata;Convitto ecclesiastico della Consolata;Via Maria Adelaide 2;Enti ecclesiastici;Specializzata;;True;Torino;112;45,0763143;7,6792921
IT-TO0785;Biblioteca tecnica dell'Ente nazionale per l'energia elettrica;Ente nazionale per l'energia elettrica - ENEL. Compartimento di Torino;Corso Regina Margherita 267;Aziende ed amministrazioni dello stato ad ordinamento autonomo;Specializzata;;True;Torino;113;45,0861749;7,6544496
IT-TO0786;Biblioteca del Centro internazionale di formazione della organizzazione internazionale del lavoro;Centro internazionale di formazione della organizzazione internazionale del lavoro - OIL;Corso Unità d'Italia 125;Organizzazioni internazionali;Specializzata;;False;Torino;114;45,0213248;7,6699705
IT-TO0787;Biblioteca del Parco naturale val Troncea;Parco naturale val Troncea;Via San Lorenzo 23;Aziende ed amministrazioni dello stato ad ordinamento autonomo;Specializzata;;False;Torino;115;44,996687;6,9206868
IT-TO0788;Biblioteca provinciale domenicana;Domenicani. Curia provincializia di Torino;Sala di Rovasenda - Corso Vittorio Emanuele II  32;Enti ecclesiastici;Specializzata;;True;Torino;116;45,0606515;7,6852229
IT-TO0789;Biblioteca dell'Istituto per le piante da legno e l'ambiente;IPLA Spa;Corso Casale 476;Accademie, associazioni, fondazioni, istituti, societa' (privati);Specializzata;;True;Torino;117;45,0892473;7,740267
IT-TO0791;Biblioteca civica;Comune di Nichelino;Via Turati 4/8;Comune;Pubblica;;False;Torino;118;44,9938886;7,6370285
IT-TO0792;Biblioteca dell'Istituto italo cinese per gli scambi economici e culturali;Istituto italo cinese per gli scambi economici e culturali;Lungo Po Antonelli 177;Accademie, associazioni, fondazioni, istituti (pubblici);Specializzata;;True;Torino;119;45,0746639;7,7264741
IT-TO0793;Biblioteca e archivio storico Italgas. Società italiana per il gas;Italgas. Societa' italiana per il gas Spa;Via XX Settembre 41;Aziende ed amministrazioni dello stato ad ordinamento autonomo;Specializzata;;True;Torino;120;45,068256;7,68115
IT-TO0794;Biblioteca del Centro studi Luca d'Agliano;Centro studi Luca d'Agliano; Via Principe Amedeo 34;Accademie, associazioni, fondazioni, istituti (pubblici);Specializzata;;False;Torino;121;45,0665958;7,6905539
IT-TO0795;Biblioteca tecnico-giuridica della Provincia di Torino;Provincia di Torino;Via Maria Vittoria 12;Provincia;Specializzata;;True;Torino;122;45,0674313;7,685679
IT-TO0797;Biblioteca del Museo del diabete - Associazione Karen Bruni Böcher;Associazione Centro diabetologia Karen Bruni Bcher;Via Beaumont 72;Accademie, associazioni, fondazioni, istituti, societa' (privati);Specializzata;;True;Torino;123;45,0737466;7,664457
IT-TO0798;Biblioteca del Club alpino italiano - CAI. Sezione Unione giovanile escursionisti torinesi - UGET;Club alpini italiano - CAI. Unione giovanile escursionisti torinesi - UGET;Galleria Subalpina 30;Accademie, associazioni, fondazioni, istituti (pubblici);Specializzata;;True;Torino;124;45,0699966;7,6867006
IT-TO0799;Biblioteca del Centro studi Carlo Trabucco;Associazione Centro studi Carlo Trabucco;Largo IV Marzo 17;Accademie, associazioni, fondazioni, istituti (pubblici);Specializzata;;False;Torino;125;45,07312;7,682504
IT-TO0800;"Biblioteca ""Marcello Novo"" - SAA School of Management";Universita' degli studi di Torino. Scuola di amministrazione aziendale;Via Ventimiglia 115;Universita' statali;Istituto di insegnamento superiore;;True;Torino;126;45,0266706;7,6703885
IT-TO0801;Biblioteca dell'Archivio arcivescovile;Curia arcivescovile di Torino;Via dell'Arcivescovado 12;Enti ecclesiastici;Specializzata;;False;Torino;127;45,0671509;7,677882
IT-TO0802;Biblioteca del centro di documentazione dell'ISVOR-FIAT;ISVOR FIAT;Corso Dante 103;Accademie, associazioni, fondazioni, istituti, societa' (privati);Specializzata;;True;Torino;128;45,0459646;7,6807149
IT-TO0803;Biblioteca del Centro internazionale di studi Luigi Sturzo. Sezione piemontese;Centro internazionale di studi sturziani - CISS. Sezione piemontese;Via Santa Maria 6;Accademie, associazioni, fondazioni, istituti (pubblici);Specializzata;;False;Torino;129;45,072078;7,6777815
IT-TO0811;Biblioteca del Collegio universitario Renato Einaudi. Sezione esterna;Collegio universitario Renato Einaudi;Via Bobbio 9;Accademie, associazioni, fondazioni, istituti, societa' (privati);Specializzata;;False;Torino;130;45,058157;7,6540744
IT-TO0813;Biblioteca dell'Ente sviluppo agricolo del Piemonte;Ente sviluppo agricolo del Piemonte - ESAP;Via Petrarca 44;Aziende ed amministrazioni dello stato ad ordinamento autonomo;Specializzata;;True;Torino;131;45,0474953;7,6822027
IT-TO0814;Biblioteca del Museo universale della stampa;Associazione degli amici del Museo universale della stampa;Via dell'Ospedale 45;Accademie, associazioni, fondazioni, istituti (pubblici);Specializzata;;True;Torino;132;45,0678435;7,5139853
IT-TO0815;Biblioteca scientifica dell'Istituto chirurgico ortopedico Regina Maria Adelaide;USSL 7 Torino;Lungo Dora Firenze 87;Aziende ed enti del servizio sanitario nazionale;Specializzata;;True;Torino;133;45,0750106;7,6931308
IT-TO0816;Biblioteca della Soprintendenza Archeologia, belle arti e paesaggio per la città metropolitana di Torino. Storia dell'arte;Ministero dei beni e delle attività culturali e del turismo. Soprintendenza Archeologia, belle arti e paesaggio per la città metropolitana di Torino;Via Accademia delle scienze 5;Direzione generale archeologia, belle arti e paesaggio;Specializzata;;False;Torino;134;45,0691432555782;7,68508147857358
IT-TO0818;Biblioteca dell'Istituto di cosmo-geofisica;Consiglio nazionale delle ricerche. Istituto di cosmogeofisica;Corso Fiume 4;Aziende ed amministrazioni dello stato ad ordinamento autonomo;Specializzata;;True;Torino;135;45,0572404;7,6936934
IT-TO0819;Biblioteca dell'Istituto di ricerca sull'impresa e lo sviluppo - CERIS;Consiglio nazionale delle ricerche. Istituto di ricerca sull'impresa e lo sviluppo;Via A. Avogadro 8;Aziende ed amministrazioni dello stato ad ordinamento autonomo;Specializzata;;True;Torino;136;45,0670413;7,6698951
IT-TO0823;Biblioteca Biomedica Integrata Università A.S.O.  S. Luigi - Ospedale S. Luigi Orbassano;Universita' degli studi di Torino. Dipartimento di Scienze cliniche e biologiche;Ospedale San Luigi Gonzaga - Regione Gonzole 10;Universita' statali;Istituto di insegnamento superiore;;False;Torino;137;45,0286585;7,5589945
IT-TO0824;Biblioteca di Sanità pubblica e Microbiologia del Dipartimento di Scienze della Sanità Pubblica e Pediatriche;Università degli studi di Torino. Dipartimento di sanità pubblica e microbiologia;Via Santena 5 bis;Universita' statali;Istituto di insegnamento superiore;False;False;Torino;138;45,037172;7,6740981
IT-TO0825;Biblioteca civica;Comune di Brusasco;Via Marconi 61 - Palazzo Ellena;Comune;Pubblica;;False;Torino;139;45,1543929;8,05827650000003
IT-TO0826;Biblioteca del Centro studi e Museo civico di arte preistorica - CeSMAP;Centro studi e Museo civico di arte preistorica - CeSMAP;Viale G. Giolitti 1;Accademie, associazioni, fondazioni, istituti (pubblici);Specializzata;;False;Torino;140;44,8858764;7,3354664
IT-TO0827;Biblioteca civica;Comune di Cavagnolo;Piazza Vittorio Veneto;Comune;Pubblica;;False;Torino;141;45,1511526;8,0139518
IT-TO0830;Biblioteca Valperga di Masino e di Caluso;Fondo per l'ambiente italiano - FAI;Castello di Masino;Accademie, associazioni, fondazioni, istituti (pubblici);Importante non specializzata;;True;Torino;142;45,3915373;7,9606614
IT-TO0831;Biblioteca del Castello di Rivoli Museo d'arte contemporanea;Comitato per l'arte in Piemonte;Piazza Mafalda di Savoia;Accademie, associazioni, fondazioni, istituti (pubblici);Specializzata;;True;Torino;143;45,0700182;7,5093669
IT-TO0832;Biblioteca civica Antonio Arduino. Sezione ragazzi;Comune di Moncalieri;Via Palestro 9;Comune;Pubblica;;False;Torino;144;45,0034357;7,6852144
IT-TO0833;Biblioteca dell'Istituto zooprofilattico sperimentale del Piemonte, Liguria e Valle d'Aosta;Istituto zooprofilattico sperimentale del Piemonte, Liguria e Valle d'Aosta;Via Bologna 148;Regione;Specializzata;;True;Torino;145;45,0862289;7,7039321
IT-TO0834;Biblioteca civica Dietrich Bonhoeffer;Comune di Torino;Corso Corsica 55;Comune;Pubblica;True;False;Torino;146;45,0278657;7,6498861
IT-TO0838;Biblioteca comunale;Comune di Sciolze;Via Roma, 1;Comune;Pubblica;;False;Torino;147;45,0949568681027;7,87726100790405
IT-TO0839;Biblioteca di studi occitani;Associazione culturale valados usitanos;presso Comunità montana valli Chisone e Germanasca - Via Roma 22;Accademie, associazioni, fondazioni, istituti (pubblici);Specializzata;;False;Torino;148;44,9564161;7,1924746
IT-TO0840;Biblioteca del Centro italiano studio documentazione alpinismo extraeuropeo - CISDAE del Club alpino italiano - CAI;Club alpino italiano - CAI. Centro italiano studio documentazione alpinismo extraeuropeo - CISDAE;Via G. Giardino 39;Accademie, associazioni, fondazioni, istituti, societa' (privati);Specializzata;;True;Torino;149;45,0598115;7,697432
IT-TO0841;Biblioteca della Procura generale della Repubblica;Ministero della giustizia;Via Corte d'Appello 16;Presidenza del consiglio dei ministri e ministeri;Specializzata;;True;Torino;150;45,0743714;7,6790847
IT-TO0842;Biblioteca Le Vallere;Regione Piemonte. Assessorato dei beni culturali e ambientali;Corso Trieste 98;Regione;Specializzata;;False;Torino;151;45,0078964;7,6723839
IT-TO0843;Biblioteca della Fondazione Carlo Donat Cattin;Fondazione Carlo Donat Cattin;Via Stampatori 4;Accademie, associazioni, fondazioni, istituti (pubblici);Specializzata;;False;Torino;152;45,0731931;7,6788345
IT-TO0844;Biblioteca del Convento San Domenico;Domenicani Convento San Domenico di Torino;Via San Domenico 0;Enti ecclesiastici;Specializzata;;True;Torino;153;45,076203;7,6760563
IT-TO0845;Biblioteca della Scuola di formazione per educatori professionali;Federazione italiana religiosa assistenza sociale - FIRAS;Via Cottolengo 22;Accademie, associazioni, fondazioni, istituti, societa' (privati);Specializzata;;False;Torino;154;45,0795731;7,6786623
IT-TO0846;Biblioteca Anna Maria di Giorgio - SUISM  Centro di Servizi;Università degli studi di Torino;Piazza Bernini 12;NON SPECIFICATA;NON SPECIFICATA;;True;Torino;155;45,0765393;7,6556551
IT-TO0847;Biblioteca dell'Istituto di medicina dello sport;Istituto di medicina dello sport di Torino;Via Filadelfia 88;Accademie, associazioni, fondazioni, istituti, societa' (privati);Specializzata;;False;Torino;156;45,0395704;7,6521992
IT-TO0848;Biblioteca del Centro italiano di collaborazione per lo sviluppo edilizio delle nazioni emergenti;Centro italiano di collaborazione per lo sviluppo edilizio delle nazioni emergenti - CICSENE;Via Borgosesia 30;Accademie, associazioni, fondazioni, istituti, societa' (privati);Specializzata;;False;Torino;157;45,0774642;7,6398836
IT-TO0849;Biblioteca dell'Ospedale San Giovanni antica sede;USSL 1 Torino;Via Cavour 31;Aziende ed enti del servizio sanitario nazionale;Specializzata;;False;Torino;158;45,0635106;7,6878778
IT-TO0850;Biblioteca della Comunità impegno servizio volontariato;Comunità impegno servizio volontariato - CISV;Corso Chieri 121/8;Accademie, associazioni, fondazioni, istituti, societa' (privati);Specializzata;;False;Torino;159;45,061313;7,7398609
IT-TO0851;Biblioteca del centro di documentazione sul terzo mondo;Movimento sviluppo e pace;Via Saluzzo 58;Accademie, associazioni, fondazioni, istituti, societa' (privati);Specializzata;;False;Torino;160;45,0541367;7,6771044
IT-TO0852;Biblioteca del Centro studi africani;Centro studi africani - CSA;Piazza San Giovanni;Accademie, associazioni, fondazioni, istituti, societa' (privati);Specializzata;;True;Torino;161;45,0734136;7,6847214
IT-TO0855;Biblioteca della Pretura civile;Ministero della giustizia;Via Corte d'appello 10;Presidenza del consiglio dei ministri e ministeri;Specializzata;;True;Torino;162;45,0739134;7,6803469
IT-TO0856;Biblioteca della Procura generale della Repubblica presso il tribunale;Ministero della giustizia;Via T. Tasso 1;Presidenza del consiglio dei ministri e ministeri;Specializzata;;True;Torino;163;45,0740839;7,6821162
IT-TO0857;Biblioteca della Procura generale della Repubblica presso la pretura circondariale di Torino;Ministero della giustizia;Piazza Palazzo di città 7;Presidenza del consiglio dei ministri e ministeri;Specializzata;;True;Torino;164;45,0730016;7,6817282
IT-TO0859;Biblioteca dell'Istituto di clinica chirurgica e terapia chirurgica della Facoltà di medicina e chirurgia dell'Università degli studi di Torino;Università degli studi di Torino. Facoltà di medicina e chirurgia;Corso Dogliotti 14;Universita' statali;Istituto di insegnamento superiore;;True;Torino;165;45,0412499;7,6764155
IT-TO0860;Biblioteca della Sacra di San Michele;Rosminiani;Sacra di San Michele;Enti ecclesiastici;Specializzata;;True;Torino;166;45,0980556;7,3436111
IT-TO0861;Biblioteca del Convento Santa Maria delle Rose;Domenicani. Convento Santa Maria delle Rose di Torino;Via Rosario Santa Fe' 7;Enti ecclesiastici;Specializzata;;True;Torino;167;45,0351306;7,6502771
IT-TO0862;Biblioteca dell'archivio dell'Ospedale ostetrico-ginecologico Sant'Anna;USSL 9 Torino;Corso Spezia 60 - Via Ventimiglia 1;Aziende ed enti del servizio sanitario nazionale;Specializzata;;True;Torino;168;45,0360226;7,6732521
IT-TO0865;Biblioteca del Centro studi e ricerche Mario Pannunzio;Centro studi e ricerche Mario Pannunzio;Via Maria Vittoria 35/h;Accademie, associazioni, fondazioni, istituti (pubblici);Specializzata;;False;Torino;169;45,0656686;7,6907164
IT-TO0866;Biblioteca provinciale OFM - Torino;Provincia OFM di S. Bonaventura in Piemonte;Via Sant'Antonio di Padova, 7;Enti ecclesiastici;Specializzata;True;False;Torino;170;45,0687459;7,6656111
IT-TO0867;Biblioteca dell'Unione tipografica editrice torinese;Unione tipografica editrice torinese - UTET;Corso Raffaello 28;Accademie, associazioni, fondazioni, istituti, societa' (privati);Importante non specializzata;;True;Torino;171;45,0509339;7,6800043
IT-TO0868;Biblioteca medica dell'Ospedale mauriziano Umberto I;Ordine dei santi Maurizio e Lazzaro. Ospedale mauriziano Umberto I;Largo Turati 62;Accademie, associazioni, fondazioni, istituti, societa' (privati);Specializzata;;True;Torino;172;45,0503085;7,6655135
IT-TO0869;Biblioteca del Centro studi vietnamiti;Centro studi vietnamiti;Piazza Madama Cristina 5;Accademie, associazioni, fondazioni, istituti (pubblici);Specializzata;;False;Torino;173;45,0585163;7,6838188
IT-TO0870; Biblioteca della Fondazione Tancredi di Barolo;Fondazione Tancredi di Barolo;Via delle Orfane 7;Accademie, associazioni, fondazioni, istituti, societa' (privati);Specializzata;;True;Torino;174;45,0746376;7,6786731
IT-TO0871;Biblioteca del Circolo degli artisti;Circolo degli artisti di Torino;Via Bogino 9;Accademie, associazioni, fondazioni, istituti (pubblici);Pubblica;;True;Torino;175;45,068515;7,6876014
IT-TO0873;Biblioteca dell'Istituto salesiano Valsalice;Salesiani. Istituto Valsalice;Viale E. Thovez 37;Enti ecclesiastici;Specializzata;;False;Torino;176;45,0539688;7,7025041
IT-TO0875;Biblioteca di Dermatologia del Dipartimento di Scienze Biomediche e Oncologia umana dell'Università degli Studi di Torino ;Università degli studi di Torino. Dipartimento di medicina e oncologia sperimentale. Sezione di patologia generale;Via Cherasco, 23;Universita' statali;Istituto di insegnamento superiore;;;Torino;177;45,0377719;7,6721768
IT-TO0880;Biblioteca di cultura del Collegio S. Giuseppe;Fratelli delle scuole cristiane. Collegio S. Giuseppe;Via S. Francesco di Paola 23;Enti ecclesiastici;Importante non specializzata;;True;Torino;178;45,0635565;7,6856007
IT-TO0882;Biblioteca musicale della RAI - Radiotelevisione italiana;;Via Verdi 16;NON SPECIFICATA;NON SPECIFICATA;;;Torino;179;45,0684676;7,6920643
IT-TO0883;Biblioteca del Centro studi e ricerche storiche sull'architettura militare del Piemonte;;Piazza Savoia 6;NON SPECIFICATA;NON SPECIFICATA;;;Torino;180;45,0750512;7,6778233
IT-TO0884;Archivio dell'Accademia filarmonica;;Piazza S. Carlo 183;NON SPECIFICATA;NON SPECIFICATA;;;Torino;181;45,0675326;7,6829383
IT-TO0885;Biblioteca Comunale;Comune di Caselette;Piazza Municipio 1;Comune;Pubblica;;False;Torino;182;45,1058546;7,482565
IT-TO0886;Biblioteca civica;Comune di Valgioie;Piazza Chiapero 9;Comune;Pubblica;;False;Torino;183;45,0765981;7,3425438
IT-TO0891;Galleria civica di arte moderna e contemporanea;;Via Magenta, 31;NON SPECIFICATA;NON SPECIFICATA;;;Torino;184;45,0652976;7,6689926
IT-TO0896;Biblioteca privata Mario Dell'Ara;;Via Praciosa 15;Privati - Famiglie;NON SPECIFICATA;;;Torino;185;45,0156228;7,6641241
IT-TO0901;Biblioteca civica Cesare Pavese;Comune di Torino;Via Candiolo 79;Comune;Pubblica;True;False;Torino;186;45,0157802;7,6490509
IT-TO0902;Biblioteca civica Primo Levi;Comune di Torino;Via Ruggero Leoncavallo, 17;Comune;Pubblica;True;False;Torino;187;45,0856132249121;7,69785076137691
IT-TO0903;Punto prestito Gabriele D'Annunzio;Comune di Torino;Via G. Saccarelli 18;Comune;Pubblica;;False;Torino;188;45,0803971;7,6665577
IT-TO0907;Biblioteca Centro di documentazione La Venaria reale;Centro di documentazione La Venaria reale;Via Bertolotti 2;NON SPECIFICATA;NON SPECIFICATA;;;Torino;189;45,0685789;7,6760433
IT-TO0911;Biblioteca Comunale;Comune di Bobbio Pellice;Piazza Caduti della Libertà 7;NON SPECIFICATA;NON SPECIFICATA;;;Torino;190;44,8077872;7,1172111
IT-TO0912;Biblioteca civica;Comune di Brozolo;Via Grisoglio 67;Comune;Pubblica;False;False;Torino;191;45,1175933;8,0722047
IT-TO0914;Biblioteca civica 2 giugno;Comune di Cesana Torinese;Viale IV Novembre 11;NON SPECIFICATA;NON SPECIFICATA;;;Torino;192;44,949011;6,795421
IT-TO0916;Biblioteca civica;Comune di Germagnano;Via C. Migletti 56;NON SPECIFICATA;NON SPECIFICATA;;;Torino;193;45,261958;7,46682199999998
IT-TO0917;Biblioteca civica;Comune di Osasio;Via Breme 12;Comune;Pubblica;;;Torino;194;44,8695445;7,6086287
IT-TO0918;Biblioteca civica;Comune di San Gernano Chisone;Via Scuole 5;NON SPECIFICATA;NON SPECIFICATA;;;Torino;195;44,8982845;7,2404149
IT-TO0919;Biblioteca civica;Comune di San Secondo di Pinerolo;Via Bonatto 3;Comune;Pubblica;;;Torino;196;44,8666863;7,2989167
IT-TO0921;Biblioteca civica;Comune di Vaie;Via Martiri della Libertà 7;NON SPECIFICATA;NON SPECIFICATA;;;Torino;197;45,1023649;7,2897012
IT-TO0922;Biblioteca del Centro regionale etnografico linguistico;Centro regionale etnografico linguistico;Piazza Solferino 3;Accademie, associazioni, fondazioni, istituti (pubblici);Specializzata;;False;Torino;198;45,0693526;7,6778704
IT-TO0924;Biblioteca Immagine per il Piemonte;Associazione Immagine per il Piemonte;Via A. Doria 9;Accademie, associazioni, fondazioni, istituti (pubblici);Specializzata;;True;Torino;199;45,0640589;7,6828189
IT-TO0925;Biblioteca del Museo tipografico Rondani;Centro studi carmagnolesi;Via L. Cavalli 6;Accademie, associazioni, fondazioni, istituti (pubblici);Specializzata;;;Torino;200;44,8455973;7,720973
IT-TO0926;Biblioteca della Fondazione italiana per la fotografia;Fondazione italiana per la fotografia;Via Avogadro 4;NON SPECIFICATA;NON SPECIFICATA;;;Torino;201;45,066451;7,6695463
IT-TO0927;Centro di documetazione della Fondazione Fitzcarraldo;Fondazione Fitzcarraldo;Via Aosta 8;Accademie, associazioni, fondazioni, istituti, societa' (privati);Specializzata;;;Torino;202;45,0814686;7,6891287
IT-TO0929;Biblioteca comunale;Comune di Airasca;Via Monfrucchio 15;Comune;Pubblica;;;Torino;203;44,9161805;7,4871419
IT-TO0930;Biblioteca Comunale;Comune di Angrogna;Piazza Roma 3;Comune;Pubblica;;;Torino;204;44,8436902;7,2240301
IT-TO0932;Biblioteca civica;Comune di Villar Pellice;Viale I Maggio 9;Comune;Pubblica;;False;Torino;205;44,808465;7,1576994
IT-TO0933;Biblioteca Comunale;Comune di Cercenasco;Via G. Carducci 4;Comune;Pubblica;;;Torino;206;44,861834;7,5010985
IT-TO0934;Biblioteca civica;Comune di Chianocco;Via Roccaforte 1;Comune;Pubblica;;;Torino;207;45,147036;7,173411
IT-TO0935;Biblioteca Comunale;Comune di Macello;Via Vigone 1;Comune;Pubblica;;False;Torino;208;44,8506033;7,4029731
IT-TO0936;Biblioteca civica;Comune di Navalesa;Via Susa 19;Comune;Pubblica;;False;Torino;209;45,1789316;7,0163211
IT-TO0937;Biblioteca civica;Comune di Osasco;Via IV Novembre 5;Comune;Pubblica;;False;Torino;210;44,85;7,34306
IT-TO0938;Biblioteca civica;Comune di Rubiana;Via Roma 31;Comune;Pubblica;;;Torino;211;45,1373783;7,3831606
IT-TO0939;Centro di documentazione del Centro UNESCO;UNESCO. Centro di Torino;Viale Maestri del lavoro 10;Organizzazioni internazionali;Specializzata;;False;Torino;212;45,0207373;7,6711905
IT-TO0941;Biblioteca dell'Istituto sperimentale per la zootecnia;;Via Pianezza 115;NON SPECIFICATA;NON SPECIFICATA;;;Torino;213;45,094421;7,6498964
IT-TO0942;Biblioteca del Centro internazionale di ricerche economiche;Centro internazionale di ricerche economiche;Viale Settimio Severo 65;NON SPECIFICATA;NON SPECIFICATA;;;Torino;214;45,0500329;7,6947385
IT-TO0943;Biblioteca della Fondazione Rosselli;Fondazione Rosselli;Via S. Quintino 18/c;NON SPECIFICATA;NON SPECIFICATA;;;Torino;215;45,0659615;7,673492
IT-TO0944;Biblioteca Eugenio Reffo della Congregazione di S. Giuseppe;Congregazione di S. Giuseppe;Corso Palestro 14;Enti ecclesiastici;Specializzata;;False;Torino;216;45,0736115;7,6721922
IT-TO0946;Biblioteca civica;Comune di Virle Piemonte;Via Birago 4;Comune;Pubblica;;;Torino;217;44,8656503;7,5692359
IT-TO0947;Biblioteca civica;Comune di San Giorio di Susa;Piazza Cinque Martiri, 1;Comune;Pubblica;;;Torino;218;45,1283087;7,1776542
IT-TO0950;Biblioteca civica;Comune di Mompantero;Piazza Bolaffi 1;Comune;Pubblica;;False;Torino;219;45,1399913;7,0578351
IT-TO0951;Archivio Francesco Faà di Bruno;Suore minime di Nostra Signora del Suffragio. Istituto Faà di Bruno;Via S. Donato 31;NON SPECIFICATA;NON SPECIFICATA;;;Torino;220;45,0810638;7,6628723
IT-TO0955;Biblioteca Comunale;Comune di Massello;Borgata Roberso 1;NON SPECIFICATA;NON SPECIFICATA;;;Torino;221;44,9578009;7,058088
IT-TO0956;Biblioteca civica;Comune di Usseaux;Via XXVIII ottobre 47;Comune;Pubblica;;False;Torino;222;45,04897;7,027863
IT-TO0957;Biblioteca del Parco naturale del Gran Bosco;;Via Monginevro 7;NON SPECIFICATA;NON SPECIFICATA;;;Torino;223;45,0636533;6,8706954
IT-TO0958;Biblioteca del Centro cure palliative;Centro cure palliative;Via Fontane 4;NON SPECIFICATA;NON SPECIFICATA;;;Torino;224;45,23667;7,606223
IT-TO0959;Biblioteca di Microbiologia del Dipartimento di sanità pubblica e microbiologia dell'Università degli studi di Torino;Università degli studi di Torino. Dipartimento di sanità pubblica e microbiologia;Via Santena 9;NON SPECIFICATA;NON SPECIFICATA;;;Torino;225;45,0371042;7,6749183
IT-TO0960;Biblioteca Comunale;Comune di Garzigliana;Piazza Vittorio Veneto 11;Comune;Pubblica;;False;Torino;226;44,836748;7,374611
IT-TO0962;Biblioteca del Centro di documentazione storica;Comune di Torino. Circoscrizione 5.;Via Verolengo 212;Comune;Pubblica;;False;Torino;227;45,0949881;7,6493829
IT-TO0966;"Biblioteca della Fondazione centro conservazione e restauro ""La Venaria Reale""";Fondazione Centro Conservazione e restauro La Venaria Reale;Via XX Settembre 18;Accademie, associazioni, fondazioni, istituti (pubblici);Specializzata;;True;Torino;228;45,13348;7,62671
IT-TO0967;Archivio storico diocesano;;Via S. Varmondo 28;NON SPECIFICATA;NON SPECIFICATA;;;Torino;229;45,4685279;7,8768794
IT-TO0968;Biblioteca del Dipartimento di Fisiopatologia Clinica.Sezioni Otorinolaringoiatria e Chirurgia Maxillo-Facciale dell'Università degli Studi di Torino;Università degli studi di Torino. Dipartimento di fisiopatologia clinica;Via Genova 3;Universita' statali;Specializzata;True;;Torino;230;45,0411692;7,6723689
IT-TO0971;Biblioteca A. Rosmini - Corsi di Laurea delle Professioni sanitarie - Azienda Ospedaliera Universitaria Città della Salute e della Scienza di Torino - Università degli Studi di Torino ;Azienda Ospedaliera Città della Salute e della Scienza di Torino;Via Rosmini 4/a;Aziende ed enti del servizio sanitario nazionale;Specializzata;;;Torino;231;45,0490013;7,6718725
IT-TO0973;Biblioteca comunale;Comune di Campiglione-Fenile;Via S. Germano 5;Comune;Pubblica;;;Torino;232;44,8014231;7,3251075
IT-TO0974;Biblioteca di Odontostomatologia del Dipartimento di Scienze Chirurgiche dell'Università degli Studi di Torino ;Università degli studi di Torino. Dipartimento di scienze chirurgiche (Dental School);Via Nizza, 230;Universita' statali;NON SPECIFICATA;;False;Torino;233;45,034212;7,6679513
IT-TO0975;Biblioteca Fondazione Mario Merz;Fondazione Mario Merz;Via Limone, 24;Accademie, associazioni, fondazioni, istituti, societa' (privati);Specializzata;;False;Torino;234;45,0619148;7,6425922
IT-TO0988;Biblioteca civica;;Via Genevris 7;NON SPECIFICATA;NON SPECIFICATA;;;Torino;235;45,0297274;6,8584743
IT-TO0990;Biblioteca del Centro interculturale della città di Torino;Centro Interculturale della Città di Torino;Corso Taranto, 160;Accademie, associazioni, fondazioni, istituti, societa' (privati);Specializzata;;;Torino;236;45,0962314;7,71077660000003
IT-TO0992;Biblioteca dell'Istituto di istruzione superiore Bodoni - Paravia;;Via Ponchielli, 56;NON SPECIFICATA;NON SPECIFICATA;;;Torino;237;45,0862257;7,7050398
IT-TO0993;Biblioteca Internazionale degli studenti;;Via S. Ottavio, 8;NON SPECIFICATA;NON SPECIFICATA;;;Torino;238;45,0675842;7,6936802
IT-TO0994;Biblioteca del Laboratorio di educazione ambientale;;Corso Lombardini, 2;NON SPECIFICATA;NON SPECIFICATA;;;Torino;239;45,095396;7,646767
IT-TO1005;Biblioteca del Museo regionale dell'emigrazione dei piemontesi nel mondo;;Piazza donatori di sangue 1;NON SPECIFICATA;NON SPECIFICATA;;;Torino;240;44,9031752;7,4405166
IT-TO1007;Punto di lettura e prestito Cartiera;La Cartiera;Via Fossano 8;Accademie, associazioni, fondazioni, istituti, societa' (privati);Pubblica;;;Torino;241;45,0853839;7,66193380000004
IT-TO1008;Biblioteca Scuola Secondaria Statale di Primo Grado Lidia Poet;Ministero dell'istruzione, dell'università e della ricerca. Istituto comprensivo Pinerolo III;Via de' Rochis 29;Presidenza del consiglio dei ministri e ministeri;Scolastica;;;Torino;242;44,8899458;7,34634040000003
IT-TO1009;Biblioteca civica;;Piazza della libertà, 1;NON SPECIFICATA;NON SPECIFICATA;;;Torino;243;44,9552192;7,18222
IT-TO1010;Biblioteca dell'Associazione La bottega del possibile;;Viale Trento, 9;NON SPECIFICATA;NON SPECIFICATA;;;Torino;244;44,8215832;7,2220055
IT-TO1011;Biblioteca Provinciale Lasalliana;Provincia di Torino della Congregazione dei Fratelli delle Scuole Cristiane;Strada comunale S. Margherita, 132;Enti ecclesiastici;Specializzata;True;False;Torino;245;45,0565027;7,7072275
IT-TO1015;Biblioteca civica;Comune di Lombardore;Via Ripa Nuova, 1;Comune;Pubblica;;;Torino;246;45,2359975;7,7389249
IT-TO1017;Biblioteca dell'Archivio Storico Olivetti;Associazione Archivio Storico Olivetti;Via delle Miniere 31;Accademie, associazioni, fondazioni, istituti, societa' (privati);NON SPECIFICATA;;;Torino;247;45,46025;7,86865
IT-TO1019;Biblioteca del Centro di Ricerche sulla Libera Muratoria - CRSL-M  ;Centro di Ricerche sulla Libera Muratoria. CRSL-M;Piazza Vittorio Veneto, 19 ;Accademie, associazioni, fondazioni, istituti, societa' (privati);Specializzata;False;True;Torino;248;45,0648333;7,6963587
IT-TO1020;Biblioteca Rete italiana di cultura popolare;Rete italiana di cultura popolare;Via Piave 15;Accademie, associazioni, fondazioni, istituti, societa' (privati);Specializzata;False;True;Torino;249;45,0766609;7,6762092
IT-TO1204;Biblioteca della Scuola Holden;Holden S.r.l.;Piazza Borgo Dora, 49;Accademie, associazioni, fondazioni, istituti, societa' (privati);Specializzata;;False;Torino;250;45,0814113986575;7,68356274732969
IT-TO1217;Biblioteca del Centro multimediale di documentazione pedagogica ;Centro multimediale di documentazione pedagogica;Corso Francia 285;Accademie, associazioni, fondazioni, istituti (pubblici);Specializzata;True;False;Torino;251;45,0746435592754;7,62644947116394
IT-TO1218;Biblioteca civica;Comune di San Gillio;Via Piave, 4;Comune;Pubblica;;False;Torino;252;45,140983;7,53167899999994
IT-TO1219;Biblioteca dell'Ispettoria Piemontese Biblioteca dell'Archivio storico dell'Ispettoria piemontese delle Figlie di Maria Ausiliatrice;"Istituto Figlie di Maria Ausiliatrice - Ispettoria Piemontese ""Maria Ausiliatrice""";Piazza Maria Ausiliatrice, 35;Enti ecclesiastici;NON SPECIFICATA;True;False;Torino;253;45,08049;7,67534000000001
IT-TO1223;Biblioteca dell'Istituto Suore Francescane Missionarie di Susa;Istituto Suore Francescane Missionarie di Susa;via Palazzo di Città, 85;Enti ecclesiastici;Importante non specializzata;True;False;Torino;254;45,1355878;7,04523089999998
IT-TO1230;Biblioteca e Centro di Documentazione Maurice GLBTQ;Maurice GLBTQ;Via Stampatori 10;Accademie, associazioni, fondazioni, istituti, societa' (privati);Specializzata;;False;Torino;255;45,0723779752648;7,67830498406147
IT-TO1232;Biblioteca civica Leo Chiosso;Comune di Pralormo;Via Umberto I, 16 ;Comune;Pubblica;;;Torino;256;44,8616394;7,90030100000001
IT-TP0001;Biblioteca comunale Sebastiano Bagolino;Comune  di Alcamo;piazza Ciullo ;Comune;Importante non specializzata;;False;Torino;257;37,9809529762134;12,9647824416641
IT-TP0004;Biblioteca comunale;Comune di Calatafimi;Piazza Plebiscito 13;Comune;Importante non specializzata;;False;Torino;258;37,9136436;12,8616129
IT-TP0005;Biblioteca comunale;Comune di Campobello di Mazara;Piazza Garibaldi 12/H;Comune;Pubblica;;False;Torino;259;37,633297;12,746945
IT-TP0009;Biblioteca comunale;Comune di Gibellina;Viale Segesta;Comune;Importante non specializzata;;False;Torino;260;37,8126642;12,8754363
IT-TP0011;Biblioteca del Seminario vescovile;Seminario vescovile di Mazara del Vallo;Piazza della Repubblica, 16;Enti ecclesiastici;Specializzata;False;False;Torino;261;37,6517089;12,5899086
IT-TP0013;Biblioteca comunale;Comune di Paceco;Via N. Agate 46;Comune;Importante non specializzata;;False;Torino;262;37,9816218;12,5617855
IT-TP0021;Biblioteca dell'Archivio di Stato di Trapani;Ministero dei beni e delle attività culturali e del turismo. Archivio di Stato di Trapani;Piazzetta Sant'Anna 22;Direzione generale Archivi;Specializzata;;True;Torino;263;38,0170215918336;12,5030039208668
IT-TP0022;Biblioteca Fardelliana;Ente morale Fardelliana;Via De  Santis 2;Accademie, associazioni, fondazioni, istituti (pubblici);Importante non specializzata;;False;Torino;264;38,0107106;12,5497223
IT-TP0024;Biblioteca comunale;Comune di Vita;Viale Europa;Comune;Pubblica;;False;Torino;265;37,8702472;12,826832
IT-TP0025;Biblioteca circoscrizionale;;Presso la Delegazione di Borgo Annunziata - Largo Madonna;NON SPECIFICATA;NON SPECIFICATA;;;Torino;266;38,0186067;12,540939
IT-TP0027;Biblioteca del Centro studi Benedetto Croce;;Via Turretta 8;NON SPECIFICATA;NON SPECIFICATA;;;Torino;267;38,0152146;12,5090879
IT-TP0028;Biblioteca del Circolo di cultura;;Via S. Francesco d'Assisi 4;NON SPECIFICATA;NON SPECIFICATA;;;Torino;268;38,0149765;12,5085415
IT-TP0029;Biblioteca del Polo territoriale universitario della Provincia di Trapani. Università degli studi di Palermo;Università degli studi di Palermo. Polo didattico di Trapani;Lungomare Dante Alighieri;Universita' statali;Istituto di insegnamento superiore;True;False;Torino;269;38,0341101200766;12,5341707414948
IT-TP0030;Biblioteca Museo regionale Pepoli;Regione siciliana;Via Conte A. Pepoli 200;Regione;Specializzata;;True;Torino;270;38,0192216;12,5430672
IT-TP0031;Biblioteca diocesana Giovanni Biagio Amico;Diocesi di Trapani;Via Cosenza, 90;Enti ecclesiastici;Importante non specializzata;True;False;Torino;271;38,0284481;12,5487659
IT-TP0032;Biblioteca della Camera di commercio, industria, artigianato e agricoltura;;Corso Italia 26/30;NON SPECIFICATA;NON SPECIFICATA;;;Torino;272;38,0148698;12,5115297
IT-TP0033;Biblioteca della Curia vescovile;;Corso Vittorio Emanuele 42;NON SPECIFICATA;NON SPECIFICATA;;;Torino;273;38,015804;12,5072988
IT-TP0035;Biblioteca della Società nazionale Dante Alighieri;;Via Orfeo 13;NON SPECIFICATA;NON SPECIFICATA;;;Torino;274;38,015142;12,5106903
IT-TP0041;Biblioteca comunale;Comune di Favignana;Piazza Madrice 65/66;Comune;Pubblica;;False;Torino;275;37,9318167;12,3289835
IT-TP0042;Biblioteca dell'Associazione culturale Giovanni Verga;;Via G. Leopardi;NON SPECIFICATA;NON SPECIFICATA;;;Torino;276;37,755681;13,0092069
IT-TP0048;Biblioteca di tradizioni popolari e storia locale;Associazione per la tutela delle tradizioni popolari del trapanese;Via Errante 8;Accademie, associazioni, fondazioni, istituti (pubblici);Specializzata;;False;Torino;277;38,0192599;12,5197194
IT-TP0049;Biblioteca Laura Vicuna;Istituto Maria Ausiliatrice;Via tenente Alberti 63;Enti ecclesiastici;Pubblica;;False;Torino;278;38,0114167;12,5437506
IT-TP0050;Biblioteca della Casa circondariale;Ministero della giustizia. Casa circondariale di Erice;Via Madonna di Fatima 226;Presidenza del consiglio dei ministri e ministeri;Pubblica;;True;Torino;279;38,0323126;12,5412868
IT-TP0053;Biblioteca dell'Istituto salesiano Don Bosco;Salesiani. Istituto salesiano Don Bosco di Trapani;Via G.B. Fardella 24;Enti ecclesiastici;Pubblica;;False;Torino;280;38,0187531;12,5185852
IT-TP0055;Biblioteca comunale;Comune di Salaparuta;Via Regione siciliana;Comune;NON SPECIFICATA;;True;Torino;281;37,7554589;13,0070391
IT-TP0056;Biblioteca dela Casa circondariale;Ministero della giustizia. Casa circondariale di Marsala;Piazza castello;Presidenza del consiglio dei ministri e ministeri;Pubblica;;True;Torino;282;37,7998582;12,4383979
IT-TP0059;Biblioteca comunale Leonardo Centonze;Comune di Castelvetrano;Via G. Garibaldi 54;Comune;Importante non specializzata;;False;Torino;283;37,6342774;12,7455833
IT-TP0063;Biblioteca comunale;Comune di Santa Ninfa;Piazza A. Moro;Comune;Pubblica;;False;Torino;284;37,7701309;12,8802878
IT-TP0064;Biblioteca multimediale S. Giacomo de Spada;Comune di Alcamo;Via Navarra 75;Comune;Pubblica;;False;Torino;285;37,9800091972201;12,9662472883606
IT-TP0065;Biblioteca dell'Istituto superiore per le tecniche di conservazione dei beni culturali dell'ambiente Giovanni Biagio Amico;;Via Passo Enea 25;NON SPECIFICATA;NON SPECIFICATA;;;Torino;286;38,019404;12,5184146
IT-TP0068;Biblioteca scolastica Scuola media V. Pipitone;Ministero dell'istruzione, dell'università e della ricerca;Via Sarzana 3;Presidenza del consiglio dei ministri e ministeri;Scolastica;;;Torino;287;37,8011667;12,4337156
IT-TP0070;Biblioteca monsignore Andrea Linares;Ministero dell'istruzione, dell'università e della ricerca;Via G. Falcone 20;Presidenza del consiglio dei ministri e ministeri;Scolastica;;;Torino;288;37,8093471;12,4469602
IT-TP0071;Chiesa Madre Maria Ss. Assunta;;Piazza IV Novembre 4;NON SPECIFICATA;NON SPECIFICATA;;;Torino;289;37,980885;12,965625
IT-TP0073;Biblioteca Antonio Gandolfo del Liceo classico Giovanni XXIII;Ministero dell'istruzione, dell'università e della ricerca;Via Eliodoro Lombardi;Presidenza del consiglio dei ministri e ministeri;Scolastica;;;Torino;290;37,801201;12,432412
IT-TP0075;Biblioteca dell'Istituto professionale Cosentino e dell'Istituto tecnico industriale;;Via del Fante, 75;NON SPECIFICATA;NON SPECIFICATA;;;Torino;291;37,8059074;12,4377378
IT-TP0076;Biblioteca del Liceo classico Giovanni XXIII;Ministero dell'istruzione, dell'università e della ricerca. Istituto Superiore Giovanni XXIII - F. Cosentino;Via Eliodoro Lombardi 18;Presidenza del consiglio dei ministri e ministeri;Scolastica;;;Torino;292;37,80131;12,4327656
