;ANNOSCOLASTICO;AREAGEOGRAFICA;CAPSCUOLA;CODICECOMUNESCUOLA;CODICEISTITUTORIFERIMENTO;DENOMINAZIONEISTITUTORIFERIMENTO;DENOMINAZIONESCUOLA;DESCRIZIONECARATTERISTICASCUOLA;DESCRIZIONECOMUNE;DESCRIZIONETIPOLOGIAGRADOISTRUZIONESCUOLA;INDICAZIONESEDEDIRETTIVO;INDICAZIONESEDEOMNICOMPRENSIVO;INDIRIZZOEMAILSCUOLA;INDIRIZZOPECSCUOLA;INDIRIZZOSCUOLA;PROVINCIA;REGIONE;SEDESCOLASTICA;SITOWEBSCUOLA;bStatale;Long;Lat;ORDINESCUOLA;ALUNNI
TOPC070004;201617;NORD OVEST;10121,0;L219;TOPC070004;M. D'AZEGLIO;M. D'AZEGLIO;NORMALE;TORINO;LICEO CLASSICO;SI;Non Disponibile;TOPC070004@istruzione.it;topc070004@pec.istruzione.it;VIA PARINI8;TORINO;PIEMONTE;SI;www.liceomassimodazeglio.it;True;7,675787400000001;45,0650845;SCUOLA SECONDARIA II GRADO;661
TOMM86401B;201617;NORD OVEST;10153,0;L219;TOIC86400A;"I.C. TORINO - ""SPINELLI""";SCUOLA INT.EUROP. A.SPINELLI-TO;NORMALE;TORINO;SCUOLA PRIMO GRADO;NO;Non Disponibile;TOIC86400A@istruzione.it;Non Disponibile;CORSO TORTONA N 41;TORINO;PIEMONTE;SI;www.istitutoaltierospinelli.eu;True;7,7065065000000015;45,072563200000005;SCUOLA SECONDARIA I GRADO;281
TOEE029027;201617;NORD OVEST;10155,0;L219;TOEE029005;"D.D. TORINO - ""GABELLI""";GABELLI - PESTALOZZI;NORMALE;TORINO;SCUOLA PRIMARIA;NO;Non Disponibile;TOEE029005@istruzione.it;Non Disponibile;VIA BANFO 32;TORINO;PIEMONTE;SI;www.arigabelli.gov.it;True;7,687081200000001;45,091546;SCUOLA PRIMARIA;306
TOEE016014;201617;NORD OVEST;10129,0;L219;TOEE016003;"D.D. TORINO - ""COPPINO""";COPPINO;NORMALE;TORINO;SCUOLA PRIMARIA;NO;Non Disponibile;TOEE016003@istruzione.it;Non Disponibile;VIA COLOMBO 36;TORINO;PIEMONTE;SI;www.circolodidatticocoppino.it;True;7,660240199999999;45,05820809999999;SCUOLA PRIMARIA;650
TOMM879015;201617;NORD OVEST;10147,0;L219;TOIC879004;I.C. TORINO - VIVALDI-MURIALDO;I.C.VIVALDI MURIALDO-VIVALDI TO;NORMALE;TORINO;SCUOLA PRIMO GRADO;NO;Non Disponibile;TOIC879004@istruzione.it;Non Disponibile;VIA CASTELDELFINO 24;TORINO;PIEMONTE;SI;www.vivaldi-murialdo.it;True;7,6726292;45,1004777;SCUOLA SECONDARIA I GRADO;574
TOEE87802B;201617;NORD OVEST;10148,0;L219;TOIC878008;I.C. TORINO - UMBERTO SABA;I.C. UMBERTO SABA -L. RADICE;NORMALE;TORINO;SCUOLA PRIMARIA;NO;Non Disponibile;TOIC878008@istruzione.it;Non Disponibile;CORSO GROSSETO N. 112;TORINO;PIEMONTE;SI;www.icsabatorino.gov;True;7,677618999999999;45,1047851;SCUOLA PRIMARIA;193
TOEE029016;201617;NORD OVEST;10154,0;L219;TOEE029005;"D.D. TORINO - ""GABELLI""";GABELLI;NORMALE;TORINO;SCUOLA PRIMARIA;NO;Non Disponibile;TOEE029005@istruzione.it;Non Disponibile;VIA SANTHIA 25;TORINO;PIEMONTE;SI;www.arigabelli.gov.it;True;7,6966630999999985;45,090999100000005;SCUOLA PRIMARIA;426
TOEE80501L;201617;NORD OVEST;10156,0;L219;TOIC80500E;"I.C. TORINO - ""CENA""";I.C. CENA - TORINO;NORMALE;TORINO;SCUOLA PRIMARIA;NO;Non Disponibile;TOIC80500E@istruzione.it;Non Disponibile;STRADA SAN MAURO 32;TORINO;PIEMONTE;SI;share.dschola.it/cenatorino/default.aspx;True;7,727017900000001;45,0997414;SCUOLA PRIMARIA;186
TOPC090009;201617;NORD OVEST;10124,0;L219;TOPC090009;V. GIOBERTI;V. GIOBERTI;NORMALE;TORINO;LICEO CLASSICO;SI;Non Disponibile;TOPC090009@istruzione.it;topc090009@pec.istruzione.it;VIA S. OTTAVIO 9;TORINO;PIEMONTE;SI;liceogioberti.it;True;7,6935518999999974;45,0675953;SCUOLA SECONDARIA II GRADO;1254
TOEE87801A;201617;NORD OVEST;10147,0;L219;TOIC878008;I.C. TORINO - UMBERTO SABA;I.C. UMBERTO SABA - GALIMBERTI;NORMALE;TORINO;SCUOLA PRIMARIA;NO;Non Disponibile;TOIC878008@istruzione.it;Non Disponibile;VIA MOSCA 11;TORINO;PIEMONTE;SI;www.icsabatorino.gov;True;7,677369199999998;45,1027906;SCUOLA PRIMARIA;316
TOPS00301D;201617;NORD OVEST;10137,0;L219;TOIS003003;I.I.S. E. MAJORANA;E. MAJORANA;NORMALE;TORINO;LICEO SCIENTIFICO;NO;Non Disponibile;TOIS003003@istruzione.it;Non Disponibile;VIA FRATTINI 11;TORINO;PIEMONTE;SI;www.majoranatorino.it;True;7,628849000000001;45,0360521;SCUOLA SECONDARIA II GRADO;717
TOEE8AZ01E;201617;NORD OVEST;10141,0;L219;TOIC8AZ00C;I.C. TORINO - ALBERTI;I.C. ALBERTI TORINO-SANTAROSA;NORMALE;TORINO;SCUOLA PRIMARIA;NO;Non Disponibile;TOIC8AZ00C@istruzione.it;Non Disponibile;VIA BRACCINI 70;TORINO;PIEMONTE;SI;http//WWW.ICALBERTI.GOV.IT;True;7,6472455;45,060663700000006;SCUOLA PRIMARIA;421
TOEE00501N;201617;NORD OVEST;10139,0;L219;TOEE00500L;"D.D. TORINO - ""BARICCO""";BARICCO;NORMALE;TORINO;SCUOLA PRIMARIA;NO;Non Disponibile;TOEE00500L@istruzione.it;Non Disponibile;CORSO PESCHIERA 380;TORINO;PIEMONTE;SI;http//www.scuolabaricco.gov.it;True;7,6259524999999995;45,0740223;SCUOLA PRIMARIA;498
TOTF06101G;201617;NORD OVEST;10147,0;L219;TOIS061003;I.I.S. G. PEANO;G. PEANO;NORMALE;TORINO;ISTITUTO TECNICO INDUSTRIALE;NO;Non Disponibile;TOIS061003@istruzione.it;Non Disponibile;CORSO VENEZIA 29;TORINO;PIEMONTE;SI;www.peano.it;True;7,680788900000001;45,0942245;SCUOLA SECONDARIA II GRADO;629
TORS010007;201617;NORD OVEST;10127,0;L219;TORS010007;MAGAROTTO;MAGAROTTO;PER SORDOMUTI;TORINO;IST PROF INDUSTRIA E ARTIGIANATO PER SORDOMUTI;NO;Non Disponibile;TORS010007@istruzione.it;Non Disponibile;VIA MONTE CORNO 34;TORINO;PIEMONTE;SI;www.isiss-magarotto.gov.it/torino;True;7,653650700000001;45,0249789;SCUOLA SECONDARIA II GRADO;128
TORH02901B;201617;NORD OVEST;10154,0;L219;TOIS029007;I.P.S. J. B. BECCARI;I.P.S. J. B. BECCARI;NORMALE;TORINO;IST PROF PER I SERVIZI ALBERGHIERI E RISTORAZIONE;NO;Non Disponibile;TOIS029007@istruzione.it;Non Disponibile;VIA PAGANINI22;TORINO;PIEMONTE;SI;www.istitutobeccari.gov.it;True;7,704690999999999;45,085401899999994;SCUOLA SECONDARIA II GRADO;919
TOMM8AZ01D;201617;NORD OVEST;10141,0;L219;TOIC8AZ00C;I.C. TORINO - ALBERTI;I.C. ALBERTI - TORINO;NORMALE;TORINO;SCUOLA PRIMO GRADO;NO;Non Disponibile;TOIC8AZ00C@istruzione.it;Non Disponibile;VIA TOLMINO 40;TORINO;PIEMONTE;SI;http//www.icalberti.gov.it;True;7,64491;45,05706;SCUOLA SECONDARIA I GRADO;571
TOTD03701C;201617;NORD OVEST;10121,0;L219;TOIS037006;I.I.S. SELLA-AALTO-LAGRANGE;SELLA;NORMALE;TORINO;ISTITUTO TECNICO COMMERCIALE;NO;Non Disponibile;TOIS037006@istruzione.it;Non Disponibile;VIA MONTECUCCOLI 12;TORINO;PIEMONTE;SI;www.sellaaaltolagrange.gov.it;True;7,670993500000002;45,070437;SCUOLA SECONDARIA II GRADO;441
TOEE817031;201617;NORD OVEST;10143,0;L219;TOIC81700R;"I.C. TORINO - ""PACINOTTI""";I.C. PACINOTTI-PRIM. MANZONI;NORMALE;TORINO;SCUOLA PRIMARIA;NO;Non Disponibile;TOIC81700R@istruzione.it;Non Disponibile;CORSO SVIZZERA 59/61;TORINO;PIEMONTE;SI;www.icpacinotti.it;True;7,650537;45,0815496;SCUOLA PRIMARIA;480
TOSD02000L;201617;NORD OVEST;10123,0;L219;TOSD02000L;A. PASSONI;A. PASSONI;SCUOLA ANNESSA;TORINO;ISTITUTO D'ARTE;SI;Non Disponibile;TOSD02000L@istruzione.it;tosd02000l@pec.istruzione.it;VIA DELLA ROCCA N.7;TORINO;PIEMONTE;SI;www.lapassoni.it;True;7,6936805999999995;45,0638571;SCUOLA SECONDARIA II GRADO;954
TOEE81804T;201617;NORD OVEST;10132,0;L219;TOIC81800L;"I.C. TORINO - ""GOZZI-OLIVETTI""";IC OLIVETTI-VITTORIO AMEDEO II;NORMALE;TORINO;SCUOLA PRIMARIA;NO;Non Disponibile;TOIC81800L@istruzione.it;Non Disponibile;STRADA MONGRENO 53;TORINO;PIEMONTE;SI;http//gozzi-olivetti.org;True;7,737554299999998;45,0784287;SCUOLA PRIMARIA;124
TOMM881015;201617;NORD OVEST;10134,0;L219;TOIC881004;"I.C. TORINO - ""S. PERTINI""";I.C. S.PERTINI - VIA TUNISI TO;NORMALE;TORINO;SCUOLA PRIMO GRADO;NO;Non Disponibile;TOIC881004@istruzione.it;Non Disponibile;VIA TUNISI 102;TORINO;PIEMONTE;SI;www.icpertinitorino.it;True;7,6551938999999996;45,0366049;SCUOLA SECONDARIA I GRADO;331
TOEE81803R;201617;NORD OVEST;10132,0;L219;TOIC81800L;"I.C. TORINO - ""GOZZI-OLIVETTI""";IC OLIVETTI-GIOVANNI VILLATA;NORMALE;TORINO;SCUOLA PRIMARIA;NO;Non Disponibile;TOIC81800L@istruzione.it;Non Disponibile;VIA BEATO CAFASSO 73;TORINO;PIEMONTE;SI;http//www.gozzi-olivetti.org;True;7,730312199999998;45,0878567;SCUOLA PRIMARIA;104
TOTL03701V;201617;NORD OVEST;10141,0;L219;TOIS037006;I.I.S. SELLA-AALTO-LAGRANGE;AALTO;NORMALE;TORINO;ISTITUTO TECNICO PER GEOMETRI;NO;Non Disponibile;TOIS037006@istruzione.it;Non Disponibile;VIA BRACCINI 11;TORINO;PIEMONTE;SI;www.sellaaaltolagrange.gov.it;True;7,6545136;45,0591951;SCUOLA SECONDARIA II GRADO;130
TOEE00505T;201617;NORD OVEST;10141,0;L219;TOEE00500L;"D.D. TORINO - ""BARICCO""";BARICCO-FATTORI;NORMALE;TORINO;SCUOLA PRIMARIA;NO;Non Disponibile;TOEE00500L@istruzione.it;Non Disponibile;VIA O. CASTELLINO 10;TORINO;PIEMONTE;SI;htpp//www.scuolabaricco.gov.it;True;7,630720699999999;45,068217100000005;SCUOLA PRIMARIA;230
TOEE881016;201617;NORD OVEST;10134,0;L219;TOIC881004;"I.C. TORINO - ""S. PERTINI""";"I.C. ""S. PERTINI"" - D. ABRUZZI";NORMALE;TORINO;SCUOLA PRIMARIA;NO;Non Disponibile;TOIC881004@istruzione.it;Non Disponibile;VIA MONTEVIDEO 11;TORINO;PIEMONTE;SI;www.icpertinitorino.it;True;7,654177099999999;45,0364333;SCUOLA PRIMARIA;614
TOEE073018;201617;NORD OVEST;10122,0;L219;TOEE073007;D.D. ANNESSA CONVITTO UMBERTO I;UMBERTO I (CONVITTO NAZ.LE);ANNESSO A CONVITTO;TORINO;SCUOLA PRIMARIA;NO;Non Disponibile;TOEE073007@istruzione.it;Non Disponibile;VIA BLIGNY 1 BIS;TORINO;PIEMONTE;SI;www.cnuto.gov.it;True;7,6759051;45,074912700000006;SCUOLA PRIMARIA;367
TOEE8AY01P;201617;NORD OVEST;10142,0;L219;TOIC8AY00L;I.C. TORINO - PALAZZESCHI;I.C. PALAZZESCHI TO (PRIMARIA);NORMALE;TORINO;SCUOLA PRIMARIA;NO;Non Disponibile;TOIC8AY00L@istruzione.it;Non Disponibile;VIA BRISSOGNE 32;TORINO;PIEMONTE;SI;www.icpalazzeschi.gov.it;True;7,618116100000001;45,0632097;SCUOLA PRIMARIA;208
TORC037015;201617;NORD OVEST;10152,0;L219;TOIS037006;I.I.S. SELLA-AALTO-LAGRANGE;L. LAGRANGE;NORMALE;TORINO;IST PROF PER I SERVIZI COMMERCIALI;NO;Non Disponibile;TOIS037006@istruzione.it;Non Disponibile;VIA GENE' 14;TORINO;PIEMONTE;SI;www.sellaaaltolagrange.gov.it;True;7,690059400000001;45,076345399999994;SCUOLA SECONDARIA II GRADO;339
TOEE87701E;201617;NORD OVEST;10152,0;L219;TOIC87700C;I.C. TORINO - REGIO PARCO;I.C. REGIO PARCO- LESSONA;NORMALE;TORINO;SCUOLA PRIMARIA;NO;Non Disponibile;TOIC87700C@istruzione.it;Non Disponibile;CORSO REGIO PARCO 19;TORINO;PIEMONTE;SI;www.icregioparco.gov.it;True;7,694513900000001;45,0771027;SCUOLA PRIMARIA;245
TOMM8AY01N;201617;NORD OVEST;10141,0;L219;TOIC8AY00L;I.C. TORINO - PALAZZESCHI;I.C. PALAZZESCHI - TORINO;NORMALE;TORINO;SCUOLA PRIMO GRADO;NO;Non Disponibile;TOIC8AY00L@istruzione.it;Non Disponibile;VIA LANCIA 140;TORINO;PIEMONTE;SI;htt//www.icpalazzeschi.gov.it;True;7,6284136999999985;45,0628398;SCUOLA SECONDARIA I GRADO;541
TOMM81801N;201617;NORD OVEST;10132,0;L219;TOIC81800L;"I.C. TORINO - ""GOZZI-OLIVETTI""";IC OLIVETTI-CAMILLO OLIVETTI;NORMALE;TORINO;SCUOLA PRIMO GRADO;NO;Non Disponibile;TOIC81800L@istruzione.it;Non Disponibile;VIA BARDASSANO 5;TORINO;PIEMONTE;SI;http//www.gozzi-olivetti.org;True;7,711492999999999;45,067017;SCUOLA SECONDARIA I GRADO;451
TORI02901V;201617;NORD OVEST;10154,0;L219;TOIS029007;I.P.S. J. B. BECCARI;I.P.S. J. B. BECCARI;NORMALE;TORINO;IST PROF INDUSTRIA E ARTIGIANATO;NO;Non Disponibile;TOIS029007@istruzione.it;Non Disponibile;VIA PAGANINI22;TORINO;PIEMONTE;SI;www.istitutobeccari.it;True;7,704690999999999;45,085401899999994;SCUOLA SECONDARIA II GRADO;241
TOEE06901L;201617;NORD OVEST;10137,0;L219;TOEE06900G;"D.D. TORINO - ""GOBETTI""";GOBETTI;NORMALE;TORINO;SCUOLA PRIMARIA;NO;Non Disponibile;TOEE06900G@istruzione.it;Non Disponibile;VIA ROMITA 19;TORINO;PIEMONTE;SI;http//www.scuolagobettitorino.gov.it;True;7,626119;45,0474428;SCUOLA PRIMARIA;455
TOTD06401R;201617;NORD OVEST;10127,0;L219;TOIS06400E;IIS COPERNICO-LUXEMBURG;ROSA LUXEMBURG;NORMALE;TORINO;ISTITUTO TECNICO COMMERCIALE;NO;Non Disponibile;TOIS06400E@istruzione.it;Non Disponibile;C.SO CAIO PLINIO 6;TORINO;PIEMONTE;SI;www.copernicoluxemburg.gov.it;True;7,655292500000001;45,0260424;SCUOLA SECONDARIA II GRADO;440
TOEE81702X;201617;NORD OVEST;10144,0;L219;TOIC81700R;"I.C. TORINO - ""PACINOTTI""";I.C. PACINOTTI - DE FILIPPO;NORMALE;TORINO;SCUOLA PRIMARIA;NO;Non Disponibile;TOIC81700R@istruzione.it;Non Disponibile;VIA FOSSANO 16;TORINO;PIEMONTE;SI;www.icpacinotti.it;True;7,660862099999999;45,085633;SCUOLA PRIMARIA;316
TOEE81701V;201617;NORD OVEST;10144,0;L219;TOIC81700R;"I.C. TORINO - ""PACINOTTI""";I.C. PACINOTTI - BONCOMPAGNI;NORMALE;TORINO;SCUOLA PRIMARIA;NO;Non Disponibile;TOIC81700R@istruzione.it;Non Disponibile;VIA VIDUA 1;TORINO;PIEMONTE;SI;www.icpacinotti.it;True;7,660941800000002;45,08104669999999;SCUOLA PRIMARIA;257
TOPS064011;201617;NORD OVEST;10127,0;L219;TOIS06400E;IIS COPERNICO-LUXEMBURG;N. COPERNICO;NORMALE;TORINO;LICEO SCIENTIFICO;NO;Non Disponibile;TOIS06400E@istruzione.it;Non Disponibile;CORSO CAIO PLINIO2;TORINO;PIEMONTE;SI;www.copernicoluxemburg.gov.it;True;7,6549516;45,02655410000001;SCUOLA SECONDARIA II GRADO;1155
TOEE88301T;201617;NORD OVEST;10138,0;L219;TOIC88300Q;I.C. RITA LEVI-MONTALCINI;I.C. PALMIERI - ALFIERI;NORMALE;TORINO;SCUOLA PRIMARIA;NO;Non Disponibile;TOIC88300Q@istruzione.it;Non Disponibile;VIA PALMIERI 58;TORINO;PIEMONTE;SI;WWW.ICPALMIERI.GOV.IT;True;7,6595156000000015;45,071836600000005;SCUOLA PRIMARIA;684
TOEE81801P;201617;NORD OVEST;10132,0;L219;TOIC81800L;"I.C. TORINO - ""GOZZI-OLIVETTI""";IC OLIVETTI-GASPARE GOZZI;NORMALE;TORINO;SCUOLA PRIMARIA;NO;Non Disponibile;TOIC81800L@istruzione.it;Non Disponibile;VIA GASSINO 13;TORINO;PIEMONTE;SI;http//www.gozzi-olivetti.org;True;7,7167620999999995;45,066772;SCUOLA PRIMARIA;234
TOEE81901E;201617;NORD OVEST;10125,0;L219;TOIC81900C;"I.C. TORINO - ""MANZONI""";I.C. MANZONI - RAYNERI;NORMALE;TORINO;SCUOLA PRIMARIA;NO;Non Disponibile;TOIC81900C@istruzione.it;Non Disponibile;CORSO MARCONI 28;TORINO;PIEMONTE;SI;www.icmanzoni.gov.it;True;7,6815840999999985;45,055469200000005;SCUOLA PRIMARIA;500
TOPC01000C;201617;NORD OVEST;10143,0;L219;TOPC01000C;LICEO CLASSICO E MUSICALE C. CAVOUR;LICEO CLASSICO E MUSICALE C. CAVOUR;NORMALE;TORINO;LICEO CLASSICO;SI;Non Disponibile;TOPC01000C@istruzione.it;topc01000c@pec.istruzione.it;CORSO TASSONI 15;TORINO;PIEMONTE;SI;www.lcavour.gov.it;True;7,6558620999999984;45,07778560000001;SCUOLA SECONDARIA II GRADO;702
TOMM88301R;201617;NORD OVEST;10138,0;L219;TOIC88300Q;I.C. RITA LEVI-MONTALCINI;I.C.V.PALMIERI-P.ZZA BERNINI-TO;NORMALE;TORINO;SCUOLA PRIMO GRADO;NO;Non Disponibile;TOIC88300Q@istruzione.it;Non Disponibile;VIA DUCHESSA JOLANDA 29;TORINO;PIEMONTE;SI;WWW.ICPALMIERI.GOV.IT;True;7,657372000000001;45,075536299999996;SCUOLA SECONDARIA I GRADO;264
TOMM81902E;201617;NORD OVEST;10126,0;L219;TOIC81900C;"I.C. TORINO - ""MANZONI""";I.C.MANZONI-PER CIECHI H.KELLER;PER CIECHI;TORINO;SCUOLA PRIMO GRADO;NO;Non Disponibile;TOIC81900C@istruzione.it;Non Disponibile;VIA NIZZA 151;TORINO;PIEMONTE;SI;www.icmanzoni.GOV.IT;True;7,671790299999999;45,0436334;SCUOLA SECONDARIA I GRADO;48
TOEE80502N;201617;NORD OVEST;10156,0;L219;TOIC80500E;"I.C. TORINO - ""CENA""";I.C. CENA - ABBADIA DI STURA;NORMALE;TORINO;SCUOLA PRIMARIA;NO;Non Disponibile;TOIC80500E@istruzione.it;Non Disponibile;VIA M. ANGLESIO 17;TORINO;PIEMONTE;SI;share.dschola.it/cenatorino/default.aspx;True;7,731289500000001;45,10428479999999;SCUOLA PRIMARIA;105
TOEE815028;201617;NORD OVEST;10124,0;L219;TOIC815005;"I.C. TORINO - ""TOMMASEO""";I.C. TOMMASEO-F.D'ASSISI;NORMALE;TORINO;SCUOLA PRIMARIA;NO;Non Disponibile;TOIC815005@istruzione.it;Non Disponibile;VIA GIULIA DI BAROLO 8;TORINO;PIEMONTE;SI;www.tommaseo.it;True;7,69597;45,06694;SCUOLA PRIMARIA;269
TOPS06101D;201617;NORD OVEST;10147,0;L219;TOIS061003;I.I.S. G. PEANO;G. PEANO;NORMALE;TORINO;LICEO SCIENTIFICO;NO;Non Disponibile;TOIS061003@istruzione.it;Non Disponibile;CORSO VENEZIA 29;TORINO;PIEMONTE;SI;www.peano.it;True;7,680788900000001;45,0942245;SCUOLA SECONDARIA II GRADO;164
TOMM81901D;201617;NORD OVEST;10125,0;L219;TOIC81900C;"I.C. TORINO - ""MANZONI""";I.C. MANZONI - TORINO;NORMALE;TORINO;SCUOLA PRIMO GRADO;NO;Non Disponibile;TOIC81900C@istruzione.it;Non Disponibile;VIA GIACOSA 25;TORINO;PIEMONTE;SI;www.icmanzoni.gov.it;True;7,6822158;45,0547891;SCUOLA SECONDARIA I GRADO;291
TOEE00401T;201617;NORD OVEST;10147,0;L219;TOEE00400R;"D.D. TORINO - ""ALLIEVO""";GIUSEPPE ALLIEVO;NORMALE;TORINO;SCUOLA PRIMARIA;NO;Non Disponibile;TOEE00400R@istruzione.it;Non Disponibile;VIA VIBO' 62;TORINO;PIEMONTE;SI;www.circolodidatticoallievotorino.gov.it;True;7,673769999999998;45,09596;SCUOLA PRIMARIA;454
TOMM079005;201617;NORD OVEST;10122,0;L219;TOMM079005;TO -UMBERTO I (CONVITTO NAZ.LE);TO -UMBERTO I (CONVITTO NAZ.LE);ANNESSO A CONVITTO;TORINO;SCUOLA PRIMO GRADO;NO;Non Disponibile;TOMM079005@istruzione.it;Non Disponibile;VIA BLIGNY 1 BIS;TORINO;PIEMONTE;SI;www.cnuto.it;True;7,6759051;45,074912700000006;SCUOLA SECONDARIA I GRADO;294
TOMM815016;201617;NORD OVEST;10124,0;L219;TOIC815005;"I.C. TORINO - ""TOMMASEO""";I.C. TOMMASEO - CALVINO - TO;NORMALE;TORINO;SCUOLA PRIMO GRADO;NO;Non Disponibile;TOIC815005@istruzione.it;Non Disponibile;VIA SANT'OTTAVIO 7;TORINO;PIEMONTE;SI;www.tommaseo.it;True;7,693349499999999;45,067445500000005;SCUOLA SECONDARIA I GRADO;470
TOEE010026;201617;NORD OVEST;10148,0;L219;TOEE010004;"D.D. TORINO - ""PARRI""";PARRI;NORMALE;TORINO;SCUOLA PRIMARIA;NO;Non Disponibile;TOEE010004@istruzione.it;Non Disponibile;STRADA DI LANZO 147/11;TORINO;PIEMONTE;SI;www.scuola-parri-to.gov.it;True;7,6578266;45,116207200000005;SCUOLA PRIMARIA;240
TOEE182043;201617;NORD OVEST;10147,0;L219;TOEE18200V;"D.D. TORINO - ""ALERAMO""";B.V. CAMPAGNA - ANGELINI;NORMALE;TORINO;SCUOLA PRIMARIA;NO;Non Disponibile;TOEE18200V@istruzione.it;Non Disponibile;VIA CARDINAL MASSAIA 113;TORINO;PIEMONTE;SI;scuola-aleramo-torino.it;True;7,6683552000000015;45,1026208;SCUOLA PRIMARIA;425
TOEE05602G;201617;NORD OVEST;10155,0;L219;TOEE05600D;"D.D. TORINO - ""SABIN""";SABIN - EX MARCHESA;NORMALE;TORINO;SCUOLA PRIMARIA;NO;Non Disponibile;TOEE05600D@istruzione.it;Non Disponibile;CORSO VERCELLI 141/8;TORINO;PIEMONTE;SI;www.ddsabin.it;True;7,692191399999999;45,09735879999999;SCUOLA PRIMARIA;227
TOMM073006;201617;NORD OVEST;10148,0;L219;TOMM073006;TORINO - VIAN;TORINO - VIAN;NORMALE;TORINO;SCUOLA PRIMO GRADO;SI;Non Disponibile;TOMM073006@istruzione.it;tomm073006@pec.istruzione.it;VIA STAMPINI 25;TORINO;PIEMONTE;SI;www.smsvian.it;True;7,6629065;45,109012799999995;SCUOLA SECONDARIA I GRADO;578
TOEE18201X;201617;NORD OVEST;10149,0;L219;TOEE18200V;"D.D. TORINO - ""ALERAMO""";D.D. ALERAMO;NORMALE;TORINO;SCUOLA PRIMARIA;NO;Non Disponibile;TOEE18200V@istruzione.it;Non Disponibile;VIA LEMIE 48;TORINO;PIEMONTE;SI;scuola-aleramo-torino.it;True;7,666371000000001;45,0961219;SCUOLA PRIMARIA;443
TOMM078009;201617;NORD OVEST;10155,0;L219;TOMM078009;TORINO - G. B. VIOTTI;TORINO - G. B. VIOTTI;NORMALE;TORINO;SCUOLA PRIMO GRADO;SI;Non Disponibile;TOMM078009@istruzione.it;tomm078009@pec.istruzione.it;C.SO VERCELLI 141/6;TORINO;PIEMONTE;SI;www.scuolaviottitorino.it;True;7,692191399999999;45,09735879999999;SCUOLA SECONDARIA I GRADO;717
TOTF013016;201617;NORD OVEST;10154,0;L219;TOIS01300N;BODONI - PARAVIA;BODONI - PARAVIA;NORMALE;TORINO;ISTITUTO TECNICO INDUSTRIALE;NO;Non Disponibile;TOIS01300N@istruzione.it;Non Disponibile;VIA PONCHIELLI56;TORINO;PIEMONTE;SI;www.bodoniparavia.it;True;7,7058793;45,08578789999999;SCUOLA SECONDARIA II GRADO;484
TOEE010015;201617;NORD OVEST;10148,0;L219;TOEE010004;"D.D. TORINO - ""PARRI""";PARRI - CAPPONI;NORMALE;TORINO;SCUOLA PRIMARIA;NO;Non Disponibile;TOEE010004@istruzione.it;Non Disponibile;VIA BADINI CONFALONIERI N. 74;TORINO;PIEMONTE;SI;www.scuola-parri-to.gov.it;True;7,657427;45,109574200000004;SCUOLA PRIMARIA;349
TOMM8A201P;201617;NORD OVEST;10127,0;L219;TOIC8A200N;I.C. TORINO - PEYRON;I.C. PEYRON - TORINO;NORMALE;TORINO;SCUOLA PRIMO GRADO;NO;Non Disponibile;TOIC8A200N@istruzione.it;Non Disponibile;VIA VALENZA 71;TORINO;PIEMONTE;SI;http\\www.icpeyron.gov.it;True;7,6678185;45,024535799999995;SCUOLA SECONDARIA I GRADO;431
TOEE05601E;201617;NORD OVEST;10155,0;L219;TOEE05600D;"D.D. TORINO - ""SABIN""";A. SABIN;NORMALE;TORINO;SCUOLA PRIMARIA;NO;Non Disponibile;TOEE05600D@istruzione.it;Non Disponibile;CORSO VERCELLI 157;TORINO;PIEMONTE;SI;www.ddsabin.it;True;7,6927694;45,0984465;SCUOLA PRIMARIA;371
TOMM882011;201617;NORD OVEST;10127,0;L219;TOIC88200X;I.C. TORINO - VIA SIDOLI;IC V.SIDOLI-V.PALMA CESNOLA-TO;NORMALE;TORINO;SCUOLA PRIMO GRADO;NO;Non Disponibile;TOIC88200X@istruzione.it;Non Disponibile;VIA PALMA DI CESNOLA 29;TORINO;PIEMONTE;SI;htt//www.icviasidoli.it;True;7,654042200000001;45,0231375;SCUOLA SECONDARIA I GRADO;158
TOEE8BD012;201617;NORD OVEST;10154,0;L219;TOIC8BD00X;I.C. ILARIA ALPI;I.C. ILARIA ALPI - PEROTTI;NORMALE;TORINO;SCUOLA PRIMARIA;NO;Non Disponibile;TOIC8BD00X@istruzione.it;Non Disponibile;VIA MERCADANTE 68/8;TORINO;PIEMONTE;SI;www.ddilariaalpi.altervista.gov/wordpress;True;7,700892100000001;45,0937721;SCUOLA PRIMARIA;536
TORC053013;201617;NORD OVEST;10121,0;L219;TOIS053004;I.I.S. V. BOSSO - A. MONTI;V. BOSSO - A. MONTI;NORMALE;TORINO;IST PROF PER I SERVIZI COMMERCIALI E TURISTICI;NO;Non Disponibile;TOIS053004@istruzione.it;Non Disponibile;VIA MEUCCI9;TORINO;PIEMONTE;SI;htpp//www.bossomonti.gov.it;True;7,6746310000000015;45,0698037;SCUOLA SECONDARIA II GRADO;716
TOTD05301A;201617;NORD OVEST;10121,0;L219;TOIS053004;I.I.S. V. BOSSO - A. MONTI;I.T. ECONOMICO IND. TURISMO V. BOSSO;NORMALE;TORINO;ISTITUTO TECNICO COMMERCIALE;NO;Non Disponibile;TOIS053004@istruzione.it;Non Disponibile;VIA MEUCCI 9;TORINO;PIEMONTE;SI;htpp//www.bossomonti.gov.it;True;7,6746310000000015;45,0698037;SCUOLA SECONDARIA II GRADO;355
TORI013019;201617;NORD OVEST;10154,0;L219;TOIS01300N;BODONI - PARAVIA;BODONI - PARAVIA;NORMALE;TORINO;IST PROF INDUSTRIA E ARTIGIANATO;NO;Non Disponibile;TOIS01300N@istruzione.it;Non Disponibile;VIA PONCHIELLI 56;TORINO;PIEMONTE;SI;www.bodoniparavia.it;True;7,7058793;45,08578789999999;SCUOLA SECONDARIA II GRADO;369
TOMM810013;201617;NORD OVEST;10151,0;L219;TOIC810002;"I.C. TORINO - ""D. M. TUROLDO""";I.C. D.M.TUROLDO - TORINO;NORMALE;TORINO;SCUOLA PRIMO GRADO;NO;Non Disponibile;TOIC810002@istruzione.it;Non Disponibile;VIA MAGNOGLIE 9;TORINO;PIEMONTE;SI;www.ic-turoldo.it;True;7,63333;45,10179;SCUOLA SECONDARIA I GRADO;192
TOEE8BD034;201617;NORD OVEST;10154,0;L219;TOIC8BD00X;I.C. ILARIA ALPI;I.C. ILARIA ALPI - D'ACQUISTO;NORMALE;TORINO;SCUOLA PRIMARIA;NO;Non Disponibile;TOIC8BD00X@istruzione.it;Non Disponibile;VIA TOLLEGNO 83;TORINO;PIEMONTE;SI;http//ddilariaalpi.altervista.org/wordpress/;True;7,7053699999999985;45,08811;SCUOLA PRIMARIA;105
TOEE882023;201617;NORD OVEST;10135,0;L219;TOIC88200X;I.C. TORINO - VIA SIDOLI;I.C. SIDOLI - VIA FLECCHIA;NORMALE;TORINO;SCUOLA PRIMARIA;NO;Non Disponibile;TOIC88200X@istruzione.it;Non Disponibile;VIA FLECCHIA10;TORINO;PIEMONTE;SI;htt//www.icviasidoli.it;True;7,6549788;45,023558799999996;SCUOLA PRIMARIA;185
TOMM8BD011;201617;NORD OVEST;10152,0;L219;TOIC8BD00X;I.C. ILARIA ALPI;I.C. ILARIA ALPI - CROCE;NORMALE;TORINO;SCUOLA PRIMO GRADO;NO;Non Disponibile;TOIC8BD00X@istruzione.it;Non Disponibile;CORSO NOVARA 26;TORINO;PIEMONTE;SI;http//share.dschola.it/alberti/ic/default.aspx;True;7,691585199999999;45,0869563;SCUOLA SECONDARIA I GRADO;212
TOEE882012;201617;NORD OVEST;10135,0;L219;TOIC88200X;I.C. TORINO - VIA SIDOLI;I.C. VIA SIDOLI - DOGLIOTTI;NORMALE;TORINO;SCUOLA PRIMARIA;NO;Non Disponibile;TOIC88200X@istruzione.it;Non Disponibile;VIA SIDOLI10;TORINO;PIEMONTE;SI;htt//www.icviasidoli.it;True;7,6466232000000005;45,027592999999996;SCUOLA PRIMARIA;209
TOEE8BD023;201617;NORD OVEST;10154,0;L219;TOIC8BD00X;I.C. ILARIA ALPI;I.C. ILARIA ALPI - DELEDDA;NORMALE;TORINO;SCUOLA PRIMARIA;NO;Non Disponibile;TOIC8BD00X@istruzione.it;Non Disponibile;VIA BOLOGNA 77;TORINO;PIEMONTE;SI;www.scuolaviacimarosa.it;True;7,697833399999999;45,0837003;SCUOLA PRIMARIA;254
TOEE873017;201617;NORD OVEST;10151,0;L219;TOIC873005;I.C. TORINO - P. GEMELLI;I.C. PADRE GEMELLI;NORMALE;TORINO;SCUOLA PRIMARIA;NO;Non Disponibile;TOIC873005@istruzione.it;Non Disponibile;CORSO LOMBARDIA 98;TORINO;PIEMONTE;SI;www.padregemelli.it;True;7,6472685;45,0960314;SCUOLA PRIMARIA;399
TOTD003019;201617;NORD OVEST;10137,0;L219;TOIS003003;I.I.S. E. MAJORANA;E. MAJORANA;NORMALE;TORINO;ISTITUTO TECNICO COMMERCIALE;NO;Non Disponibile;TOIS003003@istruzione.it;Non Disponibile;C.SO TAZZOLI209;TORINO;PIEMONTE;SI;www.majoranatorino.it;True;7,619885500000001;45,036472100000005;SCUOLA SECONDARIA II GRADO;222
TOTF051011;201617;NORD OVEST;10124,0;L219;TOIS05100C;I.I.S. A. AVOGADRO;A.AVOGADRO;NORMALE;TORINO;ISTITUTO TECNICO INDUSTRIALE;NO;Non Disponibile;TOIS05100C@istruzione.it;Non Disponibile;CORSO SAN MAURIZIO8;TORINO;PIEMONTE;SI;www.itisavogadro.it;True;7,692885199999999;45,071060700000004;SCUOLA SECONDARIA II GRADO;1029
TOEE8A101X;201617;NORD OVEST;10126,0;L219;TOIC8A100T;I.C. TORINO - VITT.DA FELTRE;I.C.VITT.DA FELTRE-PRIMARIA;NORMALE;TORINO;SCUOLA PRIMARIA;NO;Non Disponibile;TOIC8A100T@istruzione.it;Non Disponibile;VIA FINALMARINA 5;TORINO;PIEMONTE;SI;www.vittorinodafeltre.it;True;7,668425900000001;45,03277809999999;SCUOLA PRIMARIA;431
TOEE810014;201617;NORD OVEST;10151,0;L219;TOIC810002;"I.C. TORINO - ""D. M. TUROLDO""";I.C. D.M.TUROLDO-LEOPARDI;NORMALE;TORINO;SCUOLA PRIMARIA;NO;Non Disponibile;TOIC810002@istruzione.it;Non Disponibile;VIA DELLE VERBENE 6;TORINO;PIEMONTE;SI;www.ic-turoldo.it;True;7,6339776;45,10430729999999;SCUOLA PRIMARIA;189
TOEE011022;201617;NORD OVEST;10137,0;L219;TOEE01100X;"D.D. TORINO - ""CASALEGNO""";CASALEGNO-DON MILANI;NORMALE;TORINO;SCUOLA PRIMARIA;NO;Non Disponibile;TOEE01100X@istruzione.it;Non Disponibile;VIA SAN MARINO 107;TORINO;PIEMONTE;SI;http//www.ddcasalegno.gov.it;True;7,638562899999998;45,03990770000001;SCUOLA PRIMARIA;334
TOEE810025;201617;NORD OVEST;10151,0;L219;TOIC810002;"I.C. TORINO - ""D. M. TUROLDO""";I.C. D.M.TUROLDO-GIANELLI;NORMALE;TORINO;SCUOLA PRIMARIA;NO;Non Disponibile;TOIC810002@istruzione.it;Non Disponibile;VIALE MUGHETTI 29/1;TORINO;PIEMONTE;SI;www.ic-turoldo.it;True;7,627750000000002;45,10252999999999;SCUOLA PRIMARIA;145
TOEE02501V;201617;NORD OVEST;10137,0;L219;TOEE02500T;"D.D. TORINO - ""MAZZARELLO""";MAZZARELLO;NORMALE;TORINO;SCUOLA PRIMARIA;NO;Non Disponibile;TOEE02500T@istruzione.it;Non Disponibile;VIA COLLINO 12;TORINO;PIEMONTE;SI;www.francamazzarello.it;True;7,6231414000000015;45,039651;SCUOLA PRIMARIA;458
TOEE05101B;201617;NORD OVEST;10126,0;L219;TOEE05100A;"D.D. TORINO - ""PELLICO""";PELLICO;NORMALE;TORINO;SCUOLA PRIMARIA;NO;Non Disponibile;TOEE05100A@istruzione.it;Non Disponibile;VIA MADAMA CRISTINA 102;TORINO;PIEMONTE;SI;WEB.TISCALI.IT/CIRCOLOPELLICO/;True;7,67542;45,04707;SCUOLA PRIMARIA;465
TOEE025042;201617;NORD OVEST;10137,0;L219;TOEE02500T;"D.D. TORINO - ""MAZZARELLO""";MAZZARELLO-VIDARI;NORMALE;TORINO;SCUOLA PRIMARIA;NO;Non Disponibile;TOEE02500T@istruzione.it;Non Disponibile;VIA SAN REMO 46;TORINO;PIEMONTE;SI;http//www.francamazzarello.it;True;7,636837299999999;45,033936;SCUOLA PRIMARIA;112
TOMM87501T;201617;NORD OVEST;10153,0;L219;TOIC87500R;I.C. TORINO - MARCONI-ANTONELLI;I.C. MARCONI-ANTONELLI - TO;NORMALE;TORINO;SCUOLA PRIMO GRADO;NO;Non Disponibile;TOIC87500R@istruzione.it;Non Disponibile;VIA ASIGLIANO VERCELLESE 10;TORINO;PIEMONTE;SI;http//www.icmarconiantonelli.it;True;7,724150000000002;45,075759999999995;SCUOLA SECONDARIA I GRADO;271
TOEE02703L;201617;NORD OVEST;10156,0;L219;TOEE02700D;"D.D. TORINO - ""FRANK""";FRANK-GIACHINO;NORMALE;TORINO;SCUOLA PRIMARIA;NO;Non Disponibile;TOEE02700D@istruzione.it;Non Disponibile;VIA CAMPOBASSO 11;TORINO;PIEMONTE;SI;wwwannafrank.it;True;7,698720000000002;45,10837000000001;SCUOLA PRIMARIA;206
TOEE87501V;201617;NORD OVEST;10153,0;L219;TOIC87500R;I.C. TORINO - MARCONI-ANTONELLI;I.C. MARCONI ANTONELLI;NORMALE;TORINO;SCUOLA PRIMARIA;NO;Non Disponibile;TOIC87500R@istruzione.it;Non Disponibile;VIA VEZZOLANO 20;TORINO;PIEMONTE;SI;htt//icmarconiantonelli.it;True;7,7214474000000015;45,07229479999999;SCUOLA PRIMARIA;476
TOEE816013;201617;NORD OVEST;10142,0;L219;TOIC816001;"I.C. TORINO - ""KING-MILA""";PRIMARIA KING -DON MURIALDO;NORMALE;TORINO;SCUOLA PRIMARIA;NO;Non Disponibile;TOIC816001@istruzione.it;Non Disponibile;VIA DON MURIALDO 9/A;TORINO;PIEMONTE;SI;icking-to.it;True;7,610288600000001;45,0732974;SCUOLA PRIMARIA;144
TOMM28400A;201617;NORD OVEST;10121,0;L219;TOMM28400A;TORINO - VIA REVEL;TORINO - VIA REVEL;NORMALE;TORINO;SCUOLA PRIMO GRADO;SI;Non Disponibile;TOMM28400A@istruzione.it;tomm28400a@pec.istruzione.it;VIA REVEL 8;TORINO;PIEMONTE;SI;www.scuolarevel-meucci.it/;True;7,670025399999999;45,0690856;SCUOLA SECONDARIA I GRADO;881
TOEE02702G;201617;NORD OVEST;10155,0;L219;TOEE02700D;"D.D. TORINO - ""FRANK""";FRANK-XXV APRILE;NORMALE;TORINO;SCUOLA PRIMARIA;NO;Non Disponibile;TOEE02700D@istruzione.it;Non Disponibile;VIA CAVAGNOLO 35;TORINO;PIEMONTE;SI;wwwannafrank.it;True;7,7072341;45,116049600000004;SCUOLA PRIMARIA;123
TOMM286002;201617;NORD OVEST;10146,0;L219;TOMM286002;TORINO - DANTE ALIGHIERI;TORINO - DANTE ALIGHIERI;NORMALE;TORINO;SCUOLA PRIMO GRADO;SI;Non Disponibile;TOMM286002@istruzione.it;tomm286002@pec.istruzione.it;VIA PACCHIOTTI 80;TORINO;PIEMONTE;SI;dantealighieritorino.it;True;7,627599999999998;45,0783885;SCUOLA SECONDARIA I GRADO;1015
TOEE87602Q;201617;NORD OVEST;10153,0;L219;TOIC87600L;I.C. TORINO - VIA RICASOLI;I.C. VIA RICASOLI;NORMALE;TORINO;SCUOLA PRIMARIA;NO;Non Disponibile;TOIC87600L@istruzione.it;Non Disponibile;VIA RICASOLI 30;TORINO;PIEMONTE;SI;htt//www.ic-viaricasoli-torino.org;True;7,705285699999999;45,0719777;SCUOLA PRIMARIA;220
TOEE03401N;201617;NORD OVEST;10146,0;L219;TOEE03400L;CIRCOLO DIDATTICO J.KENNEDY;J.KENNEDY;NORMALE;TORINO;SCUOLA PRIMARIA;NO;Non Disponibile;TOEE03400L@istruzione.it;Non Disponibile;VIA PACCHIOTTI 102;TORINO;PIEMONTE;SI;www.scuola-kennedy.gov.it;True;7,624399899999998;45,07840239999999;SCUOLA PRIMARIA;545
TOEE87601P;201617;NORD OVEST;10124,0;L219;TOIC87600L;I.C. TORINO - VIA RICASOLI;I.C. VIA RICASOLI - FONTANA;NORMALE;TORINO;SCUOLA PRIMARIA;NO;Non Disponibile;TOIC87600L@istruzione.it;Non Disponibile;VIA BUNIVA 19;TORINO;PIEMONTE;SI;htt//ic-viaricasoli.org;True;7,698999099999999;45,0703719;SCUOLA PRIMARIA;289
TOMM87601N;201617;NORD OVEST;10153,0;L219;TOIC87600L;I.C. TORINO - VIA RICASOLI;I.C. VIA RICASOLI - TORINO;NORMALE;TORINO;SCUOLA PRIMO GRADO;NO;Non Disponibile;TOIC87600L@istruzione.it;Non Disponibile;VIA RICASOLI 15;TORINO;PIEMONTE;SI;htt//www.ic-viaricasoli-torino.org;True;7,7062365999999995;45,070428299999996;SCUOLA SECONDARIA I GRADO;276
TOEE04101R;201617;NORD OVEST;10136,0;L219;TOEE04100Q;"D.D. TORINO - ""MAZZINI""";MAZZINI;NORMALE;TORINO;SCUOLA PRIMARIA;NO;Non Disponibile;TOEE04100Q@istruzione.it;Non Disponibile;C.SO ORBASSANO155;TORINO;PIEMONTE;SI;http//www.ddmazzinitorino.gov.it/;True;7,6474205;45,0472342;SCUOLA PRIMARIA;356
TOMM28900D;201617;NORD OVEST;10137,0;L219;TOMM28900D;TORINO-C. ALVARO-A. MODIGLIANI;TORINO-C. ALVARO-A. MODIGLIANI;NORMALE;TORINO;SCUOLA PRIMO GRADO;SI;Non Disponibile;TOMM28900D@istruzione.it;tomm28900d@pec.istruzione.it;VIA BALLA 27;TORINO;PIEMONTE;SI;http//www.alvaro-modigliani.it;True;7,625404700000001;45,0477742;SCUOLA SECONDARIA I GRADO;717
TOMM81701T;201617;NORD OVEST;10144,0;L219;TOIC81700R;"I.C. TORINO - ""PACINOTTI""";I.C. PACINOTTI - TORINO;NORMALE;TORINO;SCUOLA PRIMO GRADO;NO;Non Disponibile;TOIC81700R@istruzione.it;Non Disponibile;VIA LE CHIUSE 80;TORINO;PIEMONTE;SI;www.icpacinotti.it;True;7,659809600000001;45,0810311;SCUOLA SECONDARIA I GRADO;228
TOPS05101V;201617;NORD OVEST;10124,0;L219;TOIS05100C;I.I.S. A. AVOGADRO;L.S. A. AVOGADRO;NORMALE;TORINO;LICEO SCIENTIFICO;NO;Non Disponibile;TOIS05100C@istruzione.it;Non Disponibile;C.SO SAN MAURIZIO 8;TORINO;PIEMONTE;SI;www.itisavogadro.it;True;7,692885199999999;45,071060700000004;SCUOLA SECONDARIA II GRADO;322
TOMM82001N;201617;NORD OVEST;10135,0;L219;TOIC82000L;"I.C. TORINO - ""SALVEMINI""";I.C. SALVEMINI - COLOMBO - TO;NORMALE;TORINO;SCUOLA PRIMO GRADO;NO;Non Disponibile;TOIC82000L@istruzione.it;Non Disponibile;PIAZZETTA L. JONA 5;TORINO;PIEMONTE;SI;http//www.ic-salvemini-torino.it;True;7,6145359;45,0197904;SCUOLA SECONDARIA I GRADO;404
TOEE88401N;201617;NORD OVEST;10139,0;L219;TOIC88400G;I.C. TORINO - CORSO RACCONIGI;I.C. RACCONIGI - CASATI;NORMALE;TORINO;SCUOLA PRIMARIA;NO;Non Disponibile;TOIC88400G@istruzione.it;Non Disponibile;CORSO RACCONIGI 31;TORINO;PIEMONTE;SI;http//www.icracconigi.gov.it/;True;7,647334;45,07158760000001;SCUOLA PRIMARIA;273
TOEE01401C;201617;NORD OVEST;10135,0;L219;TOEE01400B;"D.D. TORINO - ""COLLODI""";COLLODI;NORMALE;TORINO;SCUOLA PRIMARIA;NO;Non Disponibile;TOEE01400B@istruzione.it;Non Disponibile;CORSO B. CROCE 26;TORINO;PIEMONTE;SI;www.scuolaelementarecolloditorino.it;True;7,644738799999999;45,020516;SCUOLA PRIMARIA;603
TOEE04102T;201617;NORD OVEST;10137,0;L219;TOEE04100Q;"D.D. TORINO - ""MAZZINI""";MAZZINI-CHIOVINI;NORMALE;TORINO;SCUOLA PRIMARIA;NO;Non Disponibile;TOEE04100Q@istruzione.it;Non Disponibile;VIA BALTIMORA 76;TORINO;PIEMONTE;SI;http//www.ddmazzinitorino.gov.it/;True;7,640930300000001;45,04526329999999;SCUOLA PRIMARIA;234
TOEE88402P;201617;NORD OVEST;10139,0;L219;TOIC88400G;I.C. TORINO - CORSO RACCONIGI;I.C. RACCONIGI - BATTISTI;NORMALE;TORINO;SCUOLA PRIMARIA;NO;Non Disponibile;TOIC88400G@istruzione.it;Non Disponibile;VIA LUSERNA 14;TORINO;PIEMONTE;SI;http//www.icracconigi.gov.it/;True;7,6477659;45,0674125;SCUOLA PRIMARIA;236
TOEE8A202R;201617;NORD OVEST;10127,0;L219;TOIC8A200N;I.C. TORINO - PEYRON;I.C. TO PEYRON -V. VENTIMIGLIA;NORMALE;TORINO;SCUOLA PRIMARIA;NO;Non Disponibile;TOIC8A200N@istruzione.it;Non Disponibile;VIA VENTIMIGLIA 128;TORINO;PIEMONTE;SI;www.icpeyron.gov;True;7,668649999999999;45,02544;SCUOLA PRIMARIA;372
TOEE82001P;201617;NORD OVEST;10135,0;L219;TOIC82000L;"I.C. TORINO - ""SALVEMINI""";I.C. SALVEMINI;NORMALE;TORINO;SCUOLA PRIMARIA;NO;Non Disponibile;TOIC82000L@istruzione.it;Non Disponibile;VIA NEGARVILLE 30/6;TORINO;PIEMONTE;SI;http//www.ic-salvemini-torino.it;True;7,611720500000001;45,0209608;SCUOLA PRIMARIA;153
TOMM058004;201617;NORD OVEST;10141,0;L219;TOMM058004;TORINO - PEROTTI;TORINO - PEROTTI;NORMALE;TORINO;SCUOLA PRIMO GRADO;SI;Non Disponibile;TOMM058004@istruzione.it;tomm058004@pec.istruzione.it;VIA TOFANE 22;TORINO;PIEMONTE;SI;www.mediaperotti.it;True;7,634479600000001;45,0659141;SCUOLA SECONDARIA I GRADO;682
TOMM88401L;201617;NORD OVEST;10139,0;L219;TOIC88400G;I.C. TORINO - CORSO RACCONIGI;IC C.RACCONIGI-V.LUSERNA R. -TO;NORMALE;TORINO;SCUOLA PRIMO GRADO;NO;Non Disponibile;TOIC88400G@istruzione.it;Non Disponibile;VIA LUSERNA DI RORA' 14;TORINO;PIEMONTE;SI;htt//www.icracconigi.gov.it;True;7,6477659;45,0674125;SCUOLA SECONDARIA I GRADO;46
TOTD090008;201617;NORD OVEST;10129,0;L219;TOTD090008;ITC G. SOMMEILLER;ITC G. SOMMEILLER;NORMALE;TORINO;ISTITUTO TECNICO COMMERCIALE;SI;Non Disponibile;TOTD090008@istruzione.it;totd090008@pec.istruzione.it;CORSO DUCA DEGLI ABRUZZI 20;TORINO;PIEMONTE;SI;www.sommeiller.it;True;7,663079700000001;45,063705799999994;SCUOLA SECONDARIA II GRADO;694
TOMM00900V;201617;NORD OVEST;10137,0;L219;TOMM00900V;TORINO - CADUTI DI CEFALONIA;TORINO - CADUTI DI CEFALONIA;NORMALE;TORINO;SCUOLA PRIMO GRADO;SI;Non Disponibile;TOMM00900V@istruzione.it;tomm00900v@pec.istruzione.it;VIA BALTIMORA 110;TORINO;PIEMONTE;SI;www.cadutidicefalonia.gov.it;True;7,6387100000000006;45,04593;SCUOLA SECONDARIA I GRADO;851
TOEE82003R;201617;NORD OVEST;10135,0;L219;TOIC82000L;"I.C. TORINO - ""SALVEMINI""";I.C. SALVEMINI-PRIM. C. MIR;NORMALE;TORINO;SCUOLA PRIMARIA;NO;Non Disponibile;TOIC82000L@istruzione.it;Non Disponibile;STRADA CASTELLO MIRAFIORI 45;TORINO;PIEMONTE;SI;http//www.ic-salvemini-torino.it;True;7,629460000000001;45,01198;SCUOLA PRIMARIA;250
TOEE004041;201617;NORD OVEST;10147,0;L219;TOEE00400R;"D.D. TORINO - ""ALLIEVO""";ALLIEVO-FRANCHETTI;NORMALE;TORINO;SCUOLA PRIMARIA;NO;Non Disponibile;TOEE00400R@istruzione.it;Non Disponibile;VIA RANDACCIO 60;TORINO;PIEMONTE;SI;www.circolodidatticoallievotorino.gov.it;True;7,683380499999998;45,1003506;SCUOLA PRIMARIA;290
TOEE82002Q;201617;NORD OVEST;10135,0;L219;TOIC82000L;"I.C. TORINO - ""SALVEMINI""";I.C. SALVEMINI - ELSA MORANTE;NORMALE;TORINO;SCUOLA PRIMARIA;NO;Non Disponibile;TOIC82000L@istruzione.it;Non Disponibile;PIAZZETTA JONA 4;TORINO;PIEMONTE;SI;http//www.ic-salvemini-torino.it;True;7,61408;45,019740000000006;SCUOLA PRIMARIA;218
TOEE03402P;201617;NORD OVEST;10146,0;L219;TOEE03400L;CIRCOLO DIDATTICO J.KENNEDY;J.DEWEY;NORMALE;TORINO;SCUOLA PRIMARIA;NO;Non Disponibile;TOEE03400L@istruzione.it;Non Disponibile;VIA PASSONI 9;TORINO;PIEMONTE;SI;www.scuola-kennedy.gov.it;True;7,6182428;45,083063;SCUOLA PRIMARIA;242
TOTD290002;201617;NORD OVEST;10151,0;L219;TOTD290002;RUSSELL - MORO;RUSSELL - MORO;NORMALE;TORINO;ISTITUTO TECNICO COMMERCIALE;SI;Non Disponibile;TOTD290002@istruzione.it;totd290002@pec.istruzione.it;CORSO MOLISE 58;TORINO;PIEMONTE;SI;www.russell-moro.gov.it;True;7,638573299999999;45,1039344;SCUOLA SECONDARIA II GRADO;818
TOEE8A201Q;201617;NORD OVEST;10127,0;L219;TOIC8A200N;I.C. TORINO - PEYRON;I.C. TO PEYRON - RE UMBERTO;NORMALE;TORINO;SCUOLA PRIMARIA;NO;Non Disponibile;TOIC8A200N@istruzione.it;Non Disponibile;VIA NIZZA 395;TORINO;PIEMONTE;SI;www.icpeyron.gov.it;True;7,6622122999999975;45,018204100000005;SCUOLA PRIMARIA;172
TOTL02000C;201617;NORD OVEST;10152,0;L219;TOTL02000C;G. GUARINI;G. GUARINI;NORMALE;TORINO;ISTITUTO TECNICO PER GEOMETRI;SI;Non Disponibile;TOTL02000C@istruzione.it;totl02000c@pec.istruzione.it;VIA SALERNO 60;TORINO;PIEMONTE;SI;www.itgguarini.it;True;7,677486999999998;45,0848244;SCUOLA SECONDARIA II GRADO;346
TOMM808013;201617;NORD OVEST;10156,0;L219;TOIC808002;"I.C. TORINO - ""L. DA VINCI""";I.C. L. DA VINCI - TORINO;NORMALE;TORINO;SCUOLA PRIMO GRADO;NO;Non Disponibile;TOIC808002@istruzione.it;Non Disponibile;VIA DEGLI ABETI 13;TORINO;PIEMONTE;SI;www.leonardodavincitorino.net;True;7,70958;45,130759999999995;SCUOLA SECONDARIA I GRADO;578
TOTD067018;201617;NORD OVEST;10146,0;L219;TOIS067002;I.I.S. CURIE - LEVI;"I.T.S.S.E. ""C.LEVI""";NORMALE;TORINO;ISTITUTO TECNICO COMMERCIALE;NO;Non Disponibile;TOIS067002@istruzione.it;Non Disponibile;VIA MADONNA DE LA SALETTE 29;TORINO;PIEMONTE;SI;www.iiscurielevi.gov.it;True;7,617789999999999;45,07741;SCUOLA SECONDARIA II GRADO;469
TOMM00400Q;201617;NORD OVEST;10137,0;L219;TOMM00400Q;TORINO - ANTONELLI;TORINO - ANTONELLI;NORMALE;TORINO;SCUOLA PRIMO GRADO;SI;Non Disponibile;TOMM00400Q@istruzione.it;tomm00400q@pec.istruzione.it;VIA L. LANFRANCO 2 (EX V. FILADELFIA);TORINO;PIEMONTE;SI;www.mediantonelli.gov.it;True;7,644998500000002;45,0416342;SCUOLA SECONDARIA I GRADO;664
TOPS22000X;201617;NORD OVEST;10156,0;L219;TOPS22000X;GIORDANO BRUNO;GIORDANO BRUNO;NORMALE;TORINO;LICEO SCIENTIFICO;SI;Non Disponibile;TOPS22000X@istruzione.it;tops22000x@pec.istruzione.it;VIA MARINUZZI 1 - TORINO;TORINO;PIEMONTE;SI;www.gbruno.it;True;7,7073914000000014;45,118933;SCUOLA SECONDARIA II GRADO;807
TOPS05801N;201617;NORD OVEST;10139,0;L219;TOIS058007;I.I.S. SANTORRE DI SANTAROSA;LICEO S. SANTAROSA;NORMALE;TORINO;LICEO SCIENTIFICO;NO;Non Disponibile;TOIS058007@istruzione.it;Non Disponibile;C.SO PESCHIERA 230;TORINO;PIEMONTE;SI;www.santorre.it;True;7,641962899999998;45,0681326;SCUOLA SECONDARIA II GRADO;612
TOEE06403G;201617;NORD OVEST;10142,0;L219;TOEE06400C;"D.D. TORINO - ""TOSCANINI""";TOSCANINI-DAL PIAZ;NORMALE;TORINO;SCUOLA PRIMARIA;NO;Non Disponibile;TOEE06400C@istruzione.it;Non Disponibile;VIA D' ALBERTIS 22;TORINO;PIEMONTE;SI;WWW.DIREZIONEDIDATTICATOSCANINI.IT;True;7,630385499999999;45,0604604;SCUOLA PRIMARIA;341
TORC05401V;201617;NORD OVEST;10125,0;L219;TOIS05400X;I.I.S. C.I. GIULIO;IST.PROF. SERV. COMM. E SOC. C.I. GIULIO;NORMALE;TORINO;IST PROF PER I SERVIZI COMMERCIALI E TURISTICI;NO;Non Disponibile;TOIS05400X@istruzione.it;Non Disponibile;VIA G.BIDONE 11;TORINO;PIEMONTE;SI;www.istitutogiulio.it;True;7,6772984;45,052995700000004;SCUOLA SECONDARIA II GRADO;449
TOPS20000P;201617;NORD OVEST;10122,0;L219;TOPS20000P;UMBERTO I;UMBERTO I;ANNESSO A CONVITTO;TORINO;LICEO SCIENTIFICO;NO;Non Disponibile;TOPS20000P@istruzione.it;Non Disponibile;VIA BLIGNY 1 BIS;TORINO;PIEMONTE;SI;www.cnuto.gov.it;True;7,6759051;45,074912700000006;SCUOLA SECONDARIA II GRADO;652
TOEE06401D;201617;NORD OVEST;10141,0;L219;TOEE06400C;"D.D. TORINO - ""TOSCANINI""";TOSCANINI;NORMALE;TORINO;SCUOLA PRIMARIA;NO;Non Disponibile;TOEE06400C@istruzione.it;Non Disponibile;VIA TOFANE 28;TORINO;PIEMONTE;SI;WWW.DIREZIONEDIDATTICATOSCANINI.IT;True;7,633762000000001;45,0663197;SCUOLA PRIMARIA;477
TOTD054016;201617;NORD OVEST;10125,0;L219;TOIS05400X;I.I.S. C.I. GIULIO;I.T. ECONOMICO IND. TURISMO C.I. GIULIO;NORMALE;TORINO;ISTITUTO TECNICO COMMERCIALE;NO;Non Disponibile;TOIS05400X@istruzione.it;Non Disponibile;VIA BIDONE 11;TORINO;PIEMONTE;SI;www.istitutogiulio.it;True;7,6772984;45,052995700000004;SCUOLA SECONDARIA II GRADO;203
TOEE866025;201617;NORD OVEST;10127,0;L219;TOIC866002;"I.C. TORINO - ""CAIROLI""";IC CAIROLI - CAIROLI;NORMALE;TORINO;SCUOLA PRIMARIA;NO;Non Disponibile;TOIC866002@istruzione.it;Non Disponibile;VIA TORRAZZA PIEMONTE 10;TORINO;PIEMONTE;SI;www.scuolacairoli.it;True;7,656239999999999;45,01665999999999;SCUOLA PRIMARIA;214
TOEE01404G;201617;NORD OVEST;10135,0;L219;TOEE01400B;"D.D. TORINO - ""COLLODI""";COLLODI - RODARI;NORMALE;TORINO;SCUOLA PRIMARIA;NO;Non Disponibile;TOEE01400B@istruzione.it;Non Disponibile;VIA PIACENZA 16;TORINO;PIEMONTE;SI;www.scuolaelementarecolloditorino.it;True;7,646909399999999;45,0202391;SCUOLA PRIMARIA;492
TOTF14000A;201617;NORD OVEST;10148,0;L219;TOTF14000A;C. GRASSI;C. GRASSI;NORMALE;TORINO;ISTITUTO TECNICO INDUSTRIALE;SI;Non Disponibile;TOTF14000A@istruzione.it;totf14000a@pec.istruzione.it;VIA VERONESE 305;TORINO;PIEMONTE;SI;http//www.itisgrassi.it;True;7,661804099999999;45,111020200000006;SCUOLA SECONDARIA II GRADO;1068
TOEE011011;201617;NORD OVEST;10137,0;L219;TOEE01100X;"D.D. TORINO - ""CASALEGNO""";CASALEGNO;NORMALE;TORINO;SCUOLA PRIMARIA;NO;Non Disponibile;TOEE01100X@istruzione.it;Non Disponibile;VIA ACCIARINI 20;TORINO;PIEMONTE;SI;http//www.ddcasalegno.gov.it;True;7,641442899999999;45,0408812;SCUOLA PRIMARIA;459
TOPS270001;201617;NORD OVEST;10131,0;L219;TOPS270001;SC.INTERN.EUROPEA STAT.A.SPINELLI;SC.INTERN.EUROPEA STAT.A.SPINELLI;NORMALE;TORINO;LICEO SCIENTIFICO;SI;TOPS270001;TOPS270001@istruzione.it;tops270001@pec.istruzione.it;VIA FIGLIE DEI MILITARI 25;TORINO;PIEMONTE;SI;www.istitutoaltierospinelli.eu;True;7,709643499999999;45,0643227;SCUOLA SECONDARIA II GRADO;649
TOMM256006;201617;NORD OVEST;10149,0;L219;TOMM256006;TORINO - PIER GIORGIO FRASSATI;TORINO - PIER GIORGIO FRASSATI;NORMALE;TORINO;SCUOLA PRIMO GRADO;SI;Non Disponibile;TOMM256006@istruzione.it;tomm256006@pec.istruzione.it;VIA TIRABOSCHI 33;TORINO;PIEMONTE;SI;www.scuolafrassatitorino.gov.it;True;7,659627299999999;45,0976033;SCUOLA SECONDARIA I GRADO;648
TOEE866014;201617;NORD OVEST;10127,0;L219;TOIC866002;"I.C. TORINO - ""CAIROLI""";IC CAIROLI V. RISMONDO;NORMALE;TORINO;SCUOLA PRIMARIA;NO;Non Disponibile;TOIC866002@istruzione.it;Non Disponibile;VIA RISMONDO 68;TORINO;PIEMONTE;SI;www.scuolacairoli.it;True;7,6506599999999985;45,01325;SCUOLA PRIMARIA;137
TOEE808025;201617;NORD OVEST;10156,0;L219;TOIC808002;"I.C. TORINO - ""L. DA VINCI""";I.C. L.DA VINCI - AMBROSINI;NORMALE;TORINO;SCUOLA PRIMARIA;NO;Non Disponibile;TOIC808002@istruzione.it;Non Disponibile;VIA DEI PIOPPI 45;TORINO;PIEMONTE;SI;http//icleonardodavincitorino.it/index.html;True;7,712289999999999;45,12635;SCUOLA PRIMARIA;182
TORH04201T;201617;NORD OVEST;;L219;TOIS04200N;I.I.S. G. GIOLITTI;IP SERV ALB. E RIST. G. GIOLITTI;NORMALE;TORINO;IST PROF PER I SERVIZI ALBERGHIERI E RISTORAZIONE;NO;Non Disponibile;TOIS04200N@istruzione.it;Non Disponibile;VIA ALASSIO 20;TORINO;PIEMONTE;SI;www.istitutogiolitti.gov.it;True;7,668836700000001;45,03936909999999;SCUOLA SECONDARIA II GRADO;684
TOMM25400E;201617;NORD OVEST;10129,0;L219;TOMM25400E;TORINO - FOSCOLO;TORINO - FOSCOLO;NORMALE;TORINO;SCUOLA PRIMO GRADO;SI;Non Disponibile;TOMM25400E@istruzione.it;tomm25400e@pec.istruzione.it;VIA PIAZZI 57;TORINO;PIEMONTE;SI;http//www.scuolafoscolo.gov.it;True;7,658464500000001;45,0518284;SCUOLA SECONDARIA I GRADO;762
TOEE808014;201617;NORD OVEST;10156,0;L219;TOIC808002;"I.C. TORINO - ""L. DA VINCI""";I.C. L.DA VINCI - NERUDA;NORMALE;TORINO;SCUOLA PRIMARIA;NO;Non Disponibile;TOIC808002@istruzione.it;Non Disponibile;VIA ABETI 13;TORINO;PIEMONTE;SI;http//icleonardodavincitorino.it/index.html;True;7,70958;45,130759999999995;SCUOLA PRIMARIA;106
TOPM120004;201617;NORD OVEST;10138,0;L219;TOPM120004;D.BERTI;D.BERTI;NORMALE;TORINO;ISTITUTO MAGISTRALE;SI;Non Disponibile;TOPM120004@istruzione.it;topm120004@pec.istruzione.it;VIA DUCHESSA JOLANDA 27 BIS;TORINO;PIEMONTE;SI;http//www.liceoberti.gov.it;True;7,6580495;45,07537620000001;SCUOLA SECONDARIA II GRADO;1273
TOMM866013;201617;NORD OVEST;10127,0;L219;TOIC866002;"I.C. TORINO - ""CAIROLI""";I.C. CAIROLI-VIA TORRAZZA P.TE;NORMALE;TORINO;SCUOLA PRIMO GRADO;NO;Non Disponibile;TOIC866002@istruzione.it;Non Disponibile;VIA TORRAZZA P.TE N. 10;TORINO;PIEMONTE;SI;www.scuolacairoli.it;True;7,656239999999999;45,01665999999999;SCUOLA SECONDARIA I GRADO;162
TOEE024024;201617;NORD OVEST;10146,0;L219;TOEE024002;"D.D. TORINO - ""DUCA D'AOSTA""";DUCA D'AOSTA-ARMSTRONG;NORMALE;TORINO;SCUOLA PRIMARIA;NO;Non Disponibile;TOEE024002@istruzione.it;Non Disponibile;CORSO MONTE GRAPPA 81;TORINO;PIEMONTE;SI;www.ddducadaosta.it;True;7,6386715;45,0830834;SCUOLA PRIMARIA;267
TOTD04201X;201617;NORD OVEST;10126,0;L219;TOIS04200N;I.I.S. G. GIOLITTI;I.T. TURISTICO IND. TURISMO G. GIOLITTI;NORMALE;TORINO;ISTITUTO TECNICO COMMERCIALE;NO;Non Disponibile;TOIS04200N@istruzione.it;Non Disponibile;VIA ALASSIO 20;TORINO;PIEMONTE;SI;www.istitutogiolitti.org;True;7,668836700000001;45,03936909999999;SCUOLA SECONDARIA II GRADO;187
TOTF048015;201617;NORD OVEST;10148,0;L219;TOIS04800L;I.I.S. R. ZERBONI;R. ZERBONI;NORMALE;TORINO;ISTITUTO TECNICO INDUSTRIALE;NO;Non Disponibile;TOIS04800L@istruzione.it;Non Disponibile;VIA P. DELLA CELLA 3;TORINO;PIEMONTE;SI;IISZerboni;True;7,6786275999999996;45,1048777;SCUOLA SECONDARIA II GRADO;249
TOEE01805X;201617;NORD OVEST;10133,0;L219;TOEE01800P;"D.D. TORINO - ""D'AZEGLIO""";D'AZEGLIO-DON BOSCO;NORMALE;TORINO;SCUOLA PRIMARIA;NO;Non Disponibile;TOEE01800P@istruzione.it;Non Disponibile;VIA MANARA 10;TORINO;PIEMONTE;SI;www.scuolarobertodazeglio.gov.it;True;7,693811800000001;45,0561319;SCUOLA PRIMARIA;124
TOPM050003;201617;NORD OVEST;10125,0;L219;TOPM050003;REGINA MARGHERITA;REGINA MARGHERITA;NORMALE;TORINO;ISTITUTO MAGISTRALE;SI;Non Disponibile;TOPM050003@istruzione.it;topm050003@pec.istruzione.it;VIA VALPERGA CALUSO 12;TORINO;PIEMONTE;SI;www.istitutoreginamargherita.it;True;7,6774461999999986;45,05344669999999;SCUOLA SECONDARIA II GRADO;1546
TOEE024013;201617;NORD OVEST;10146,0;L219;TOEE024002;"D.D. TORINO - ""DUCA D'AOSTA""";DUCA D'AOSTA;NORMALE;TORINO;SCUOLA PRIMARIA;NO;Non Disponibile;TOEE024002@istruzione.it;Non Disponibile;VIA CAPELLI 51;TORINO;PIEMONTE;SI;www.ddducadaosta.it;True;7,633754700000001;45,079577;SCUOLA PRIMARIA;387
TOEE815017;201617;NORD OVEST;10123,0;L219;TOIC815005;"I.C. TORINO - ""TOMMASEO""";I.C. TOMMASEO;NORMALE;TORINO;SCUOLA PRIMARIA;NO;Non Disponibile;TOIC815005@istruzione.it;Non Disponibile;VIA DEI MILLE 15;TORINO;PIEMONTE;SI;www.tommaseo.it;True;7,688244199999999;45,06243629999999;SCUOLA PRIMARIA;504
TOEE01801Q;201617;NORD OVEST;10131,0;L219;TOEE01800P;"D.D. TORINO - ""D'AZEGLIO""";D'AZEGLIO;NORMALE;TORINO;SCUOLA PRIMARIA;NO;Non Disponibile;TOEE01800P@istruzione.it;Non Disponibile;VIA SANTORRE DI SANTAROSA11;TORINO;PIEMONTE;SI;www.scuolarobertodazeglio.gov.it;True;7,7015723;45,06248009999999;SCUOLA PRIMARIA;336
TOPS020006;201617;NORD OVEST;10122,0;L219;TOPS020006;A. VOLTA;A. VOLTA;NORMALE;TORINO;LICEO SCIENTIFICO;SI;Non Disponibile;TOPS020006@istruzione.it;tops020006@pec.istruzione.it;VIA JUVARRA 14;TORINO;PIEMONTE;SI;www.liceovoltatorino.it;True;7,6719624999999985;45,0741456;SCUOLA SECONDARIA II GRADO;999
TOMM80501G;201617;NORD OVEST;10156,0;L219;TOIC80500E;"I.C. TORINO - ""CENA""";I.C.CENA-MARTIRI MARTINETTO-TO;NORMALE;TORINO;SCUOLA PRIMO GRADO;NO;Non Disponibile;TOIC80500E@istruzione.it;Non Disponibile;STRADA S. MAURO 24;TORINO;PIEMONTE;SI;share.dschola.it/cenatorino/default.aspx;True;7,7259750999999985;45,09965589999999;SCUOLA SECONDARIA I GRADO;180
TOTE058011;201617;NORD OVEST;10139,0;L219;TOIS058007;I.I.S. SANTORRE DI SANTAROSA;SANTORRE DI SANTAROSA;NORMALE;TORINO;ISTITUTO TECNICO PER ATTIVITA' SOCIALI (GIA' ITF);NO;Non Disponibile;TOIS058007@istruzione.it;Non Disponibile;CORSO PESCHIERA 230;TORINO;PIEMONTE;SI;www.santorre.it;True;7,641962899999998;45,0681326;SCUOLA SECONDARIA II GRADO;464
TOEE018061;201617;NORD OVEST;10131,0;L219;TOEE01800P;"D.D. TORINO - ""D'AZEGLIO""";D'AZEGLIO- SAN GIACOMO;NORMALE;TORINO;SCUOLA PRIMARIA;NO;Non Disponibile;TOEE01800P@istruzione.it;Non Disponibile;STRADA SAN VINCENZO 44;TORINO;PIEMONTE;SI;www.scuolarobertodazeglio.gov.it;True;7,715786099999999;45,0470677;SCUOLA PRIMARIA;79
TOEE024035;201617;NORD OVEST;10146,0;L219;TOEE024002;"D.D. TORINO - ""DUCA D'AOSTA""";DUCA D'AOSTA - CALVINO;NORMALE;TORINO;SCUOLA PRIMARIA;NO;Non Disponibile;TOEE024002@istruzione.it;Non Disponibile;VIA ZUMAGLIA 41;TORINO;PIEMONTE;SI;www.ddducadaosta.it;True;7,643697099999999;45,08028729999999;SCUOLA PRIMARIA;201
TORI048018;201617;NORD OVEST;10148,0;L219;TOIS04800L;I.I.S. R. ZERBONI;R. ZERBONI;NORMALE;TORINO;IST PROF INDUSTRIA E ARTIGIANATO;NO;Non Disponibile;TOIS04800L@istruzione.it;Non Disponibile;VIA P. DELLA CELLA 3;TORINO;PIEMONTE;SI;www.iiszerboni.it;True;7,6786275999999996;45,1048777;SCUOLA SECONDARIA II GRADO;290
TOEE816035;201617;NORD OVEST;10141,0;L219;TOIC816001;"I.C. TORINO - ""KING-MILA""";PRIMARIA R. AGAZZI-V.CHAMBERY;NORMALE;TORINO;SCUOLA PRIMARIA;NO;Non Disponibile;TOIC816001@istruzione.it;Non Disponibile;VIA CHAMBERY 33;TORINO;PIEMONTE;SI;icking-to.gov.it;True;7,620199299999999;45,069156;SCUOLA PRIMARIA;181
TOTF043012;201617;NORD OVEST;10135,0;L219;TOIS04300D;I.I.S. PRIMO LEVI;ISTITUTO TECNICO PRIMO LEVI;NORMALE;TORINO;ISTITUTO TECNICO INDUSTRIALE;NO;Non Disponibile;TOIS04300D@istruzione.it;Non Disponibile;CORSO UNIONE SOVIETICA 490;TORINO;PIEMONTE;SI;www.iisprimolevi.it;True;7,6306929000000006;45,01923729999999;SCUOLA SECONDARIA II GRADO;365
TOEE873028;201617;NORD OVEST;10149,0;L219;TOIC873005;I.C. TORINO - P. GEMELLI;I.C.PADRE GEMELLI-MARGH.SAVOIA;NORMALE;TORINO;SCUOLA PRIMARIA;NO;Non Disponibile;TOIC873005@istruzione.it;Non Disponibile;VIA THOUAR 2;TORINO;PIEMONTE;SI;www.padregemelli.it;True;7,655966499999999;45,091593599999996;SCUOLA PRIMARIA;328
TOMM873016;201617;NORD OVEST;10149,0;L219;TOIC873005;I.C. TORINO - P. GEMELLI;I.C. PADRE GEMELLI - POLA - TO;NORMALE;TORINO;SCUOLA PRIMO GRADO;NO;Non Disponibile;TOIC873005@istruzione.it;Non Disponibile;VIA FOGLIZZO 15;TORINO;PIEMONTE;SI;www.padregemelli.it;True;7,648635700000002;45,0964797;SCUOLA SECONDARIA I GRADO;248
TOEE816024;201617;NORD OVEST;10142,0;L219;TOIC816001;"I.C. TORINO - ""KING-MILA""";PRIMARIA KING -C.SO FRANCIA;NORMALE;TORINO;SCUOLA PRIMARIA;NO;Non Disponibile;TOIC816001@istruzione.it;Non Disponibile;C.SO FRANCIA 377;TORINO;PIEMONTE;SI;icking-to.it;True;7,6094761;45,0739145;SCUOLA PRIMARIA;203
TOEE02701E;201617;NORD OVEST;10155,0;L219;TOEE02700D;"D.D. TORINO - ""FRANK""";FRANK;NORMALE;TORINO;SCUOLA PRIMARIA;NO;Non Disponibile;TOEE02700D@istruzione.it;Non Disponibile;VIA VALLAURI 24;TORINO;PIEMONTE;SI;wwwannafrank.it;True;7,6980100999999985;45,1045934;SCUOLA PRIMARIA;237
TOMM87701D;201617;NORD OVEST;10152,0;L219;TOIC87700C;I.C. TORINO - REGIO PARCO;I.C. REGIO PARCO-MESSINA/PESARO;NORMALE;TORINO;SCUOLA PRIMO GRADO;NO;Non Disponibile;TOIC87700C@istruzione.it;Non Disponibile;VIA MESSINA 14;TORINO;PIEMONTE;SI;www.icregioparco.gov.it;True;7,6947427;45,07626519999999;SCUOLA SECONDARIA I GRADO;266
TOMM816012;201617;NORD OVEST;10142,0;L219;TOIC816001;"I.C. TORINO - ""KING-MILA""";I.C. KING -MILA - TORINO;NORMALE;TORINO;SCUOLA PRIMO GRADO;NO;Non Disponibile;TOIC816001@istruzione.it;Non Disponibile;VIA GERMONIO 12;TORINO;PIEMONTE;SI;icking-to.gov.it;True;7,6117351;45,066855;SCUOLA SECONDARIA I GRADO;276
TOEE80503P;201617;NORD OVEST;10156,0;L219;TOIC80500E;"I.C. TORINO - ""CENA""";I.C. CENA - PIETRO MICCA;NORMALE;TORINO;SCUOLA PRIMARIA;NO;Non Disponibile;TOIC80500E@istruzione.it;Non Disponibile;STRADA BERTOLLA 50;TORINO;PIEMONTE;SI;share.dschola.it/cenatorino/default.aspx;True;7,743989999999999;45,10002;SCUOLA PRIMARIA;121
TOPS04301X;201617;NORD OVEST;10135,0;L219;TOIS04300D;I.I.S. PRIMO LEVI;LICEO SCIENTIFICO PRIMO LEVI;NORMALE;TORINO;LICEO SCIENTIFICO;NO;Non Disponibile;TOIS04300D@istruzione.it;Non Disponibile;C.SO UNIONE SOVIETICA 490;TORINO;PIEMONTE;SI;www.iisprimolevi.it;True;7,6306929000000006;45,01923729999999;SCUOLA SECONDARIA II GRADO;437
TORI06601T;201617;NORD OVEST;10131,0;L219;TOIS066006;A. GOBETTI MARCHESINI - CASALE - ARDUINO;A. GOBETTI MARCHESINI;NORMALE;TORINO;IST PROF INDUSTRIA E ARTIGIANATO;NO;Non Disponibile;TOIS066006@istruzione.it;Non Disponibile;VIA FIGLIE MILITARI 27;TORINO;PIEMONTE;SI;www.gmca.gov.it;True;7,710037199999999;45,063976399999994;SCUOLA SECONDARIA II GRADO;250
TOEE061034;201617;NORD OVEST;10136,0;L219;TOEE061001;"D.D. TORINO - ""SINIGAGLIA""";SINIGAGLIA-MONTALE;NORMALE;TORINO;SCUOLA PRIMARIA;NO;Non Disponibile;TOEE061001@istruzione.it;Non Disponibile;VIA A. NEGRI 21;TORINO;PIEMONTE;SI;http//share.dschola.it/sinigaglia;True;7,6410007;45,0519768;SCUOLA PRIMARIA;108
TOPS120003;201617;NORD OVEST;10146,0;L219;TOPS120003;C. CATTANEO;C. CATTANEO;NORMALE;TORINO;LICEO SCIENTIFICO;SI;Non Disponibile;TOPS120003@istruzione.it;tops120003@pec.istruzione.it;VIA SOSTEGNO41/10;TORINO;PIEMONTE;SI;www.liceocarlocattaneotorino.it;True;7,617693800000001;45,078421899999995;SCUOLA SECONDARIA II GRADO;1514
TOMM25900N;201617;NORD OVEST;10133,0;L219;TOMM25900N;TORINO - NIEVO - MATTEOTTI;TORINO - NIEVO - MATTEOTTI;NORMALE;TORINO;SCUOLA PRIMO GRADO;SI;Non Disponibile;TOMM25900N@istruzione.it;tomm25900n@pec.istruzione.it;VIA MENTANA 14;TORINO;PIEMONTE;SI;http//www.nievomatteotti.gov.it;True;7,6934845;45,05531930000001;SCUOLA SECONDARIA I GRADO;1113
TOEE87702G;201617;NORD OVEST;10152,0;L219;TOIC87700C;I.C. TORINO - REGIO PARCO;I.C. REGIO PARCO-V.FIOCHETTO;NORMALE;TORINO;SCUOLA PRIMARIA;NO;Non Disponibile;TOIC87700C@istruzione.it;Non Disponibile;VIA FIOCHETTO 29;TORINO;PIEMONTE;SI;www.icregioparco.gov.it;True;7,688963699999999;45,075957;SCUOLA PRIMARIA;90
TOEE061012;201617;NORD OVEST;10137,0;L219;TOEE061001;"D.D. TORINO - ""SINIGAGLIA""";SINIGAGLIA;NORMALE;TORINO;SCUOLA PRIMARIA;NO;Non Disponibile;TOEE061001@istruzione.it;Non Disponibile;CORSO SEBASTOPOLI 258;TORINO;PIEMONTE;SI;http//share.dschola.it/sinigaglia;True;7,637331799999999;45,0481181;SCUOLA PRIMARIA;452
TOMM257002;201617;NORD OVEST;10154,0;L219;TOMM257002;TORINO- NORBERTO BOBBIO;TORINO- NORBERTO BOBBIO;NORMALE;TORINO;SCUOLA PRIMO GRADO;SI;Non Disponibile;TOMM257002@istruzione.it;tomm257002@pec.istruzione.it;VIA SANTHIA' 76;TORINO;PIEMONTE;SI;http//share.dschola.it/viasanthia/;True;7,69918;45,09453;SCUOLA SECONDARIA I GRADO;772
TOEE045025;201617;NORD OVEST;10154,0;L219;TOEE045003;"D.D. TORINO - ""NOVARO""";NOVARO;NORMALE;TORINO;SCUOLA PRIMARIA;NO;Non Disponibile;TOEE045003@istruzione.it;Non Disponibile;VIA CORELLI 4;TORINO;PIEMONTE;SI;www.ddnovaro.gov.it;True;7,708641600000001;45,093787;SCUOLA PRIMARIA;258
TOEE8A0014;201617;NORD OVEST;10143,0;L219;TOIC8A0002;I.C. TORINO - NIGRA;I.C. - NIGRA TORINO - GAMBARO;NORMALE;TORINO;SCUOLA PRIMARIA;NO;Non Disponibile;TOIC8A0002@istruzione.it;Non Disponibile;VIA TALUCCHI 19;TORINO;PIEMONTE;SI;www.nigra-to.it;True;7,660380999999999;45,077755100000005;SCUOLA PRIMARIA;513
TOMM26100N;201617;NORD OVEST;10135,0;L219;TOMM26100N;TORINO - PIERO CALAMANDREI;TORINO - PIERO CALAMANDREI;NORMALE;TORINO;SCUOLA PRIMO GRADO;SI;Non Disponibile;TOMM26100N@istruzione.it;tomm26100n@pec.istruzione.it;CORSO B. CROCE 17;TORINO;PIEMONTE;SI;www.scuolacalamandrei.gov.it;True;7,647124799999999;45,0210742;SCUOLA SECONDARIA I GRADO;846
TOEE87703L;201617;NORD OVEST;10152,0;L219;TOIC87700C;I.C. TORINO - REGIO PARCO;I.C. REGIO PARCO-DE AMICIS;NORMALE;TORINO;SCUOLA PRIMARIA;NO;Non Disponibile;TOIC87700C@istruzione.it;Non Disponibile;VIA MASSERANO 4;TORINO;PIEMONTE;SI;www.icregioparco.gov.it;True;7,673247900000001;45,0806396;SCUOLA PRIMARIA;223
TOEE045047;201617;NORD OVEST;10154,0;L219;TOEE045003;"D.D. TORINO - ""NOVARO""";NOVARO - ABBA;NORMALE;TORINO;SCUOLA PRIMARIA;NO;Non Disponibile;TOEE045003@istruzione.it;Non Disponibile;PIAZZA ABBA 13;TORINO;PIEMONTE;SI;www.ddnovaro.gov.it;True;7,714374599999998;45,091238700000005;SCUOLA PRIMARIA;216
TOTD06602D;201617;NORD OVEST;10131,0;L219;TOIS066006;A. GOBETTI MARCHESINI - CASALE - ARDUINO;ARDUINO;NORMALE;TORINO;ISTITUTO TECNICO COMMERCIALE;NO;Non Disponibile;TOIS066006@istruzione.it;Non Disponibile;VIA FIGLIE DEI MILITARI 25;TORINO;PIEMONTE;SI;www.gmca.gov.it;True;7,709643499999999;45,0643227;SCUOLA SECONDARIA II GRADO;331
TOEE05106L;201617;NORD OVEST;10133,0;L219;TOEE05100A;"D.D. TORINO - ""PELLICO""";PELLICO - FIOCCARDO;NORMALE;TORINO;SCUOLA PRIMARIA;NO;Non Disponibile;TOEE05100A@istruzione.it;Non Disponibile;CORSO MONCALIERI 400;TORINO;PIEMONTE;SI;WEB.TISCALI.IT/CIRCOLOPELLICO/;True;7,675235300000001;45,023996600000004;SCUOLA PRIMARIA;75
TOPS04000B;201617;NORD OVEST;10129,0;L219;TOPS04000B;G. FERRARIS;G. FERRARIS;NORMALE;TORINO;LICEO SCIENTIFICO;SI;Non Disponibile;TOPS04000B@istruzione.it;tops04000b@pec.istruzione.it;C.SO MONTEVECCHIO 67;TORINO;PIEMONTE;SI;http//www.liceogalfer.it;True;7,662574799999999;45,0643711;SCUOLA SECONDARIA II GRADO;1453
TOEE045036;201617;NORD OVEST;10154,0;L219;TOEE045003;"D.D. TORINO - ""NOVARO""";NOVARO - C.LEVI;NORMALE;TORINO;SCUOLA PRIMARIA;NO;Non Disponibile;TOEE045003@istruzione.it;Non Disponibile;VIA MONTEROSA 165;TORINO;PIEMONTE;SI;www.ddnovaro.gov.it;True;7,7009791;45,0998388;SCUOLA PRIMARIA;337
TOTF047019;201617;NORD OVEST;10137,0;L219;TOIS04700R;I.I.S. GALILEI - FERRARI;E. FERRARI;NORMALE;TORINO;ISTITUTO TECNICO INDUSTRIALE;NO;Non Disponibile;TOIS04700R@istruzione.it;Non Disponibile;VIA GAIDANO 126;TORINO;PIEMONTE;SI;www.galileiferrari.it;True;7,6219722999999995;45,04241649999999;SCUOLA SECONDARIA II GRADO;240
TOTF06601P;201617;NORD OVEST;10152,0;L219;TOIS066006;A. GOBETTI MARCHESINI - CASALE - ARDUINO;L. CASALE;NORMALE;TORINO;ISTITUTO TECNICO INDUSTRIALE;NO;Non Disponibile;TOIS066006@istruzione.it;Non Disponibile;VIA ROVIGO19;TORINO;PIEMONTE;SI;www.gmca.gov.it;True;7,67829;45,08412999999999;SCUOLA SECONDARIA II GRADO;557
TOSL020003;201617;NORD OVEST;10136,0;L219;TOSL020003;"LICEO ARTISTICO STATALE""R.COTTINI""";"LICEO ARTISTICO STATALE""R.COTTINI""";NORMALE;TORINO;LICEO ARTISTICO;SI;Non Disponibile;TOSL020003@istruzione.it;tosl020003@pec.istruzione.it;VIA CASTELGOMBERTO2O;TORINO;PIEMONTE;SI;www.liceocottini.it;True;7,632028900000001;45,04186780000001;SCUOLA SECONDARIA II GRADO;892
TOMM8A0013;201617;NORD OVEST;10143,0;L219;TOIC8A0002;I.C. TORINO - NIGRA;I.C. NIGRA - TORINO;NORMALE;TORINO;SCUOLA PRIMO GRADO;NO;Non Disponibile;TOIC8A0002@istruzione.it;Non Disponibile;VIA BIANZE' 7;TORINO;PIEMONTE;SI;www.icnigra.it;True;7,6547966;45,0780131;SCUOLA SECONDARIA I GRADO;973
TOSL01001D;201617;NORD OVEST;10149,0;L219;TOSL01000C;LICEO ARTISTICO PRIMO;CASA CIRCONDARIALE LORUSSO-COTUGNO;SPEC. PER CARCERARI;TORINO;LICEO ARTISTICO;NO;Non Disponibile;TOSL01000C@istruzione.it;Non Disponibile;VIA ADELAIDE AGLIETTA 35;TORINO;PIEMONTE;SI;www.primoart.it;True;7,6206494000000005;45,101504;SCUOLA SECONDARIA II GRADO;33
TOMM8A101V;201617;NORD OVEST;10126,0;L219;TOIC8A100T;I.C. TORINO - VITT.DA FELTRE;I.C. VITT. DA FELTRE-FERMI - TO;NORMALE;TORINO;SCUOLA PRIMO GRADO;NO;Non Disponibile;TOIC8A100T@istruzione.it;Non Disponibile;PIAZZA GIACOMINI 24;TORINO;PIEMONTE;SI;www.vittorinodafeltre.it;True;7,670089999999999;45,03387;SCUOLA SECONDARIA I GRADO;174
TOEE879016;201617;NORD OVEST;10147,0;L219;TOIC879004;I.C. TORINO - VIVALDI-MURIALDO;SCUOLA PRIMARIA DON MURIALDO;NORMALE;TORINO;SCUOLA PRIMARIA;NO;Non Disponibile;TOIC879004@istruzione.it;Non Disponibile;VIA CASTELDELFINO 30;TORINO;PIEMONTE;SI;www.vivaldi-murialdo.it;True;7,6725463000000005;45,1010479;SCUOLA PRIMARIA;448
TOEE05104E;201617;NORD OVEST;10133,0;L219;TOEE05100A;"D.D. TORINO - ""PELLICO""";PELLICO - PARATO;NORMALE;TORINO;SCUOLA PRIMARIA;NO;Non Disponibile;TOEE05100A@istruzione.it;Non Disponibile;VIA AQUILEIA 8;TORINO;PIEMONTE;SI;WEB.TISCALI.IT/CIRCOLOPELLICO/;True;7,682525900000001;45,04115410000001;SCUOLA PRIMARIA;234
TORI030024;201617;NORD OVEST;10100,0;L219;TORI030002;G. PLANA;CASA CIRCONDARIALE LO RUSSO E COTUGNO;SPEC. PER CARCERARI;TORINO;IST PROF INDUSTRIA E ARTIGIANATO;NO;Non Disponibile;TORI030002@istruzione.it;Non Disponibile;VIA PIANEZZA 100;TORINO;PIEMONTE;SI;www.ipiaplana.it;True;7,650256799999998;45,0944002;SCUOLA SECONDARIA II GRADO;94
TOSL01000C;201617;NORD OVEST;10153,0;L219;TOSL01000C;LICEO ARTISTICO PRIMO;LICEO ARTISTICO PRIMO;NORMALE;TORINO;LICEO ARTISTICO;SI;Non Disponibile;TOSL01000C@istruzione.it;tosl01000c@pec.istruzione.it;VIA CARCANO 31;TORINO;PIEMONTE;SI;www.primoart.it;True;7,7170509;45,07721420000001;SCUOLA SECONDARIA II GRADO;681
TOEE05102C;201617;NORD OVEST;10133,0;L219;TOEE05100A;"D.D. TORINO - ""PELLICO""";PELLICO-BALBIS GARRONE;NORMALE;TORINO;SCUOLA PRIMARIA;NO;Non Disponibile;TOEE05100A@istruzione.it;Non Disponibile;VIA NUOVA 2;TORINO;PIEMONTE;SI;WEB.TISCALI.IT/CIRCOLOPELLICO/;True;7,6879165999999985;45,02970699999999;SCUOLA PRIMARIA;99
TOEE06503B;201617;NORD OVEST;10141,0;L219;TOEE065008;"D.D. TORINO - ""SALGARI""";SALGARI;NORMALE;TORINO;SCUOLA PRIMARIA;NO;Non Disponibile;TOEE065008@istruzione.it;Non Disponibile;VIA LUSSIMPICCOLO 36/A;TORINO;PIEMONTE;SI;http//share.dschola.it/salgari;True;7,645229400000001;45,055874200000005;SCUOLA PRIMARIA;324
TOEE8BE02V;201617;NORD OVEST;10152,0;L219;TOIC8BE00Q;I.C. TORINO II;I.C. TORINO II-AURORA;NORMALE;TORINO;SCUOLA PRIMARIA;NO;Non Disponibile;TOIC8BE00Q@istruzione.it;Non Disponibile;VIA ANTONIO CECCHI 16;TORINO;PIEMONTE;SI;www.ictorino2.gov.it;True;7,683275600000001;45,08542509999999;SCUOLA PRIMARIA;320
TORI04000L;201617;NORD OVEST;10154,0;L219;TORI04000L;IPSIA DALMAZIO BIRAGO;IPSIA DALMAZIO BIRAGO;NORMALE;TORINO;IST PROF INDUSTRIA E ARTIGIANATO;SI;Non Disponibile;TORI04000L@istruzione.it;tori04000l@pec.istruzione.it;CORSO NOVARA65;TORINO;PIEMONTE;SI;www.ipsiabirago.it;True;7,697218899999998;45,084002000000005;SCUOLA SECONDARIA II GRADO;753
TOEE065019;201617;NORD OVEST;10141,0;L219;TOEE065008;"D.D. TORINO - ""SALGARI""";SALGARI-VIA BERTA;NORMALE;TORINO;SCUOLA PRIMARIA;NO;Non Disponibile;TOEE065008@istruzione.it;Non Disponibile;VIA BERTA 15;TORINO;PIEMONTE;SI;http//share.dschola.it/salgari;True;7,653420599999999;45,058899200000006;SCUOLA PRIMARIA;247
TORC052017;201617;NORD OVEST;10121,0;L219;TOIS052008;I.I.S. P. BOSELLI;PROF. COMM. E SOCIO-SANIT. PAOLO BOSELLI;NORMALE;TORINO;IST PROF PER I SERVIZI COMMERCIALI E TURISTICI;NO;Non Disponibile;TOIS052008@istruzione.it;Non Disponibile;VIA MONTECUCCOLI12;TORINO;PIEMONTE;SI;www.istitutoboselli.it;True;7,670993500000002;45,070437;SCUOLA SECONDARIA II GRADO;639
TORI030002;201617;NORD OVEST;10141,0;L219;TORI030002;G. PLANA;G. PLANA;NORMALE;TORINO;IST PROF INDUSTRIA E ARTIGIANATO;SI;Non Disponibile;TORI030002@istruzione.it;tori030002@pec.istruzione.it;PIAZZA ROBILANT5;TORINO;PIEMONTE;SI;www.ipiaplana.it;True;7,6454219;45,0610451;SCUOLA SECONDARIA II GRADO;800
TOTD05201E;201617;NORD OVEST;10121,0;L219;TOIS052008;I.I.S. P. BOSELLI;ISTITUTO TECNICO TURISTICO PAOLO BOSELLI;NORMALE;TORINO;ISTITUTO TECNICO COMMERCIALE;NO;Non Disponibile;TOIS052008@istruzione.it;Non Disponibile;VIA MONTECUCCOLI 12;TORINO;PIEMONTE;SI;www.istitutoboselli.it;True;7,670993500000002;45,070437;SCUOLA SECONDARIA II GRADO;389
TOPS340002;201617;NORD OVEST;10123,0;L219;TOPS340002;LS P. GOBETTI;LS P. GOBETTI;NORMALE;TORINO;LICEO SCIENTIFICO;SI;Non Disponibile;TOPS340002@istruzione.it;tops340002@pec.istruzione.it;VIA MARIA VITTORIA 39 BIS;TORINO;PIEMONTE;SI;http//www.lsgobettitorino.gov.it;True;7,691990299999999;45,065312;SCUOLA SECONDARIA II GRADO;1074
TOMM8BE01R;201617;NORD OVEST;10152,0;L219;TOIC8BE00Q;I.C. TORINO II;I.C. TORINO II - MORELLI - TO;NORMALE;TORINO;SCUOLA PRIMO GRADO;NO;Non Disponibile;TOIC8BE00Q@istruzione.it;Non Disponibile;VIA CECCHI 18;TORINO;PIEMONTE;SI;www.ictorino2.gov.it;True;7,682521799999999;45,086026399999994;SCUOLA SECONDARIA I GRADO;253
TOEE016058;201617;NORD OVEST;10128,0;L219;TOEE016003;"D.D. TORINO - ""COPPINO""";COPPINO - RIGNON;NORMALE;TORINO;SCUOLA PRIMARIA;NO;Non Disponibile;TOEE016003@istruzione.it;Non Disponibile;VIA MASSENA 39;TORINO;PIEMONTE;SI;www.circolodidatticocoppino.it;True;7,6716564;45,0591902;SCUOLA PRIMARIA;253
TOEE8BE01T;201617;NORD OVEST;10152,0;L219;TOIC8BE00Q;I.C. TORINO II;I.C. TORINO II -PARINI;NORMALE;TORINO;SCUOLA PRIMARIA;NO;Non Disponibile;TOIC8BE00Q@istruzione.it;Non Disponibile;CORSO GIULIO CESARE 26;TORINO;PIEMONTE;SI;www.ictorino2.gov.it;True;7,6880004999999985;45,08301789999999;SCUOLA PRIMARIA;300
TOEE016047;201617;NORD OVEST;10129,0;L219;TOEE016003;"D.D. TORINO - ""COPPINO""";COPPINO - FALLETTI DI BAROLO;NORMALE;TORINO;SCUOLA PRIMARIA;NO;Non Disponibile;TOEE016003@istruzione.it;Non Disponibile;VIA CASSINI 98;TORINO;PIEMONTE;SI;www.circolodidatticocoppino.it;True;7,6591871;45,051324900000004;SCUOLA PRIMARIA;234
TOEE06905R;201617;NORD OVEST;10136,0;L219;TOEE06900G;"D.D. TORINO - ""GOBETTI""";GOBETTI-SCLARANDI;NORMALE;TORINO;SCUOLA PRIMARIA;NO;Non Disponibile;TOEE06900G@istruzione.it;Non Disponibile;VIA BALTIMORA 171;TORINO;PIEMONTE;SI;http//www.scuolagobettitorino.gov.it;True;7,6310655;45,04848639999999;SCUOLA PRIMARIA;387
TOEE04705X;201617;NORD OVEST;10121,0;L219;TOEE04700P;"D.D. TORINO - ""PACCHIOTTI""";PACCHIOTTI - CARDUCCI;NORMALE;TORINO;SCUOLA PRIMARIA;NO;Non Disponibile;TOEE04700P@istruzione.it;Non Disponibile;CORSO MATTEOTTI 6;TORINO;PIEMONTE;SI;WWW.DDPACCHIOTTI.GOV.IT;True;7,677249000000001;45,065714;SCUOLA PRIMARIA;131
TOMM878019;201617;NORD OVEST;10147,0;L219;TOIC878008;I.C. TORINO - UMBERTO SABA;I.C. UMBERTO SABA - TORINO;NORMALE;TORINO;SCUOLA PRIMO GRADO;NO;Non Disponibile;TOIC878008@istruzione.it;Non Disponibile;VIA LORENZINI 4;TORINO;PIEMONTE;SI;www.icsabatorino.gov;True;7,678067499999999;45,10007410000001;SCUOLA SECONDARIA I GRADO;621
TORH010009;201617;NORD OVEST;10136,0;L219;TORH010009;RH G. COLOMBATTO;RH G. COLOMBATTO;NORMALE;TORINO;IST PROF PER I SERVIZI ALBERGHIERI E RISTORAZIONE;SI;Non Disponibile;TORH010009@istruzione.it;torh010009@pec.istruzione.it;VIA GORIZIA 7;TORINO;PIEMONTE;SI;www.ipcolombatto.gov.it;True;7,642672999999998;45,05313820000001;SCUOLA SECONDARIA II GRADO;1361
TOPS018017;201617;NORD OVEST;10154,0;L219;TOIS01800R;EINSTEIN;EINSTEIN;NORMALE;TORINO;LICEO SCIENTIFICO;NO;Non Disponibile;TOIS01800R@istruzione.it;Non Disponibile;VIA PACINI28;TORINO;PIEMONTE;SI;www.liceoeinsteintorino.it;True;7,699407099999999;45,0857013;SCUOLA SECONDARIA II GRADO;508
TOEE04704V;201617;NORD OVEST;10122,0;L219;TOEE04700P;"D.D. TORINO - ""PACCHIOTTI""";PACCHIOTTI SCLOPIS;NORMALE;TORINO;SCUOLA PRIMARIA;NO;Non Disponibile;TOEE04700P@istruzione.it;Non Disponibile;VIA DEL CARMINE 27;TORINO;PIEMONTE;SI;WWW.DDPACCHIOTTI.GOV.IT;True;7,671907600000001;45,076904299999995;SCUOLA PRIMARIA;225
TOEE86401C;201617;NORD OVEST;10131,0;L219;TOIC86400A;"I.C. TORINO - ""SPINELLI""";SC.INTERN.EUROPEA A.SPINELLI-TO;NORMALE;TORINO;SCUOLA PRIMARIA;NO;Non Disponibile;TOIC86400A@istruzione.it;Non Disponibile;VIA SAN SEBASTIANO PO 6;TORINO;PIEMONTE;SI;www.istitutoaltierospinelli.eu;True;7,725989999999999;45,07083;SCUOLA PRIMARIA;315
TOPC10000P;201617;NORD OVEST;10126,0;L219;TOPC10000P;LC V. ALFIERI;LC V. ALFIERI;NORMALE;TORINO;LICEO CLASSICO;SI;Non Disponibile;TOPC10000P@istruzione.it;topc10000p@pec.istruzione.it;CORSO DANTE 80;TORINO;PIEMONTE;SI;www.liceoalfieri.it;True;7,6778898999999985;45,0463676;SCUOLA SECONDARIA II GRADO;1106
TORC090001;201617;NORD OVEST;10152,0;L219;TORC090001;ALBE STEINER;ALBE STEINER;NORMALE;TORINO;IST PROF PER I SERVIZI PUBBLICITARI;SI;Non Disponibile;TORC090001@istruzione.it;torc090001@pec.istruzione.it;LUNGO DORA AGRIGENTO 20/A;TORINO;PIEMONTE;SI;www.istitutoalbesteiner.it;True;7,6858397;45,08096079999999;SCUOLA SECONDARIA II GRADO;967
TOPM018018;201617;NORD OVEST;10154,0;L219;TOIS01800R;EINSTEIN;EINSTEIN;NORMALE;TORINO;ISTITUTO MAGISTRALE;NO;Non Disponibile;TOIS01800R@istruzione.it;Non Disponibile;VIA BOLOGNA N. 183;TORINO;PIEMONTE;SI;http//www.liceoeinsteintorino.it;True;7,710057300000001;45,0896469;SCUOLA SECONDARIA II GRADO;734
TOPS047017;201617;NORD OVEST;10137,0;L219;TOIS04700R;I.I.S. GALILEI - FERRARI;GALILEI - FERRARI;NORMALE;TORINO;LICEO SCIENTIFICO;NO;Non Disponibile;TOIS04700R@istruzione.it;Non Disponibile;VIA GAIDANO 126;TORINO;PIEMONTE;SI;WWW.galileiferrari.it;True;7,6219722999999995;45,04241649999999;SCUOLA SECONDARIA II GRADO;40
TOEE017032;201617;NORD OVEST;10149,0;L219;TOEE01700V;"D.D. TORINO - ""COSTA""";COSTA - GOZZANO;NORMALE;TORINO;SCUOLA PRIMARIA;NO;Non Disponibile;TOEE01700V@istruzione.it;Non Disponibile;CORSO TOSCANA 88;TORINO;PIEMONTE;SI;http//ddninocostatorino.gov.it/;True;7,653849999999998;45,098009999999995;SCUOLA PRIMARIA;447
TOEE047061;201617;NORD OVEST;10121,0;L219;TOEE04700P;"D.D. TORINO - ""PACCHIOTTI""";PACCHIOTTI - RICARDI DI NETRO;NORMALE;TORINO;SCUOLA PRIMARIA;NO;Non Disponibile;TOEE04700P@istruzione.it;Non Disponibile;VIA VALFRE' 8;TORINO;PIEMONTE;SI;WWW.DDPACCHIOTTI.GOV.IT;True;7,671148000000001;45,0706961;SCUOLA PRIMARIA;222
TOEE01701X;201617;NORD OVEST;10151,0;L219;TOEE01700V;"D.D. TORINO - ""COSTA""";NINO COSTA;NORMALE;TORINO;SCUOLA PRIMARIA;NO;Non Disponibile;TOEE01700V@istruzione.it;Non Disponibile;VIA AMBROSINI 1;TORINO;PIEMONTE;SI;http//ddninocostatorino.gov.it/;True;7,643179099999999;45,103697;SCUOLA PRIMARIA;232
TORI04702D;201617;NORD OVEST;10126,0;L219;TOIS04700R;I.I.S. GALILEI - FERRARI;G. GALILEI;NORMALE;TORINO;IST PROF INDUSTRIA E ARTIGIANATO;NO;Non Disponibile;TOIS04700R@istruzione.it;Non Disponibile;VIA LAVAGNA 8;TORINO;PIEMONTE;SI;www.galileiferrari.it;True;7,669299999999999;45,03348;SCUOLA SECONDARIA II GRADO;384
TOPS01500P;201617;NORD OVEST;10124,0;L219;;;CAIROLI;;TORINO;SCUOLA SEC. SECONDO GRADO NON STATALE;;;GIELLENA@TIN.IT;Non Disponibile;V.S.TERESA 20;TORINO;PIEMONTE;SI;WWW.liceocairoli.eu;False;7,6799216;45,0695474;SCUOLA SECONDARIA II GRADO;92
TOPL01500D;201617;NORD OVEST;10133,0;L219;;;ADORAZIONE CADORNA;;TORINO;SCUOLA SEC. SECONDO GRADO NON STATALE;;;SEGRETERIA@ADORAZIONE.IT;Non Disponibile;V.LE CURRENO 21;TORINO;PIEMONTE;SI;www.adorazione.it;False;7,6947132;45,054145399999996;SCUOLA SECONDARIA II GRADO;14
TO1M03500X;201617;NORD OVEST;10125,0;L219;;;PROTETTE S.GIUSEPPE;;TORINO;SCUOLA SEC. PRIMO GRADO NON STATALE;;;Non Disponibile;Non Disponibile;VIA BIDONE 33;TORINO;PIEMONTE;SI;www.scuolaprotettesangiuseppe.it;False;7,6807140999999985;45,0521526;SCUOLA SECONDARIA I GRADO;32
TO1M056001;201617;NORD OVEST;10133,0;L219;;;VALSALICE;;TORINO;SCUOLA SEC. PRIMO GRADO NON STATALE;;;SCUOLA@LICEOVALSALICE.IT;Non Disponibile;V.LE THOVEZ 37;TORINO;PIEMONTE;SI;www.liceovalsalice.it;False;7,702055000000001;45,0543984;SCUOLA SECONDARIA I GRADO;200
TO1E024008;201617;NORD OVEST;10144,0;L219;;;"""FAA DI BRUNO""";;TORINO;SCUOLA PRIMARIA NON STATALE;;;scuole@faadibruno.it;Non Disponibile;VIA SAN DONATO 31;TORINO;PIEMONTE;SI;www.scuolafaadibruno.it;False;7,664972200000001;45,079953700000004;SCUOLA PRIMARIA;230
TO1E02700Q;201617;NORD OVEST;10152,0;L219;;;"""MARIA AUSILIATRICE""";;TORINO;SCUOLA PRIMARIA NON STATALE;;;segreteria.liceo@liceoausiliatrice.it;segreteriato27@pec.fma-ipi.it;PIAZZA MARIA AUSILIATRICE27;TORINO;PIEMONTE;SI;http//www.istitutomariausiliatrice.it/;False;7,675251599999998;45,0802609;SCUOLA PRIMARIA;282
TO1E02600X;201617;NORD OVEST;10141,0;L219;;;"""MADRE MAZZARELLO""";;TORINO;SCUOLA PRIMARIA NON STATALE;;;Non Disponibile;Non Disponibile;VIA CUMIANA 14;TORINO;PIEMONTE;SI;www.mazzarello.it;False;7,6433792999999985;45,0661666;SCUOLA PRIMARIA;287
TO1E03400V;201617;NORD OVEST;10145,0;L219;;;SS.NATALE;;TORINO;SCUOLA PRIMARIA NON STATALE;;;Non Disponibile;Non Disponibile;VIA PIEDICAVALLO 5;TORINO;PIEMONTE;SI;www.ssnatale.it;False;7,642187;45,076015999999996;SCUOLA PRIMARIA;215
TOPL03500P;201617;NORD OVEST;10123,0;L219;;;VITTORIA;;TORINO;SCUOLA SEC. SECONDO GRADO NON STATALE;;;info@vittoriaweb.it;Non Disponibile;V.DELLE ROSINE 14;TORINO;PIEMONTE;SI;http//www.vittoriaweb.it;False;7,6910523;45,06473889999999;SCUOLA SECONDARIA II GRADO;175
TO1M05700R;201617;NORD OVEST;10145,0;L219;;;SS.NATALE;;TORINO;SCUOLA SEC. PRIMO GRADO NON STATALE;;;Non Disponibile;Non Disponibile;V.PIEDICAVALLO 5;TORINO;PIEMONTE;SI;www.ssnatale.it;False;7,642187;45,076015999999996;SCUOLA SECONDARIA I GRADO;72
TO1E033003;201617;NORD OVEST;10148,0;L219;;;"SAN GIUSEPPE CAFASSO""";;TORINO;SCUOLA PRIMARIA NON STATALE;;;SCUOLACAFASSO@TIN.IT;Non Disponibile;VIA R. BETTAZZI 6;TORINO;PIEMONTE;SI;WWW.SCUOLACAFASSO.IT;False;7,6833075000000015;45,105832;SCUOLA PRIMARIA;229
TOPQ04500Q;201617;NORD OVEST;10141,0;L219;;;MAZZARELLO;;TORINO;SCUOLA SEC. SECONDO GRADO NON STATALE;;;Non Disponibile;Non Disponibile;V.CUMIANA 2;TORINO;PIEMONTE;SI;www.liceomazzarello.it;False;7,643653599999999;45,0665866;SCUOLA SECONDARIA II GRADO;112
TO1E05800B;201617;NORD OVEST;10155,0;L219;;;CAROLINA BELTRAMI - ISTITUTO SUORE IMMACOLATINE;;TORINO;SCUOLA PRIMARIA NON STATALE;;;Non Disponibile;SC.PRIMARIATORINO.BELTRAMI@M2PEC.IT;VIA VESTIGNE 7;TORINO;PIEMONTE;SI;Non Disponibile;False;7,692903;45,0937022;SCUOLA PRIMARIA;123
TO1E041002;201617;NORD OVEST;10126,0;L219;;;SAN MICHELE;;TORINO;SCUOLA PRIMARIA NON STATALE;;;SCUOLA@SCUOLASANMICHELE.ORG;Non Disponibile;VIA ABEGG 19;TORINO;PIEMONTE;SI;Non Disponibile;False;7,6719520999999995;45,040370700000004;SCUOLA PRIMARIA;93
TOPS07500A;201617;NORD OVEST;10123,0;L219;;;S.GIUSEPPE;;TORINO;SCUOLA SEC. SECONDO GRADO NON STATALE;;;DIREZIONE@COLLEGIOSANGIUSEPPE.IT;Non Disponibile;V.S.FRANCESCO DA PAOLA 23;TORINO;PIEMONTE;SI;Non Disponibile;False;7,686222;45,06354049999999;SCUOLA SECONDARIA II GRADO;73
TO1E03500P;201617;NORD OVEST;10135,0;L219;;;"""VIRGINIA AGNELLI""";;TORINO;SCUOLA PRIMARIA NON STATALE;;;TOAGNELLISEGR@FMA-IPI.IT;TORINOAGNELLI@PEC.FMA-IPI.IT;VIA PAOLO SARPI 123;TORINO;PIEMONTE;SI;www.virginiaagnelli.it;False;7,6427197;45,0310439;SCUOLA PRIMARIA;406
TOTF01500R;201617;NORD OVEST;10135,0;L219;;;AGNELLI EDOARDO;;TORINO;SCUOLA SEC. SECONDO GRADO NON STATALE;;;Non Disponibile;AGNELLI.TORINO@PEC.SALESIANIPIEMONTE.IT;C.O UNIONE SOVIETICA 312;TORINO;PIEMONTE;SI;www.agnelli.it;False;7,6446682;45,031872;SCUOLA SECONDARIA II GRADO;164
TOTF055007;201617;NORD OVEST;10144,0;L219;;;INTERNAZIONALE;;TORINO;SCUOLA SEC. SECONDO GRADO NON STATALE;;;internazion@hotmail.com;Non Disponibile;V.BONZANIGO 8;TORINO;PIEMONTE;SI;www.internazionale.biz;False;7,6691759999999976;45,079742100000004;SCUOLA SECONDARIA II GRADO;78
TOPS04500E;201617;NORD OVEST;10135,0;L219;;;EDOARDO AGNELLI;;TORINO;SCUOLA SEC. SECONDO GRADO NON STATALE;;;Non Disponibile;AGNELLI.TORINO@PEC.SALESIANIPIEMONTE.IT;CORSO UNIONE SOVIETICA 312;TORINO;PIEMONTE;SI;www.istitutoagnelli.it;False;7,6446682;45,031872;SCUOLA SECONDARIA II GRADO;211
TO1E00700E;201617;NORD OVEST;10136,0;L219;;;"""GESU' BAMBINO""";;TORINO;SCUOLA PRIMARIA NON STATALE;;;Non Disponibile;Non Disponibile;VIA CAPRERA 46;TORINO;PIEMONTE;SI;Non Disponibile;False;7,6466865;45,050520299999995;SCUOLA PRIMARIA;262
TO1E03700A;201617;NORD OVEST;10143,0;L219;;;SACRA FAMIGLIA;;TORINO;SCUOLA PRIMARIA NON STATALE;;;SEGRETERIA@COLLEGIOSACRAFAMIGLIA.IT;Non Disponibile;VIA ROSALINO PILO 24;TORINO;PIEMONTE;SI;www.collegiosacrafamiglia.it;False;7,6481287999999985;45,078072600000006;SCUOLA PRIMARIA;270
TO1M05100T;201617;NORD OVEST;10152,0;L219;;;COTTOLENGO;;TORINO;SCUOLA SEC. PRIMO GRADO NON STATALE;;;SCUOLE.COTTOLENGO@GMAIL.COM;Non Disponibile;V.COTTOLENGO 14;TORINO;PIEMONTE;SI;Non Disponibile;False;7,680588599999999;45,079274100000006;SCUOLA SECONDARIA I GRADO;142
TO1E03600E;201617;NORD OVEST;10152,0;L219;;;COTTOLENGO;;TORINO;SCUOLA PRIMARIA NON STATALE;;;SCUOLE.COTTOLENGO@GMAIL.COM;Non Disponibile;VIA COTTOLENGO 14;TORINO;PIEMONTE;SI;Non Disponibile;False;7,680588599999999;45,079274100000006;SCUOLA PRIMARIA;241
TO1E00600P;201617;NORD OVEST;10125,0;L219;;;"""COLONNA E FINZI""";;TORINO;SCUOLA PRIMARIA NON STATALE;;;DIREZIONESCOLASTICA@TORINOEBRAICA.IT;Non Disponibile;VIA S.ANSELMO 7;TORINO;PIEMONTE;SI;www.scuola-ebraica-torino.it;False;7,6817940999999985;45,0601146;SCUOLA PRIMARIA;94
TO1M050002;201617;NORD OVEST;10152,0;L219;;;M.AUSILIATRICE;;TORINO;SCUOLA SEC. PRIMO GRADO NON STATALE;;;segreteria.liceo@liceoausiliatrice.it;segreteriato27@pec.fma-ipi.it;P.ZA M.AUSILIATRICE 27;TORINO;PIEMONTE;SI;http//www.istitutomariausiliatrice.it;False;7,675251599999998;45,0802609;SCUOLA SECONDARIA I GRADO;123
TO1M03200C;201617;NORD OVEST;10128,0;L219;;;S.ANNA;;TORINO;SCUOLA SEC. PRIMO GRADO NON STATALE;;;istituto.santanna32@libero.it;Non Disponibile;V.MASSENA 36;TORINO;PIEMONTE;SI;wwww.istituto-santanna.it;False;7,6724488;45,0605475;SCUOLA SECONDARIA I GRADO;77
TO1E02200L;201617;NORD OVEST;10123,0;L219;;;COLLEGIO SAN GIUSEPPE;;TORINO;SCUOLA PRIMARIA NON STATALE;;;direzione@collegiosangiuseppe.it;Non Disponibile;VIA SAN FRANCESCO DA PAOLA 23;TORINO;PIEMONTE;SI;Non Disponibile;False;7,686222;45,06354049999999;SCUOLA PRIMARIA;187
TO1E05200C;201617;NORD OVEST;10143,0;L219;;;M. MONTESSORI;;TORINO;SCUOLA PRIMARIA NON STATALE;;;info@scuolamontessori.it;Non Disponibile;VIA MIGLIARA 7;TORINO;PIEMONTE;SI;www.scuolamontessori.it;False;7,659095699999999;45,0792503;SCUOLA PRIMARIA;90
TOPM035001;201617;NORD OVEST;10152,0;L219;;;M.AUSILIATRICE;;TORINO;SCUOLA SEC. SECONDO GRADO NON STATALE;;;segreteria.liceo@liceoausiliatrice.it;segreteriato27@pec.fma-ipi.it;P.ZA M.AUSILIATRICE 27;TORINO;PIEMONTE;SI;www.liceoausiliatrice.it;False;7,675251599999998;45,0802609;SCUOLA SECONDARIA II GRADO;123
TO1E040006;201617;NORD OVEST;10136,0;L219;;;SOCIALE;;TORINO;SCUOLA PRIMARIA NON STATALE;;;INFO@ISTITUTOSOCIALE.IT;Non Disponibile;CORSO SIRACUSA 10;TORINO;PIEMONTE;SI;www.istitutosociale.it;False;7,633800099999998;45,0547467;SCUOLA PRIMARIA;210
TO1M02900L;201617;NORD OVEST;10125,0;L219;;;ARTOM EMANUELE;;TORINO;SCUOLA SEC. PRIMO GRADO NON STATALE;;;DIREZIONESCOLASTICA@TORINOEBRAICA.IT;Non Disponibile;V.S.ANSELMO 7;TORINO;PIEMONTE;SI;www.scuola-ebraica-torino.it;False;7,6817940999999985;45,0601146;SCUOLA SECONDARIA I GRADO;53
TO1M054009;201617;NORD OVEST;10154,0;L219;;;RUA;;TORINO;SCUOLA SEC. PRIMO GRADO NON STATALE;;;Non Disponibile;Non Disponibile;V.PAISIELLO 44;TORINO;PIEMONTE;SI;http//www.michelerua.it/media;False;7,7011987999999985;45,090989799999996;SCUOLA SECONDARIA I GRADO;167
TO1E02100R;201617;NORD OVEST;10154,0;L219;;;"""SAN DOMENICO SAVIO""";;TORINO;SCUOLA PRIMARIA NON STATALE;;;Non Disponibile;Non Disponibile;VIA PAISIELLO 37;TORINO;PIEMONTE;SI;www.michelerua.it/primaria;False;7,7013162;45,0915161;SCUOLA PRIMARIA;258
TO1E02900B;201617;NORD OVEST;10128,0;L219;;;PRINCIPESSA CLOTILDE DI SAVOIA;;TORINO;SCUOLA PRIMARIA NON STATALE;;;scprincipessa.clotilde@fastwebnet.it;Non Disponibile;VIA MAGENTA 29;TORINO;PIEMONTE;SI;Non Disponibile;False;7,6710056999999985;45,064541399999996;SCUOLA PRIMARIA;65
TO1E038006;201617;NORD OVEST;10121,0;L219;;;SUORE FRANCESCANE ANGELINE;;TORINO;SCUOLA PRIMARIA NON STATALE;;;Non Disponibile;Non Disponibile;VIA GIUSTI 6;TORINO;PIEMONTE;SI;www.isfa.it;False;7,666435499999999;45,070101799999996;SCUOLA PRIMARIA;117
TOSL01500G;201617;NORD OVEST;10126,0;L219;;;GERMANA ERBA;;TORINO;SCUOLA SEC. SECONDO GRADO NON STATALE;;;Non Disponibile;LICEOTNT@PEC.LICEOTEATRONUOVO.COM;C.SO M.D'AZEGLIO 17;TORINO;PIEMONTE;SI;www.liceogermanaerba.it;False;7,6814458;45,0485412;SCUOLA SECONDARIA II GRADO;156
TO1M05200N;201617;NORD OVEST;10152,0;L219;;;DON BOSCO;;TORINO;SCUOLA SEC. PRIMO GRADO NON STATALE;;;SCUOLAMEDIA@VALDOCCO.IT;Non Disponibile;V.M.AUSILIATRICE 32;TORINO;PIEMONTE;SI;Non Disponibile;False;7,6759955;45,0810715;SCUOLA SECONDARIA I GRADO;264
TO1E003007;201617;NORD OVEST;10133,0;L219;;;ADORAZIONE CADORNA;;TORINO;SCUOLA PRIMARIA NON STATALE;;;SEGRETERIA@ADORAZIONE.IT;Non Disponibile;VIALE CURRENO 21;TORINO;PIEMONTE;SI;www.adorazione.it;False;7,6947132;45,054145399999996;SCUOLA PRIMARIA;191
TO1E032007;201617;NORD OVEST;10125,0;L219;;;PROTETTE DI SAN GIUSEPPE;;TORINO;SCUOLA PRIMARIA NON STATALE;;;PROTETTESANGIP@LIBERO.IT;Non Disponibile;VIA BIDONE 33;TORINO;PIEMONTE;SI;Non Disponibile;False;7,6807140999999985;45,0521526;SCUOLA PRIMARIA;92
TO1M04500E;201617;NORD OVEST;10141,0;L219;;;MADRE MAZZARELLO;;TORINO;SCUOLA SEC. PRIMO GRADO NON STATALE;;;Non Disponibile;Non Disponibile;V.CUMIANA 14;TORINO;PIEMONTE;SI;www.mazzarello.it;False;7,6433792999999985;45,0661666;SCUOLA SECONDARIA I GRADO;175
TO1E00100G;201617;NORD OVEST;10128,0;L219;;;"""SANT'ANNA""";;TORINO;SCUOLA PRIMARIA NON STATALE;;;istituto.santanna32@libero.it;Non Disponibile;VIA MASSENA 36;TORINO;PIEMONTE;SI;www.istituto-santanna.it;False;7,6724488;45,0605475;SCUOLA PRIMARIA;215
TO1E03000G;201617;NORD OVEST;10131,0;L219;;;BUON CONSIGLIO;;TORINO;SCUOLA PRIMARIA NON STATALE;;;BUON.CONSIGLIO@INFINITO.IT;Non Disponibile;VIA SFORZESCA 6;TORINO;PIEMONTE;SI;www.buonconsigliotorino.it;False;7,6965872000000015;45,0575696;SCUOLA PRIMARIA;104
TO1E00500V;201617;NORD OVEST;10122,0;L219;;;"""SANT'ANNA""";;TORINO;SCUOLA PRIMARIA NON STATALE;;;direzione.santanna@tiscali.it;Non Disponibile;VIA DELLA CONSOLATA 20;TORINO;PIEMONTE;SI;scuolasantannaviaconsolata-to.it.;False;7,6792962;45,077625399999995;SCUOLA PRIMARIA;105
TO1M048002;201617;NORD OVEST;10144,0;L219;;;FAA' DI BRUNO;;TORINO;SCUOLA SEC. PRIMO GRADO NON STATALE;;;scuole@faadibruno.it;Non Disponibile;V.LE CHIUSE 40;TORINO;PIEMONTE;SI;www.scuolafaadibruno.it;False;7,664022900000001;45,0795624;SCUOLA SECONDARIA I GRADO;88
TO1M04600A;201617;NORD OVEST;10143,0;L219;;;SACRA FAMIGLIA;;TORINO;SCUOLA SEC. PRIMO GRADO NON STATALE;;;SEGRETERIA@COLLEGIOSACRAFAMIGLIA.IT;Non Disponibile;V.ROSALINO PILO 24;TORINO;PIEMONTE;SI;www.collegiosacrafamiglia.it;False;7,6481287999999985;45,078072600000006;SCUOLA SECONDARIA I GRADO;145
TO1E6R5003;201617;NORD OVEST;10129,0;L219;;;BEST;;TORINO;SCUOLA PRIMARIA NON STATALE;;;info@besttorino.com;Non Disponibile;CORSO TRENTO;TORINO;PIEMONTE;SI;Non Disponibile;False;7,664555599999999;45,060204299999995;SCUOLA PRIMARIA;86
TO1M02800R;201617;NORD OVEST;10124,0;L219;;;SCUOLA SEC. I GRADO MADRE CABRINI;;TORINO;SCUOLA SEC. PRIMO GRADO NON STATALE;;;CABRINI.TO@TIN.IT;Non Disponibile;V.ARTISTI 4;TORINO;PIEMONTE;SI;ww.istitutocabrinitorino.it;False;7,6944075;45,0707276;SCUOLA SECONDARIA I GRADO;42
TORI46500C;201617;NORD OVEST;10139,0;L219;;;F.FELLINI;;TORINO;SCUOLA SEC. SECONDO GRADO NON STATALE;;;INFO@ISTITUTOFELLINI.IT;Non Disponibile;C.SO TRAPANI25;TORINO;PIEMONTE;SI;Non Disponibile;False;7,639630200000001;45,0700157;SCUOLA SECONDARIA II GRADO;84
TOPS76500T;201617;NORD OVEST;10128,0;L219;;;S.ANNA;;TORINO;SCUOLA SEC. SECONDO GRADO NON STATALE;;;Non Disponibile;Non Disponibile;V.MASSENA 36;TORINO;PIEMONTE;SI;wwww.istituto-santanna.it;False;7,6724488;45,0605475;SCUOLA SECONDARIA II GRADO;126
TO1E004003;201617;NORD OVEST;10134,0;L219;;;"""PRINCIPE VITTORIO EMANUELE""";;TORINO;SCUOLA PRIMARIA NON STATALE;;;ist.pve@libero.it;Non Disponibile;CORSO UNIONE SOVIETICA 170;TORINO;PIEMONTE;SI;www.istitutoprincipevittorioemanuele.it;False;7,655392999999999;45,041349;SCUOLA PRIMARIA;108
TOPS105001;201617;NORD OVEST;10131,0;L219;;;VALSALICE;;TORINO;SCUOLA SEC. SECONDO GRADO NON STATALE;;;SCUOLA@LICEOVALSALICE.IT;Non Disponibile;V.LE THOVEZ 37;TORINO;PIEMONTE;SI;www.liceovalsalice.it;False;7,702055000000001;45,0543984;SCUOLA SECONDARIA II GRADO;397
TO1E07500P;201617;NORD OVEST;10133,0;L219;;;SAINT DENIS SCHOOL;;TORINO;SCUOLA PRIMARIA NON STATALE;;;Non Disponibile;Non Disponibile;CORSO MONCALIERI52/A;TORINO;PIEMONTE;SI;www.saintdenisschool.it;False;7,691747500000001;45,05592;SCUOLA PRIMARIA;106
TO1M039007;201617;NORD OVEST;10135,0;L219;;;AGNELLI EDOARDO;;TORINO;SCUOLA SEC. PRIMO GRADO NON STATALE;;;Non Disponibile;AGNELLI.TORINO@PEC.SALESIANIPIEMONTE.IT;C.O UNIONE SOVIETICA 312;TORINO;PIEMONTE;SI;www.istitutoagnelli.it;False;7,6446682;45,031872;SCUOLA SECONDARIA I GRADO;399
TO1M026005;201617;NORD OVEST;10123,0;L219;;;S.GIUSEPPE;;TORINO;SCUOLA SEC. PRIMO GRADO NON STATALE;;;DIREZIONE@COLLEGIOSANGIUSEPPE.IT;Non Disponibile;V.S.FRANCESCO PAOLA 23;TORINO;PIEMONTE;SI;Non Disponibile;False;7,686222;45,06354049999999;SCUOLA SECONDARIA I GRADO;78
TOPL66500H;201617;NORD OVEST;10152,0;L219;;;M.AUSILIATRICE;;TORINO;SCUOLA SEC. SECONDO GRADO NON STATALE;;;segreteria.liceo@liceoausiliatrice.it;segreteriato27@pec.fma-ipi.it;P.ZZA M.AUSILIATRICE27;TORINO;PIEMONTE;SI;www.liceoausiliatrice.it;False;7,675251599999998;45,0802609;SCUOLA SECONDARIA II GRADO;62
TOPC04500B;201617;NORD OVEST;10143,0;L219;;;SACRA FAMIGLIA;;TORINO;SCUOLA SEC. SECONDO GRADO NON STATALE;;;SEGRETERIA@COLLEGIOSACRAFAMIGLIA.IT;Non Disponibile;V.ROSALINO PILO 24;TORINO;PIEMONTE;SI;www.collegiosacrafamiglia.it;False;7,6481287999999985;45,078072600000006;SCUOLA SECONDARIA II GRADO;87
TOPS09500G;201617;NORD OVEST;10136,0;L219;;;SOCIALE;;TORINO;SCUOLA SEC. SECONDO GRADO NON STATALE;;;info@istitutosociale.it;Non Disponibile;C.SO SIRACUSA 10/A;TORINO;PIEMONTE;SI;www.istitutosociale.it;False;7,633800099999998;45,0547467;SCUOLA SECONDARIA II GRADO;216
TOPS005004;201617;NORD OVEST;10143,0;L219;;;SACRA FAMIGLIA;;TORINO;SCUOLA SEC. SECONDO GRADO NON STATALE;;;SEGRETERIA@COLLEGIOSACRAFAMIGLIA.IT;Non Disponibile;VIA ROSALINO PILO 24;TORINO;PIEMONTE;SI;www.collegiosacrafamiglia.it;False;7,6481287999999985;45,078072600000006;SCUOLA SECONDARIA II GRADO;112
TOPL20500L;201617;NORD OVEST;10141,0;L219;;;MADRE MAZZARELLO;;TORINO;SCUOLA SEC. SECONDO GRADO NON STATALE;;;Non Disponibile;Non Disponibile;VIA CUMIANA 2;TORINO;PIEMONTE;SI;www.liceomazzarello.it;False;7,643653599999999;45,0665866;SCUOLA SECONDARIA II GRADO;121
TO1E7Z500A;201617;NORD OVEST;10137,0;L219;;;BUDDIES ELEMENTARY SCHOOL;;TORINO;SCUOLA PRIMARIA NON STATALE;;;Non Disponibile;Non Disponibile;CORSO AGNELLI20 C;TORINO;PIEMONTE;SI;Non Disponibile;False;7,6479633;45,042257299999996;SCUOLA PRIMARIA;83
TOPS20500T;201617;NORD OVEST;10141,0;L219;;;MADRE MAZZARELLO;;TORINO;SCUOLA SEC. SECONDO GRADO NON STATALE;;;Non Disponibile;Non Disponibile;V.CUMIANA 2;TORINO;PIEMONTE;SI;www.liceomazzarello.it;False;7,643653599999999;45,0665866;SCUOLA SECONDARIA II GRADO;127
TO1M042003;201617;NORD OVEST;10136,0;L219;;;M.CONSOLATRICE;;TORINO;SCUOLA SEC. PRIMO GRADO NON STATALE;;;Non Disponibile;Non Disponibile;V.CAPRERA 46;TORINO;PIEMONTE;SI;www.mconsolatrice.it;False;7,6466865;45,050520299999995;SCUOLA SECONDARIA I GRADO;94
TOPQ475003;201617;NORD OVEST;10123,0;L219;;;FLORA;;TORINO;SCUOLA SEC. SECONDO GRADO NON STATALE;;;istitutoflora@hotmail.com;Non Disponibile;V.S.FRANCESCO DA PAOLA 42;TORINO;PIEMONTE;SI;www.istitutoflora.eu;False;7,6843976;45,0620328;SCUOLA SECONDARIA II GRADO;52
TO1M041007;201617;NORD OVEST;10136,0;L219;;;SOCIALE;;TORINO;SCUOLA SEC. PRIMO GRADO NON STATALE;;;INFO@ISTITUTOSOCIALE.IT;Non Disponibile;C.O SIRACUSA 10;TORINO;PIEMONTE;SI;www.istitutosociale.it;False;7,633800099999998;45,0547467;SCUOLA SECONDARIA I GRADO;131
TOPC06500L;201617;NORD OVEST;10136,0;L219;;;SOCIALE;;TORINO;SCUOLA SEC. SECONDO GRADO NON STATALE;;;INFO@ISTITUTOSOCIALE.IT;Non Disponibile;C.O SIRACUSA 10;TORINO;PIEMONTE;SI;Non Disponibile;False;7,633800099999998;45,0547467;SCUOLA SECONDARIA II GRADO;89
TO1E025004;201617;NORD OVEST;10124,0;L219;;;SCUOLA PRIMARIA MADRE CABRINI;;TORINO;SCUOLA PRIMARIA NON STATALE;;;CABRINI.TO@TIN.IT;Non Disponibile;VIA ARTISTI 4;TORINO;PIEMONTE;SI;www.istitutocabrinitorino.it;False;7,6944075;45,0707276;SCUOLA PRIMARIA;79
